,,,,,,,,Touches,,,,,,,Take-Ons,,,,,Carries,,,,,,,,Receiving,,
Rk,Player,Nation,Pos,Squad,Age,Born,90s,Touches,Def Pen,Def 3rd,Mid 3rd,Att 3rd,Att Pen,Live,Att,Succ,Succ%,Tkld,Tkld%,Carries,TotDist,PrgDist,PrgC,1/3,CPA,Mis,Dis,Rec,PrgR,Matches
1,Max Aarons,eng ENG,DF,Bournemouth,24,2000,1,73,2,19,40,15,0,73,2,0,0,1,50,41,152,68,1,0,0,1,0,40,3,Matches
2,Joshua Acheampong,eng ENG,DF,Chelsea,18,2006,1.9,137,7,48,81,8,3,137,2,1,50,0,0,106,709,409,0,2,0,2,0,111,0,Matches
3,Tyler Adams,us USA,MF,Bournemouth,25,1999,21.8,1337,62,349,779,224,18,1337,18,4,22.2,10,55.6,663,3337,1447,14,22,1,28,12,757,10,Matches
4,Tosin Adarabioyo,eng ENG,DF,Chelsea,26,1997,15.7,1330,175,630,674,27,14,1330,6,4,66.7,1,16.7,777,3207,1809,5,2,0,4,0,1000,1,Matches
5,Simon Adingra,ci CIV,"FW,MF",Brighton,22,2002,12.2,548,10,66,174,315,76,548,50,21,42,27,54,366,2514,1300,50,21,27,39,12,388,136,Matches
6,Emmanuel Agbadou,ci CIV,DF,Wolves,27,1997,15.7,1172,190,649,504,28,7,1172,13,10,76.9,2,15.4,758,3670,1752,6,4,0,6,4,796,2,Matches
7,Asher Agbinone,eng ENG,MF,Crystal Palace,18,2005,0.1,8,0,0,2,6,0,8,2,0,0,1,50,5,53,23,2,0,0,0,1,5,1,Matches
8,Ola Aina,ng NGA,DF,Nott'ham Forest,27,1996,33.3,1708,156,613,717,409,22,1708,72,33,45.8,27,37.5,749,4798,2787,67,46,10,44,22,823,67,Matches
9,Rayan Aït-Nouri,dz ALG,DF,Wolves,23,2001,34.5,2148,96,577,916,685,96,2148,137,63,46,56,40.9,1129,6166,3205,89,62,28,52,47,1321,176,Matches
10,Kristoffer Ajer,no NOR,DF,Brentford,26,1998,16,795,53,265,368,168,38,795,16,7,43.8,8,50,387,2098,1180,27,11,2,15,12,491,44,Matches
11,Manuel Akanji,ch SUI,DF,Manchester City,29,1995,22.4,1881,119,559,920,405,19,1881,2,2,100,0,0,1254,6953,4234,46,64,0,5,5,1483,7,Matches
12,Nathan Aké,nl NED,DF,Manchester City,29,1995,7.5,596,51,205,331,61,5,596,1,1,100,0,0,403,2244,1501,12,12,1,4,3,449,2,Matches
13,Carlos Alcaraz,ar ARG,MF,Southampton,21,2002,0.1,17,0,1,8,9,2,17,2,0,0,2,100,12,112,98,4,1,0,0,0,12,1,Matches
14,Carlos Alcaraz,ar ARG,"FW,MF",Everton,21,2002,8.5,378,15,63,168,156,19,378,18,9,50,7,38.9,211,1331,707,19,21,2,14,13,247,21,Matches
15,Trent Alexander-Arnold,eng ENG,DF,Liverpool,25,1998,26.3,2253,88,593,1014,660,44,2253,37,17,45.9,17,45.9,1184,5358,2860,51,36,9,19,15,1436,94,Matches
16,Alisson,br BRA,GK,Liverpool,31,1992,27.9,1010,741,990,20,0,0,1010,1,1,100,0,0,658,2611,1586,0,0,0,1,0,618,0,Matches
17,Miguel Almirón,py PAR,FW,Newcastle Utd,30,1994,1.7,81,1,10,35,36,9,81,2,1,50,1,50,54,284,93,3,3,2,0,2,59,18,Matches
18,Olabade Aluko,,DF,Leicester City,,,0,6,0,0,6,1,0,6,1,0,0,1,100,2,1,0,0,0,0,0,1,2,0,Matches
19,Edson Álvarez,mx MEX,MF,West Ham,26,1997,19.7,1239,67,361,693,194,12,1239,33,14,42.4,14,42.4,687,3783,1714,24,22,2,27,15,830,18,Matches
20,Will Alves,eng ENG,FW,Leicester City,19,2005,0,1,0,0,0,1,0,1,0,0,,0,,1,5,5,0,0,0,0,0,1,1,Matches
21,Harry Amass,eng ENG,DF,Manchester Utd,17,2007,3.8,250,13,82,88,84,5,250,8,3,37.5,4,50,132,705,376,9,6,2,18,5,124,23,Matches
22,Samuel Amo-Ameyaw,eng ENG,"FW,DF",Southampton,18,2006,0.3,16,0,5,5,7,1,16,4,0,0,3,75,11,98,68,1,0,1,0,2,11,3,Matches
23,Mathis Amougou,fr FRA,MF,Chelsea,18,2006,0.1,9,1,2,4,3,0,9,0,0,,0,,7,25,5,0,1,0,0,1,6,0,Matches
24,Joachim Andersen,dk DEN,DF,Crystal Palace,28,1996,1,93,14,38,50,5,0,93,0,0,,0,,49,189,103,1,1,0,0,1,67,1,Matches
25,Joachim Andersen,dk DEN,DF,Fulham,28,1996,28.7,2336,340,1233,1013,102,22,2336,6,4,66.7,0,0,1350,6505,3435,16,14,1,6,3,1621,2,Matches
Rk,Player,Nation,Pos,Squad,Age,Born,90s,Touches,Def Pen,Def 3rd,Mid 3rd,Att 3rd,Att Pen,Live,Att,Succ,Succ%,Tkld,Tkld%,Carries,TotDist,PrgDist,PrgC,1/3,CPA,Mis,Dis,Rec,PrgR,Matches
26,Elliot Anderson,eng ENG,MF,Nott'ham Forest,21,2002,30.3,1832,102,424,891,547,72,1832,75,36,48,30,40,932,5071,2366,52,32,21,60,49,1089,95,Matches
27,André,br BRA,MF,Wolves,23,2001,27.5,1623,89,439,1046,155,3,1623,32,16,50,12,37.5,912,3764,1688,10,17,0,30,21,1093,11,Matches
28,Michail Antonio,jm JAM,FW,West Ham,34,1990,9.3,296,3,26,124,151,36,296,27,9,33.3,13,48.1,173,1177,695,29,13,9,35,19,221,59,Matches
29,Antony,br BRA,"DF,MF",Manchester Utd,24,2000,1.6,101,2,22,26,54,8,101,11,4,36.4,6,54.5,60,317,182,5,6,1,5,1,69,7,Matches
30,Julian Araujo,mx MEX,DF,Bournemouth,22,2001,5.5,275,20,90,136,55,2,275,1,0,0,1,100,126,482,258,4,3,0,5,2,149,22,Matches
31,Cameron Archer,eng ENG,FW,Southampton,23,2001,16,398,16,69,179,154,52,397,37,15,40.5,20,54.1,226,1182,564,22,10,14,40,26,274,66,Matches
32,Alphonse Areola,fr FRA,GK,West Ham,31,1993,25.1,1049,833,1038,12,0,0,1049,0,0,,0,,601,2480,1348,0,0,0,0,0,555,0,Matches
33,Joe Aribo,ng NGA,"MF,DF",Southampton,28,1996,22.4,1271,52,313,670,299,44,1271,49,21,42.9,22,44.9,745,4068,2021,36,29,12,27,19,925,65,Matches
34,Adam Armstrong,eng ENG,"FW,MF",Southampton,27,1997,13.9,377,11,44,143,192,49,376,14,6,42.9,8,57.1,235,1324,599,25,13,6,11,18,286,79,Matches
35,Harrison Armstrong,eng ENG,MF,Everton,17,2007,0.5,20,0,3,12,7,2,20,1,1,100,0,0,15,110,43,1,2,0,2,3,14,0,Matches
36,Kepa Arrizabalaga,es ESP,GK,Bournemouth,29,1994,31,1087,800,1057,29,1,1,1087,1,1,100,0,0,621,3129,1797,0,0,0,0,0,486,0,Matches
37,Marco Asensio,es ESP,MF,Aston Villa,28,1996,8.3,386,6,38,158,200,30,384,19,12,63.2,5,26.3,242,1466,682,22,21,5,9,8,265,38,Matches
38,Brandon Austin,eng ENG,GK,Tottenham,25,1999,1,36,30,36,0,0,0,36,0,0,,0,,22,104,46,0,0,0,0,0,16,0,Matches
39,Taiwo Awoniyi,ng NGA,FW,Nott'ham Forest,26,1997,4.6,167,5,16,78,74,21,167,9,4,44.4,5,55.6,90,402,183,6,5,2,19,19,113,20,Matches
40,Yasin Ayari,se SWE,MF,Brighton,20,2003,21.8,1233,58,275,624,354,45,1233,45,18,40,18,40,655,3244,1466,30,25,6,38,22,801,61,Matches
41,Jordan Ayew,gh GHA,"FW,MF",Crystal Palace,32,1991,0.2,12,0,0,7,5,1,12,0,0,,0,,6,25,12,0,0,0,0,1,9,1,Matches
42,Jordan Ayew,gh GHA,"FW,MF",Leicester City,32,1991,18.2,798,21,103,407,312,55,797,64,26,40.6,32,50,479,3374,1540,49,37,11,63,40,540,86,Matches
43,Benoît Badiashile,fr FRA,DF,Chelsea,23,2001,3.7,336,31,138,186,13,0,336,1,0,0,1,100,177,660,340,3,5,0,1,0,247,2,Matches
44,Leon Bailey,jm JAM,"FW,MF",Aston Villa,26,1997,12.7,545,18,77,155,323,70,545,57,22,38.6,24,42.1,348,2582,1371,58,23,34,35,25,390,121,Matches
45,Carlos Baleba,cm CMR,MF,Brighton,20,2004,29.6,1697,94,410,994,339,12,1697,57,33,57.9,20,35.1,971,5692,2810,43,45,3,39,42,1035,29,Matches
46,Ross Barkley,eng ENG,MF,Aston Villa,30,1993,6.5,464,17,75,275,121,19,464,16,12,75,4,25,277,1560,733,15,15,2,7,8,328,10,Matches
47,Harvey Barnes,eng ENG,FW,Newcastle Utd,26,1997,19.5,810,17,97,257,462,128,810,64,24,37.5,33,51.6,561,4196,2467,93,48,47,33,23,647,192,Matches
48,Calvin Bassey,ng NGA,DF,Fulham,24,1999,34.2,2463,324,1205,1151,132,19,2463,33,15,45.5,11,33.3,1571,8212,4940,39,20,5,34,8,1716,15,Matches
49,Altay Bayındır,tr TUR,GK,Manchester Utd,26,1998,4,168,145,166,2,0,0,168,0,0,,0,,110,432,196,0,0,0,0,0,103,0,Matches
50,Jan Bednarek,pl POL,DF,Southampton,28,1996,28.1,2049,386,1091,924,41,15,2049,3,3,100,0,0,1046,3845,1742,5,5,1,9,3,1307,2,Matches
Rk,Player,Nation,Pos,Squad,Age,Born,90s,Touches,Def Pen,Def 3rd,Mid 3rd,Att 3rd,Att Pen,Live,Att,Succ,Succ%,Tkld,Tkld%,Carries,TotDist,PrgDist,PrgC,1/3,CPA,Mis,Dis,Rec,PrgR,Matches
51,Armel Bella Kotchap,de GER,DF,Southampton,22,2001,3.7,263,33,147,115,3,1,263,1,0,0,1,100,186,936,326,0,0,0,1,0,192,0,Matches
52,Jean-Ricner Bellegarde,ht HAI,"MF,FW",Wolves,26,1998,18.6,843,24,148,394,318,48,843,61,14,23,31,50.8,528,3269,1573,52,38,11,42,29,592,89,Matches
53,Rodrigo Bentancur,uy URU,MF,Tottenham,27,1997,18.3,1302,76,323,774,216,24,1302,19,9,47.4,8,42.1,764,3568,1502,28,24,5,19,20,848,34,Matches
54,Daniel Bentley,eng ENG,GK,Wolves,31,1993,2,69,50,68,1,0,0,69,0,0,,0,,39,218,134,0,0,0,0,0,26,0,Matches
55,Sander Berge,no NOR,MF,Fulham,26,1998,24.7,1384,81,374,799,217,14,1384,20,11,55,6,30,804,4467,2065,29,25,2,15,16,892,9,Matches
56,Lucas Bergvall,se SWE,MF,Tottenham,18,2006,13.5,885,36,188,478,232,22,885,45,21,46.7,20,44.4,531,3392,1634,33,21,4,20,19,586,31,Matches
57,Victor Bernth Kristiansen,dk DEN,DF,Leicester City,21,2002,27.6,1614,115,577,722,329,17,1614,18,8,44.4,9,50,816,3948,1866,40,26,5,15,13,887,78,Matches
58,Beto,gw GNB,FW,Everton,26,1998,17,520,29,51,233,242,86,520,38,19,50,17,44.7,267,1242,478,15,12,9,71,37,378,77,Matches
59,Philip Billing,dk DEN,MF,Bournemouth,28,1996,2,148,5,20,72,57,12,148,3,1,33.3,0,0,58,254,163,3,1,1,7,4,75,13,Matches
60,Yves Bissouma,ml MLI,MF,Tottenham,27,1996,15.6,1039,71,304,584,159,5,1039,22,7,31.8,15,68.2,610,3602,1611,15,17,0,25,15,704,3,Matches
61,Oscar Bobb,no NOR,FW,Manchester City,21,2003,0.2,15,0,2,6,7,0,15,2,2,100,0,0,10,67,32,1,0,0,0,0,13,1,Matches
62,Lamare Bogarde,nl NED,"DF,MF",Aston Villa,20,2004,5.3,325,16,95,191,40,4,325,4,2,50,1,25,173,1031,599,12,6,1,6,8,212,9,Matches
63,Willy Boly,ci CIV,DF,Nott'ham Forest,33,1991,1.7,97,22,63,32,2,1,97,0,0,,0,,35,128,45,0,0,0,1,0,46,0,Matches
64,Sven Botman,nl NED,DF,Newcastle Utd,24,2000,4.6,304,40,132,160,16,11,304,3,1,33.3,1,33.3,145,670,337,0,1,0,5,1,197,0,Matches
65,Jarrod Bowen,eng ENG,"FW,MF",West Ham,27,1996,33,1252,28,132,466,678,171,1251,130,44,33.8,76,58.5,741,5306,2501,109,46,61,70,77,834,212,Matches
66,Conor Bradley,nir NIR,DF,Liverpool,21,2003,8.4,663,32,197,299,178,43,663,25,10,40,12,48,369,2332,1356,35,22,9,13,5,411,39,Matches
67,Jarrad Branthwaite,eng ENG,DF,Everton,22,2002,27.9,1520,211,783,676,69,28,1520,6,3,50,2,33.3,747,4143,2515,10,14,2,8,4,894,2,Matches
68,James Bree,eng ENG,DF,Southampton,26,1997,11.9,694,49,221,308,170,11,694,8,4,50,2,25,363,1586,808,13,12,1,9,5,443,43,Matches
69,Ben Brereton,cl CHI,FW,Southampton,25,1999,5,206,4,19,76,112,20,206,4,1,25,2,50,136,791,394,12,13,4,9,4,171,42,Matches
70,Nathan Broadhead,wls WAL,"MF,FW",Ipswich Town,26,1998,7.8,317,7,41,161,126,21,317,34,17,50,15,44.1,174,1238,584,20,16,5,19,15,222,33,Matches
71,Armando Broja,al ALB,FW,Everton,22,2001,3.7,127,4,14,47,72,18,127,16,8,50,7,43.8,64,577,281,12,8,3,16,13,94,26,Matches
72,David Brooks,wls WAL,"FW,MF",Bournemouth,27,1997,10.7,545,15,59,207,289,39,545,34,11,32.4,20,58.8,342,2344,1115,35,25,10,30,14,375,83,Matches
73,Emi Buendía,ar ARG,"MF,FW",Aston Villa,27,1996,1.1,82,0,17,35,31,3,82,2,0,0,2,100,53,185,119,3,5,0,4,3,64,6,Matches
74,Santiago Bueno,uy URU,DF,Wolves,25,1998,18.7,1025,170,522,485,21,6,1025,4,0,0,4,100,555,2727,1430,1,2,0,2,2,660,1,Matches
75,Facundo Buonanotte,ar ARG,"FW,MF",Leicester City,19,2004,16.9,874,26,128,452,307,39,874,83,28,33.7,49,59,479,2997,1347,39,26,9,58,39,528,74,Matches
Rk,Player,Nation,Pos,Squad,Age,Born,90s,Touches,Def Pen,Def 3rd,Mid 3rd,Att 3rd,Att Pen,Live,Att,Succ,Succ%,Tkld,Tkld%,Carries,TotDist,PrgDist,PrgC,1/3,CPA,Mis,Dis,Rec,PrgR,Matches
76,Cameron Burgess,au AUS,DF,Ipswich Town,28,1995,17.1,982,248,609,327,48,24,982,0,0,,0,,430,1965,1002,2,4,0,3,0,573,4,Matches
77,Dan Burn,eng ENG,DF,Newcastle Utd,32,1992,37,2386,366,1305,959,130,52,2386,4,3,75,1,25,1346,6322,2798,12,8,1,24,3,1615,14,Matches
78,Wes Burns,wls WAL,"FW,DF",Ipswich Town,29,1994,10.3,350,21,69,129,160,18,350,24,9,37.5,14,58.3,216,1458,696,38,13,10,17,13,220,65,Matches
79,Nathan Butler-Oyedeji,eng ENG,FW,Arsenal,21,2003,0.1,1,0,0,0,1,1,1,0,0,,0,,0,0,0,0,0,0,0,0,0,0,Matches
80,Moisés Caicedo,ec ECU,"MF,DF",Chelsea,22,2001,37.2,2579,95,562,1570,476,15,2579,64,29,45.3,22,34.4,1409,6882,3384,43,38,2,37,25,1780,37,Matches
81,Tom Cairney,sct SCO,MF,Fulham,33,1991,7,683,12,123,347,223,18,683,13,5,38.5,4,30.8,456,2179,1047,18,17,4,6,4,553,33,Matches
82,Jens Cajuste,se SWE,MF,Ipswich Town,24,1999,21.8,1017,61,286,530,217,15,1017,53,28,52.8,19,35.8,481,2609,1329,26,23,3,23,17,594,20,Matches
83,Riccardo Calafiori,it ITA,DF,Arsenal,22,2002,10.9,653,30,164,264,229,30,653,13,9,69.2,3,23.1,308,1655,889,22,15,3,12,5,394,29,Matches
84,Dominic Calvert-Lewin,eng ENG,FW,Everton,27,1997,17.9,520,26,45,215,265,88,520,25,10,40,13,52,280,1445,463,23,8,17,77,33,417,112,Matches
85,Diego Carlos,br BRA,DF,Aston Villa,31,1993,9.2,674,86,331,330,15,6,674,2,2,100,0,0,419,2133,1162,3,3,0,1,2,481,0,Matches
86,Fabio Carvalho,pt POR,"FW,MF",Brentford,21,2002,5.1,247,4,44,91,113,22,247,14,2,14.3,10,71.4,137,698,356,9,3,0,13,8,145,23,Matches
87,Casemiro,br BRA,MF,Manchester Utd,32,1992,16.6,1250,75,374,633,251,43,1250,6,3,50,3,50,660,2047,934,4,10,0,12,10,800,28,Matches
88,Kaelan Casey,eng ENG,DF,West Ham,19,2004,0,1,1,1,0,0,0,1,0,0,,0,,0,0,0,0,0,0,0,0,0,0,Matches
89,Matty Cash,pl POL,DF,Aston Villa,26,1997,23,1186,90,432,463,304,42,1186,40,19,47.5,16,40,595,3700,1864,48,38,4,20,10,654,90,Matches
90,Eiran Cashin,ie IRL,DF,Brighton,22,2001,0.2,32,2,10,20,2,0,32,1,0,0,1,100,21,133,99,0,0,0,0,0,25,1,Matches
91,Timothy Castagne,be BEL,DF,Fulham,28,1995,18.3,1164,92,449,462,259,32,1164,12,5,41.7,5,41.7,547,2191,1044,17,15,2,15,5,665,67,Matches
92,Trevoh Chalobah,eng ENG,DF,Crystal Palace,25,1999,11.8,594,66,275,276,51,14,594,10,6,60,2,20,278,1213,661,11,9,1,4,7,317,6,Matches
93,Trevoh Chalobah,eng ENG,DF,Chelsea,25,1999,10.1,774,73,331,389,59,12,774,5,2,40,1,20,426,1753,772,4,5,1,3,2,574,2,Matches
94,Conor Chaplin,eng ENG,"MF,FW",Ipswich Town,27,1997,9.5,390,7,74,183,138,18,390,8,4,50,4,50,179,910,467,13,9,0,12,5,264,23,Matches
95,Youssef Chermiti,pt POR,"FW,MF",Everton,20,2004,0.5,15,0,0,6,9,3,15,1,1,100,0,0,7,21,2,0,0,0,0,1,13,6,Matches
96,Federico Chiesa,it ITA,FW,Liverpool,26,1997,1.2,46,2,10,15,21,4,46,2,0,0,2,100,31,130,58,3,1,1,3,4,33,7,Matches
97,Ben Chilwell,eng ENG,DF,Crystal Palace,27,1996,2.9,175,10,63,76,42,3,175,6,2,33.3,3,50,68,354,243,5,2,1,4,2,68,15,Matches
98,Chiquinho,pt POR,MF,Wolves,24,2000,0.1,3,0,0,1,2,1,3,0,0,,0,,1,13,5,0,0,0,0,0,2,0,Matches
99,Hamza Choudhury,bd BAN,"MF,DF",Leicester City,26,1997,1.5,100,4,19,61,20,3,100,4,3,75,1,25,63,246,130,4,2,2,1,0,71,6,Matches
100,Ryan Christie,sct SCO,MF,Bournemouth,29,1995,23.5,1376,74,256,773,372,46,1376,48,23,47.9,22,45.8,726,3802,1773,34,40,8,44,25,777,44,Matches
Rk,Player,Nation,Pos,Squad,Age,Born,90s,Touches,Def Pen,Def 3rd,Mid 3rd,Att 3rd,Att Pen,Live,Att,Succ,Succ%,Tkld,Tkld%,Carries,TotDist,PrgDist,PrgC,1/3,CPA,Mis,Dis,Rec,PrgR,Matches
101,Harry Clarke,eng ENG,DF,Ipswich Town,23,2001,4.2,268,18,100,122,47,2,268,2,1,50,1,50,118,555,222,5,7,0,4,2,163,2,Matches
102,Jack Clarke,eng ENG,"FW,MF",Ipswich Town,23,2000,13.1,553,24,125,229,215,38,553,50,25,50,18,36,311,2356,1217,39,21,12,25,22,338,57,Matches
103,Nathaniel Clyne,eng ENG,"DF,MF",Crystal Palace,33,1991,5.4,273,18,111,125,37,3,273,1,0,0,1,100,158,651,314,6,2,3,5,2,178,8,Matches
104,Conor Coady,eng ENG,DF,Leicester City,31,1993,19,1210,234,689,503,20,8,1210,2,1,50,1,50,789,3430,1820,3,3,1,4,3,878,0,Matches
105,Séamus Coleman,ie IRL,DF,Everton,35,1988,2.4,121,12,42,54,26,3,121,5,4,80,1,20,54,310,177,1,2,0,1,1,68,7,Matches
106,Nathan Collins,ie IRL,DF,Brentford,23,2001,38,2435,385,1275,1002,169,69,2435,12,6,50,5,41.7,1289,6994,4130,32,12,1,20,8,1490,18,Matches
107,Toby Collyer,eng ENG,MF,Manchester Utd,20,2004,2,129,9,46,59,25,3,129,2,1,50,1,50,68,239,56,0,0,0,11,1,71,2,Matches
108,Levi Colwill,eng ENG,DF,Chelsea,21,2003,35,2904,383,1363,1417,140,36,2904,12,6,50,5,41.7,1621,7389,4028,14,12,1,14,8,2092,12,Matches
109,Lewis Cook,eng ENG,"MF,DF",Bournemouth,27,1997,33.1,1900,87,440,1010,470,20,1900,20,13,65,7,35,825,4125,2159,33,29,4,31,18,965,52,Matches
110,Maxwel Cornet,ci CIV,FW,Southampton,27,1996,0.8,34,1,8,14,13,2,34,1,0,0,1,100,16,73,26,1,0,1,3,0,23,5,Matches
111,Vladimír Coufal,cz CZE,DF,West Ham,31,1992,11.9,736,61,262,318,159,14,736,15,5,33.3,7,46.7,298,1754,888,26,10,2,12,8,400,33,Matches
112,Woyo Coulibaly,ml MLI,DF,Leicester City,25,1999,1.2,76,8,27,31,20,4,76,1,0,0,1,100,48,288,169,4,2,1,4,0,36,2,Matches
113,Aaron Cresswell,eng ENG,DF,West Ham,34,1989,9.2,687,45,270,328,94,2,687,2,1,50,1,50,291,1102,526,6,8,0,4,0,437,4,Matches
114,Marc Cucurella,es ESP,DF,Chelsea,26,1998,33.2,2244,119,677,1045,532,75,2244,15,4,26.7,9,60,944,4027,2336,35,22,2,28,7,1385,117,Matches
115,Jorge Cuenca,es ESP,DF,Fulham,24,1999,3.9,214,38,134,74,7,1,214,2,2,100,0,0,89,302,140,0,1,0,2,0,133,0,Matches
116,Matheus Cunha,br BRA,"MF,FW",Wolves,25,1999,28.9,1561,23,181,695,733,133,1560,137,61,44.5,61,44.5,904,6724,3336,112,95,41,80,55,1056,161,Matches
117,Patson Daka,zm ZAM,"FW,MF",Leicester City,25,1998,8.2,252,11,46,114,97,29,252,15,2,13.3,10,66.7,141,714,321,11,7,6,20,12,167,36,Matches
118,Diogo Dalot,pt POR,DF,Manchester Utd,25,1999,31.3,1983,113,661,773,566,68,1983,53,27,50.9,22,41.5,1126,4953,2699,62,37,16,38,21,1200,168,Matches
119,Mikkel Damsgaard,dk DEN,"MF,FW",Brentford,24,2000,32.3,1883,36,331,863,713,76,1883,97,50,51.5,36,37.1,1076,5883,3075,73,54,9,63,47,1239,137,Matches
120,Danilo,br BRA,"MF,FW",Nott'ham Forest,23,2001,3.1,150,8,54,85,13,0,150,6,3,50,3,50,54,237,61,2,0,0,6,0,87,1,Matches
121,Jayden Danns,eng ENG,MF,Liverpool,18,2006,0.1,2,0,0,0,2,0,2,0,0,,0,,1,2,1,0,0,0,0,1,1,0,Matches
122,Kevin Danso,at AUT,DF,Tottenham,25,1998,9.4,676,108,394,257,29,8,676,3,2,66.7,1,33.3,448,2428,1195,11,5,1,8,3,475,1,Matches
123,Ben Davies,wls WAL,DF,Tottenham,31,1993,14.8,1186,215,643,495,48,13,1186,1,1,100,0,0,664,3255,1824,14,10,0,5,0,781,6,Matches
124,Leif Davis,eng ENG,DF,Ipswich Town,24,2000,30.5,1562,117,534,520,527,42,1562,38,13,34.2,18,47.4,708,3698,2073,52,31,11,37,16,835,137,Matches
125,Craig Dawson,eng ENG,DF,Wolves,34,1990,10.8,671,130,396,249,28,14,671,5,1,20,2,40,390,1819,938,6,1,0,2,0,443,5,Matches
Rk,Player,Nation,Pos,Squad,Age,Born,90s,Touches,Def Pen,Def 3rd,Mid 3rd,Att 3rd,Att Pen,Live,Att,Succ,Succ%,Tkld,Tkld%,Carries,TotDist,PrgDist,PrgC,1/3,CPA,Mis,Dis,Rec,PrgR,Matches
126,Kevin De Bruyne,be BEL,"MF,FW",Manchester City,33,1991,18.9,1368,10,75,455,850,79,1368,34,13,38.2,17,50,812,4001,2076,51,51,20,26,28,1021,150,Matches
127,Bobby De Cordova-Reid,jm JAM,FW,Leicester City,31,1993,8.3,272,15,49,114,109,16,272,10,0,0,8,80,174,816,389,14,5,6,11,10,188,48,Matches
128,Liam Delap,eng ENG,FW,Ipswich Town,21,2003,28.8,682,29,78,291,335,92,680,86,40,46.5,37,43,445,3283,1586,61,46,30,104,60,537,110,Matches
129,Sepp van den Berg,nl NED,DF,Brentford,22,2001,28.7,1605,282,819,621,169,48,1605,7,4,57.1,3,42.9,737,3762,1974,12,10,1,15,7,917,28,Matches
130,Justin Devenny,nir NIR,MF,Crystal Palace,20,2003,5.6,279,8,53,149,83,8,279,4,2,50,2,50,134,701,333,5,5,1,17,3,167,13,Matches
131,Kiernan Dewsbury-Hall,eng ENG,"MF,FW",Chelsea,25,1998,2.9,184,5,30,96,58,6,184,4,2,50,2,50,95,483,221,5,1,0,1,3,138,11,Matches
132,Amad Diallo,ci CIV,"MF,FW",Manchester Utd,22,2002,21.1,1207,16,175,443,607,131,1207,88,41,46.6,43,48.9,782,5295,2750,109,53,66,42,35,854,200,Matches
133,Rúben Dias,pt POR,DF,Manchester City,27,1997,25.2,2499,216,837,1361,307,26,2499,3,2,66.7,1,33.3,1775,10123,6017,43,65,1,8,1,2016,8,Matches
134,Luis Díaz,co COL,FW,Liverpool,27,1997,26.7,1184,17,90,409,706,167,1184,116,53,45.7,51,44,780,5710,2960,108,55,56,55,49,933,293,Matches
135,Tyler Dibling,eng ENG,"FW,MF",Southampton,18,2006,20.8,868,27,129,390,369,41,868,110,45,40.9,43,39.1,558,4418,2215,69,50,26,44,55,651,96,Matches
136,Lucas Digne,fr FRA,DF,Aston Villa,31,1993,26.1,1527,97,541,457,539,28,1527,19,9,47.4,9,47.4,683,2983,1346,23,14,4,17,16,820,142,Matches
137,Issa Diop,fr FRA,DF,Fulham,27,1997,14.9,903,125,498,381,26,13,903,2,1,50,1,50,533,2426,1216,6,2,0,9,2,617,3,Matches
138,Axel Disasi,fr FRA,DF,Aston Villa,26,1998,5.4,334,32,130,178,29,6,334,15,9,60,6,40,207,1268,621,10,8,2,3,2,223,5,Matches
139,Axel Disasi,fr FRA,DF,Chelsea,26,1998,4,323,17,110,175,40,2,323,1,1,100,0,0,196,953,519,6,3,0,1,3,242,2,Matches
140,Roman Dixon,eng ENG,DF,Everton,19,2004,1,36,8,19,14,4,0,36,3,0,0,3,100,16,107,48,0,0,0,2,0,13,1,Matches
141,Nasser Djiga,bf BFA,DF,Wolves,21,2002,0.7,58,2,17,39,2,0,58,0,0,,0,,32,108,37,0,1,0,1,2,35,2,Matches
142,Matt Doherty,ie IRL,DF,Wolves,32,1992,23.4,1534,126,614,748,190,26,1534,21,11,52.4,7,33.3,825,3666,2176,29,20,4,11,5,982,41,Matches
143,Jeremy Doku,be BEL,"FW,MF",Manchester City,22,2002,16.8,1027,4,46,233,772,161,1027,201,107,53.2,60,29.9,796,7581,4865,213,95,109,59,59,854,286,Matches
144,Nicolás Domínguez,ar ARG,"MF,FW",Nott'ham Forest,26,1998,21.8,1218,78,303,630,295,33,1218,9,3,33.3,4,44.4,471,1863,924,16,14,2,23,12,676,33,Matches
145,Patrick Dorgu,dk DEN,DF,Manchester Utd,19,2004,9.4,602,16,155,206,244,32,602,13,3,23.1,6,46.2,354,1933,1209,41,17,7,12,10,399,83,Matches
146,Alfie Dorrington,eng ENG,DF,Tottenham,19,2005,0.2,16,0,11,5,0,0,16,0,0,,0,,12,61,26,0,0,0,0,0,13,0,Matches
147,Abdoulaye Doucouré,ml MLI,MF,Everton,31,1993,28.5,1161,32,225,538,413,65,1161,45,24,53.3,21,46.7,604,2952,1396,42,26,8,38,38,750,96,Matches
148,Cheick Doucouré,ml MLI,MF,Crystal Palace,24,2000,5,263,11,56,165,45,4,263,5,2,40,2,40,133,581,280,2,7,1,4,7,160,7,Matches
149,Flynn Downes,eng ENG,MF,Southampton,25,1999,23.9,1339,99,403,719,227,21,1339,20,8,40,8,40,641,3520,1826,29,21,4,15,17,945,29,Matches
150,Tommy Doyle,eng ENG,MF,Wolves,22,2001,5.4,463,22,128,258,80,4,463,9,5,55.6,1,11.1,260,1417,578,6,3,0,9,4,303,4,Matches
Rk,Player,Nation,Pos,Squad,Age,Born,90s,Touches,Def Pen,Def 3rd,Mid 3rd,Att 3rd,Att Pen,Live,Att,Succ,Succ%,Tkld,Tkld%,Carries,TotDist,PrgDist,PrgC,1/3,CPA,Mis,Dis,Rec,PrgR,Matches
151,Radu Drăgușin,ro ROU,DF,Tottenham,22,2002,13.9,961,148,510,430,30,12,961,2,0,0,0,0,623,3349,1666,7,3,0,8,2,669,2,Matches
152,Martin Dúbravka,sk SVK,GK,Newcastle Utd,35,1989,10,350,262,337,14,0,0,350,0,0,,0,,202,1043,643,0,0,0,0,0,175,0,Matches
153,Lewis Dunk,eng ENG,DF,Brighton,32,1991,23.1,2127,258,993,1031,113,21,2127,1,0,0,1,100,1341,6155,3345,20,19,0,9,3,1556,3,Matches
154,Jáder Durán,co COL,FW,Aston Villa,20,2003,7.1,263,13,36,110,122,47,263,14,3,21.4,9,64.3,133,535,267,7,7,2,16,15,192,44,Matches
155,Claudio Echeverri,ar ARG,FW,Manchester City,18,2006,0.1,3,0,0,2,1,0,3,0,0,,0,,3,28,12,0,0,0,0,1,3,1,Matches
156,Ederson,br BRA,GK,Manchester City,30,1993,25.8,975,689,962,13,0,0,975,0,0,,0,,654,3060,1981,0,0,0,1,0,616,0,Matches
157,George Edmundson,eng ENG,DF,Ipswich Town,26,1997,0,3,1,3,0,0,0,3,0,0,,0,,1,2,0,0,0,0,0,0,1,0,Matches
158,Odsonne Édouard,fr FRA,"MF,FW",Crystal Palace,26,1998,1.3,45,1,4,23,18,8,45,1,0,0,1,100,24,117,56,3,1,2,4,1,26,7,Matches
159,Odsonne Édouard,fr FRA,FW,Leicester City,26,1998,0.3,20,1,2,7,11,6,20,2,1,50,1,50,11,25,2,0,0,1,7,2,13,2,Matches
160,Samuel Edozie,eng ENG,"DF,FW",Southampton,21,2003,0.7,43,0,0,7,36,10,43,4,2,50,2,50,34,336,197,6,2,4,4,0,39,23,Matches
161,Ronnie Edwards,eng ENG,DF,Southampton,21,2003,0.1,6,3,4,2,0,0,6,0,0,,0,,3,10,0,0,0,0,0,0,5,0,Matches
162,Anthony Elanga,se SWE,"FW,MF",Nott'ham Forest,22,2002,27.8,1115,29,136,319,679,110,1115,83,25,30.1,39,47,600,4509,2544,102,45,48,79,43,764,229,Matches
163,Harvey Elliott,eng ENG,MF,Liverpool,21,2003,4.1,339,5,32,164,144,21,339,9,4,44.4,4,44.4,188,872,408,10,11,5,5,4,253,30,Matches
164,Yunus Emre Konak,tr TUR,"FW,MF",Brentford,18,2006,0.5,53,0,9,27,17,0,53,2,0,0,2,100,17,67,41,1,1,1,3,3,28,2,Matches
165,Julio Enciso,py PAR,"MF,FW",Ipswich Town,20,2004,9.7,406,5,52,202,167,23,406,66,30,45.5,28,42.4,205,1537,793,23,25,9,24,30,262,44,Matches
166,Julio Enciso,py PAR,"MF,FW",Brighton,20,2004,3.3,202,2,17,72,116,20,202,21,10,47.6,8,38.1,114,678,386,11,10,4,7,9,141,17,Matches
167,Wataru Endo,jp JPN,"MF,DF",Liverpool,31,1993,3,237,12,65,124,49,3,237,2,2,100,0,0,110,397,169,1,3,1,6,3,163,8,Matches
168,Christian Eriksen,dk DEN,MF,Manchester Utd,32,1992,11.8,850,26,173,397,284,17,849,4,0,0,4,100,473,1784,851,13,14,1,13,5,566,29,Matches
169,Romain Esse,eng ENG,MF,Crystal Palace,19,2005,1.5,73,1,14,30,29,9,73,6,2,33.3,4,66.7,38,121,49,1,1,2,6,2,43,14,Matches
170,Pervis Estupiñán,ec ECU,DF,Brighton,26,1998,26.7,1915,89,493,936,506,35,1915,34,19,55.9,13,38.2,1023,5007,2689,59,61,9,34,27,1144,112,Matches
171,Evanilson,br BRA,FW,Bournemouth,24,1999,25.8,558,23,56,208,299,127,557,21,7,33.3,8,38.1,333,1822,861,29,18,15,38,24,400,99,Matches
172,Jake Evans,,FW,Leicester City,,,0.3,5,0,1,3,1,0,5,0,0,,0,,1,1,0,0,0,0,0,1,3,1,Matches
173,Jonny Evans,nir NIR,DF,Manchester Utd,36,1988,3.5,250,36,139,100,15,3,250,1,1,100,0,0,143,574,242,3,2,0,1,0,151,3,Matches
174,Eberechi Eze,eng ENG,"MF,FW",Crystal Palace,26,1998,28.8,1414,17,193,661,597,95,1412,138,67,48.6,62,44.9,840,5063,2380,69,48,22,55,45,907,153,Matches
175,Łukasz Fabiański,pl POL,GK,West Ham,39,1985,12.9,530,414,525,5,0,0,530,3,3,100,0,0,285,1485,890,0,0,0,0,0,248,0,Matches
Rk,Player,Nation,Pos,Squad,Age,Born,90s,Touches,Def Pen,Def 3rd,Mid 3rd,Att 3rd,Att Pen,Live,Att,Succ,Succ%,Tkld,Tkld%,Carries,TotDist,PrgDist,PrgC,1/3,CPA,Mis,Dis,Rec,PrgR,Matches
176,Wout Faes,be BEL,DF,Leicester City,26,1998,31.3,1906,318,962,885,68,27,1906,6,5,83.3,1,16.7,1107,5050,2928,12,13,2,17,6,1268,1,Matches
177,Abdul Fatawu Issahaku,gh GHA,FW,Leicester City,20,2004,6.4,326,19,73,114,157,26,326,69,29,42,28,40.6,217,1869,1055,42,24,15,18,12,216,60,Matches
178,João Félix,pt POR,"FW,MF",Chelsea,24,1999,4.1,272,2,26,128,125,30,272,31,10,32.3,14,45.2,193,1248,712,21,13,5,6,4,218,30,Matches
179,Evan Ferguson,ie IRL,FW,West Ham,19,2004,1.7,66,1,6,30,31,10,66,5,3,60,2,40,31,123,41,1,1,1,8,5,42,7,Matches
180,Evan Ferguson,ie IRL,FW,Brighton,19,2004,2.7,88,7,13,50,26,9,88,2,1,50,1,50,42,183,56,2,1,2,5,6,52,9,Matches
181,Bruno Fernandes,pt POR,MF,Manchester Utd,29,1994,33.5,2649,62,428,1263,983,80,2646,67,28,41.8,33,49.3,1542,7244,3866,77,65,14,43,43,1853,129,Matches
182,Mateus Fernandes,pt POR,MF,Southampton,20,2004,32.3,1760,72,385,867,547,49,1760,109,49,45,49,45,897,5736,3143,76,70,9,58,36,1077,108,Matches
183,Enzo Fernández,ar ARG,MF,Chelsea,23,2001,32.7,2210,37,346,1129,751,81,2210,55,26,47.3,21,38.2,1211,5652,2735,60,55,9,29,28,1622,126,Matches
184,Mark Flekken,nl NED,GK,Brentford,31,1993,36.4,1824,1436,1777,52,0,0,1824,1,1,100,0,0,1122,5725,3253,0,0,0,3,0,1015,0,Matches
185,Phil Foden,eng ENG,"MF,FW",Manchester City,24,2000,19.7,1139,13,85,382,681,83,1139,43,14,32.6,23,53.5,722,3720,1782,50,30,17,36,31,894,128,Matches
186,Wesley Fofana,fr FRA,DF,Chelsea,23,2000,13,933,81,370,523,55,10,933,15,8,53.3,3,20,557,3149,1614,19,12,1,16,5,665,4,Matches
187,Carlos Forbs,pt POR,"MF,FW",Wolves,20,2004,2.7,121,3,23,39,60,13,121,12,7,58.3,5,41.7,75,468,321,10,3,8,7,4,85,28,Matches
188,Fraser Forster,eng ENG,GK,Tottenham,36,1988,7,228,212,228,0,0,0,228,1,1,100,0,0,113,501,264,0,0,0,1,0,94,0,Matches
189,Matheus França,br BRA,"MF,FW",Crystal Palace,20,2004,0.6,33,2,5,11,17,7,33,0,0,,0,,20,130,85,4,1,3,2,0,22,4,Matches
190,Ryan Fraser,sct SCO,"FW,DF",Southampton,30,1994,3.4,131,12,45,50,37,3,131,3,2,66.7,1,33.3,74,492,252,10,5,2,4,2,94,18,Matches
191,Tyler Fredricson,eng ENG,DF,Manchester Utd,19,2005,1.8,141,11,64,68,9,1,141,1,1,100,0,0,86,279,114,2,1,0,2,0,95,0,Matches
192,Niclas Füllkrug,de GER,FW,West Ham,31,1993,8.8,277,19,27,142,110,40,277,8,1,12.5,6,75,123,435,215,7,4,2,18,7,205,31,Matches
193,Cody Gakpo,nl NED,FW,Liverpool,25,1999,21.5,888,28,91,258,557,110,888,61,31,50.8,21,34.4,605,4320,2208,59,34,28,45,24,677,278,Matches
194,Idrissa Gana Gueye,sn SEN,MF,Everton,34,1989,34,1801,72,432,1045,336,21,1801,39,18,46.2,19,48.7,861,4046,1752,27,27,4,32,38,1048,27,Matches
195,Andrés García,es ESP,"DF,MF",Aston Villa,21,2003,3.5,256,8,38,108,112,2,256,18,5,27.8,12,66.7,159,1262,673,26,13,2,10,6,168,28,Matches
196,Alejandro Garnacho,ar ARG,"MF,FW",Manchester Utd,20,2004,24.4,1159,13,130,364,683,176,1159,89,26,29.2,55,61.8,840,6365,3245,141,72,67,64,48,888,290,Matches
197,James Garner,eng ENG,"MF,DF",Everton,23,2001,17.7,977,40,226,511,248,15,977,19,7,36.8,12,63.2,478,2187,842,15,19,2,16,9,550,30,Matches
198,Tyrique George,eng ENG,FW,Chelsea,18,2006,2,70,1,11,21,39,9,70,5,3,60,2,40,46,373,209,9,1,5,3,0,53,22,Matches
199,Morgan Gibbs-White,eng ENG,MF,Nott'ham Forest,24,2000,31.1,1626,35,185,830,636,92,1626,77,31,40.3,35,45.5,923,5093,2566,69,52,13,70,44,1226,136,Matches
200,Billy Gilmour,sct SCO,MF,Brighton,23,2001,1.1,73,2,14,46,13,0,73,2,1,50,1,50,44,210,117,2,0,0,0,0,58,2,Matches
Rk,Player,Nation,Pos,Squad,Age,Born,90s,Touches,Def Pen,Def 3rd,Mid 3rd,Att 3rd,Att Pen,Live,Att,Succ,Succ%,Tkld,Tkld%,Carries,TotDist,PrgDist,PrgC,1/3,CPA,Mis,Dis,Rec,PrgR,Matches
201,Ben Godfrey,eng ENG,DF,Ipswich Town,26,1998,1.8,68,6,26,33,9,1,68,0,0,,0,,33,202,79,2,2,0,2,1,42,1,Matches
202,Martial Godo,eng ENG,"FW,DF",Fulham,21,2003,0.3,25,0,1,7,17,7,25,4,1,25,3,75,18,155,87,2,0,2,0,0,15,6,Matches
203,Michael Golding,eng ENG,MF,Leicester City,18,2006,0,0,0,0,0,0,0,0,0,0,,0,,0,0,0,0,0,0,0,0,0,0,Matches
204,João Gomes,br BRA,MF,Wolves,23,2001,33,1998,62,431,1105,491,45,1998,65,30,46.2,28,43.1,1059,6216,2843,59,51,6,43,51,1335,76,Matches
205,Rodrigo Gomes,pt POR,"DF,FW",Wolves,21,2003,9,417,24,101,141,182,29,417,15,5,33.3,7,46.7,217,1388,805,23,18,7,21,9,246,81,Matches
206,Toti Gomes,pt POR,DF,Wolves,25,1999,29,2027,217,942,1000,108,17,2027,32,20,62.5,10,31.3,1205,5793,3203,27,20,0,20,15,1387,18,Matches
207,Diego Gómez,py PAR,MF,Brighton,21,2003,5.7,403,21,87,212,109,10,403,12,6,50,6,50,193,746,365,8,4,0,10,9,247,23,Matches
208,Joe Gomez,eng ENG,DF,Liverpool,27,1997,5.8,481,54,183,264,37,5,481,0,0,,0,,303,1638,947,5,2,1,1,2,335,2,Matches
209,Nicolás González,es ESP,MF,Manchester City,22,2002,8.4,713,18,116,439,161,10,713,6,1,16.7,3,50,425,1824,729,9,12,3,8,11,535,11,Matches
210,Anthony Gordon,eng ENG,"FW,MF",Newcastle Utd,23,2001,27,1267,16,125,475,687,128,1265,103,38,36.9,47,45.6,818,6099,3295,121,62,56,36,38,924,214,Matches
211,Ryan Gravenberch,nl NED,MF,Liverpool,22,2002,35.1,2343,117,509,1354,512,26,2343,81,37,45.7,30,37,1396,7452,3742,70,75,10,55,26,1669,55,Matches
212,Archie Gray,eng ENG,"DF,MF",Tottenham,18,2006,19.5,1286,150,609,582,106,3,1286,13,7,53.8,5,38.5,878,4023,1678,7,5,0,12,11,941,17,Matches
213,Jack Grealish,eng ENG,"FW,MF",Manchester City,28,1995,8,521,15,42,162,324,71,521,29,13,44.8,9,31,376,2881,1714,69,23,46,10,16,423,118,Matches
214,Jacob Greaves,eng ENG,DF,Ipswich Town,23,2000,24.5,1404,276,746,568,95,22,1404,6,4,66.7,1,16.7,619,2881,1268,11,11,0,10,2,851,11,Matches
215,Brajan Gruda,de GER,"MF,FW",Brighton,20,2004,7.6,344,4,38,120,192,46,344,30,13,43.3,12,40,202,1447,662,22,19,13,14,21,222,57,Matches
216,Albert Grønbaek,dk DEN,"FW,MF",Southampton,23,2001,1.6,38,2,9,14,15,2,38,4,0,0,4,100,18,79,15,1,0,1,5,4,21,3,Matches
217,Gonçalo Guedes,pt POR,"MF,FW",Wolves,27,1996,11.1,484,6,49,199,250,40,484,28,9,32.1,15,53.6,304,2074,1056,41,27,8,38,18,337,79,Matches
218,Marc Guéhi,eng ENG,DF,Crystal Palace,24,2000,34,2131,311,1051,943,148,39,2131,15,12,80,2,13.3,1142,5574,2935,22,17,1,16,18,1330,10,Matches
219,Luis Guilherme,br BRA,"MF,FW",West Ham,18,2006,1.7,99,3,19,40,41,5,99,13,7,53.8,4,30.8,51,383,165,4,3,1,4,3,69,16,Matches
220,Bruno Guimarães,br BRA,MF,Newcastle Utd,26,1997,36.3,2213,83,445,1131,662,85,2213,78,34,43.6,27,34.6,1400,7763,3483,64,46,15,56,76,1652,96,Matches
221,Marc Guiu,es ESP,FW,Chelsea,18,2006,0.8,22,0,2,8,12,3,22,1,0,0,1,100,12,30,8,0,0,0,2,0,12,3,Matches
222,İlkay Gündoğan,de GER,MF,Manchester City,33,1990,24.7,1892,45,270,929,714,67,1892,41,17,41.5,16,39,1118,6209,3000,64,57,11,29,25,1480,96,Matches
223,Malo Gusto,fr FRA,DF,Chelsea,21,2003,20.7,1595,64,387,772,451,43,1595,16,4,25,11,68.8,882,4513,2248,50,36,8,18,17,1072,85,Matches
224,Joško Gvardiol,hr CRO,DF,Manchester City,22,2002,36.4,3103,146,764,1549,815,98,3103,43,25,58.1,14,32.6,1997,10574,6002,91,102,15,29,16,2257,121,Matches
225,Erling Haaland,no NOR,FW,Manchester City,24,2000,30.4,639,22,40,222,384,190,635,36,13,36.1,20,55.6,310,1494,577,24,15,23,45,27,478,124,Matches
Rk,Player,Nation,Pos,Squad,Age,Born,90s,Touches,Def Pen,Def 3rd,Mid 3rd,Att 3rd,Att Pen,Live,Att,Succ,Succ%,Tkld,Tkld%,Carries,TotDist,PrgDist,PrgC,1/3,CPA,Mis,Dis,Rec,PrgR,Matches
226,Lewis Hall,eng ENG,DF,Newcastle Utd,19,2004,24.3,1820,95,623,804,414,47,1820,21,11,52.4,7,33.3,950,4398,2358,41,22,13,33,20,1094,80,Matches
227,Ali Al Hamadi,iq IRQ,FW,Ipswich Town,22,2002,1.5,53,2,6,20,30,9,53,7,4,57.1,3,42.9,29,187,111,4,3,4,7,4,36,14,Matches
228,Marcus Harness,eng ENG,MF,Ipswich Town,28,1996,0.5,22,4,7,2,13,3,22,1,0,0,1,100,9,49,14,0,0,0,0,0,9,1,Matches
229,Jack Harrison,eng ENG,FW,Everton,27,1996,23.1,948,36,157,336,463,69,948,75,24,32,43,57.3,524,3153,1639,73,36,17,52,41,612,127,Matches
230,Taylor Harwood-Bellis,eng ENG,DF,Southampton,22,2002,31.4,2475,340,1158,1145,182,42,2475,3,3,100,0,0,1433,6776,3938,29,27,0,16,5,1792,9,Matches
231,Kai Havertz,de GER,"FW,MF",Arsenal,25,1999,20.8,785,31,92,287,411,107,785,38,9,23.7,24,63.2,418,2012,954,35,23,18,44,23,584,113,Matches
232,Ayden Heaven,eng ENG,DF,Manchester Utd,17,2006,1.9,136,30,68,60,10,2,136,4,2,50,2,50,95,491,259,1,1,0,3,1,93,1,Matches
233,Jan Paul van Hecke,nl NED,DF,Brighton,24,2000,32.9,2589,272,1094,1350,166,33,2589,11,5,45.5,4,36.4,1715,10633,7191,55,46,0,12,7,1820,5,Matches
234,Hwang Hee-chan,kr KOR,"MF,FW",Wolves,28,1996,7.3,271,10,42,105,126,24,271,14,2,14.3,12,85.7,159,989,448,15,5,7,14,10,181,42,Matches
235,Dean Henderson,eng ENG,GK,Crystal Palace,27,1997,38,1308,1065,1303,4,1,1,1308,0,0,,0,,751,4483,2136,0,0,0,2,0,580,0,Matches
236,Rico Henry,eng ENG,DF,Brentford,27,1997,1.1,66,6,22,29,16,1,66,3,0,0,2,66.7,30,149,60,0,1,0,3,2,27,5,Matches
237,Mads Hermansen,dk DEN,GK,Leicester City,24,2000,26.5,1147,831,1106,43,0,0,1147,1,1,100,0,0,734,3625,1904,0,0,0,1,0,625,0,Matches
238,Son Heung-min,kr KOR,FW,Tottenham,32,1992,23.4,1134,16,115,362,668,122,1132,83,29,34.9,41,49.4,761,4914,2613,96,49,44,25,32,867,265,Matches
239,James Hill,eng ENG,DF,Bournemouth,22,2002,5,319,19,99,167,54,8,319,2,1,50,1,50,146,552,295,3,6,0,2,0,179,8,Matches
240,Jack Hinshelwood,eng ENG,"MF,DF",Brighton,19,2005,20.5,1199,50,322,560,323,35,1199,11,2,18.2,8,72.7,590,2435,1189,19,20,2,18,3,762,54,Matches
241,George Hirst,sct SCO,FW,Ipswich Town,25,1999,7.3,188,12,28,61,101,28,188,6,2,33.3,3,50,101,529,211,9,2,7,21,16,161,31,Matches
242,Mason Holgate,jm JAM,"FW,DF",Everton,27,1996,0.1,3,0,0,2,1,0,3,0,0,,0,,1,0,0,0,0,0,1,0,1,0,Matches
243,Harry Howell,eng ENG,FW,Brighton,15,2008,0.1,12,1,1,7,4,3,12,0,0,,0,,9,48,8,0,0,1,0,0,10,3,Matches
244,Callum Hudson-Odoi,eng ENG,"FW,MF",Nott'ham Forest,23,2000,24.4,1035,16,117,338,605,74,1035,63,37,58.7,18,28.6,641,5345,3401,130,61,47,45,23,784,189,Matches
245,Will Hughes,eng ENG,MF,Crystal Palace,29,1995,23.4,1203,48,295,615,308,17,1203,16,5,31.3,7,43.8,532,2718,1276,20,24,1,21,30,659,27,Matches
246,Dean Huijsen,es ESP,DF,Bournemouth,19,2005,27,2021,254,915,971,145,30,2021,5,2,40,3,60,1118,7072,4349,41,31,0,20,1,1271,10,Matches
247,Omari Hutchinson,eng ENG,"MF,FW",Ipswich Town,20,2003,28.7,1259,17,200,516,567,92,1259,137,51,37.2,68,49.6,779,6035,2976,97,39,37,80,58,893,159,Matches
248,Rasmus Højlund,dk DEN,FW,Manchester Utd,21,2003,22.3,515,6,36,251,237,74,515,33,9,27.3,21,63.6,308,1516,655,28,13,17,63,33,408,101,Matches
249,Igor,br BRA,DF,Brighton,26,1998,10.7,816,109,385,381,54,1,816,6,5,83.3,1,16.7,530,2962,1837,9,14,0,1,0,606,1,Matches
250,Danny Ings,eng ENG,"FW,MF",West Ham,32,1992,3.2,139,2,15,51,73,27,139,7,4,57.1,2,28.6,63,324,118,6,0,2,6,6,96,29,Matches
Rk,Player,Nation,Pos,Squad,Age,Born,90s,Touches,Def Pen,Def 3rd,Mid 3rd,Att 3rd,Att Pen,Live,Att,Succ,Succ%,Tkld,Tkld%,Carries,TotDist,PrgDist,PrgC,1/3,CPA,Mis,Dis,Rec,PrgR,Matches
251,Tim Iroegbunam,eng ENG,MF,Everton,21,2003,6.4,269,24,89,127,60,12,269,20,8,40,8,40,127,744,379,8,10,2,11,18,113,9,Matches
252,Andy Irving,sct SCO,MF,West Ham,24,2000,1.8,150,7,37,89,24,0,150,1,1,100,0,0,73,305,137,0,1,0,1,3,104,4,Matches
253,Alexander Isak,se SWE,FW,Newcastle Utd,24,1999,30.6,1025,20,57,386,596,189,1021,91,42,46.2,47,51.6,615,3723,1861,83,42,43,66,55,740,217,Matches
254,Alex Iwobi,ng NGA,"FW,MF",Fulham,28,1996,33.1,1861,33,244,748,895,116,1861,97,48,49.5,42,43.3,1312,8012,4367,144,105,37,62,40,1447,246,Matches
255,Nicolas Jackson,sn SEN,FW,Chelsea,23,2001,24.7,687,19,50,285,361,141,687,61,18,29.5,32,52.5,417,2510,1316,47,25,32,71,41,514,129,Matches
256,Reece James,eng ENG,"DF,MF",Chelsea,24,1999,11.8,952,43,267,516,176,7,952,17,7,41.2,6,35.3,486,1877,822,7,4,1,7,9,607,12,Matches
257,Vitaly Janelt,de GER,MF,Brentford,26,1998,25,1289,118,418,574,306,32,1289,12,3,25,7,58.3,651,3005,1278,17,18,3,16,10,814,38,Matches
258,Vitezslav Jaros,cz CZE,GK,Liverpool,23,2001,0.1,8,5,8,0,0,0,8,0,0,,0,,7,29,8,0,0,0,0,0,5,0,Matches
259,Daniel Jebbison,ca CAN,FW,Bournemouth,20,2003,1.3,78,3,10,25,44,14,78,7,4,57.1,3,42.9,44,277,95,4,2,5,13,5,47,16,Matches
260,Mathias Jensen,dk DEN,MF,Brentford,28,1996,9.6,573,27,126,243,207,9,573,17,9,52.9,6,35.3,300,1296,598,6,12,0,9,7,350,27,Matches
261,Gabriel Jesus,br BRA,FW,Arsenal,27,1997,6.8,299,9,28,108,165,48,299,22,9,40.9,10,45.5,179,953,432,15,6,11,13,13,217,57,Matches
262,Raúl Jiménez,mx MEX,FW,Fulham,33,1991,27.7,999,35,120,431,464,165,996,50,21,42,26,52,549,2557,1112,35,24,17,74,45,734,125,Matches
263,Kim Jisoo,kr KOR,DF,Brentford,19,2004,0.3,30,1,15,12,3,0,30,0,0,,0,,15,57,22,0,0,0,0,1,22,0,Matches
264,João Pedro,br BRA,"FW,MF",Brighton,22,2001,21.6,940,12,60,387,508,122,935,86,29,33.7,47,54.7,616,3821,1821,66,39,30,72,38,732,128,Matches
265,Joelinton,br BRA,"MF,FW",Newcastle Utd,27,1996,26.6,1360,67,256,670,448,83,1360,46,15,32.6,28,60.9,729,3598,1786,40,26,9,39,53,934,110,Matches
266,Ben Johnson,eng ENG,"DF,FW",Ipswich Town,24,2000,15,626,60,246,220,163,12,626,24,8,33.3,14,58.3,259,1503,585,16,12,3,23,17,292,33,Matches
267,Brennan Johnson,wls WAL,FW,Tottenham,23,2001,24.2,853,18,98,292,475,125,853,44,19,43.2,22,50,544,2939,1460,60,23,35,26,17,626,197,Matches
268,Sam Johnstone,eng ENG,GK,Wolves,31,1993,7,306,229,304,2,0,0,306,0,0,,0,,196,1221,756,0,0,0,0,0,179,0,Matches
269,Curtis Jones,eng ENG,"MF,DF",Liverpool,23,2001,19,1288,41,220,683,393,58,1288,22,12,54.5,8,36.4,789,3889,1892,30,23,8,26,36,967,79,Matches
270,Jorginho,it ITA,MF,Arsenal,32,1991,7.8,522,9,93,304,131,3,522,4,1,25,2,50,302,1498,874,12,13,0,12,9,389,6,Matches
271,Diogo Jota,pt POR,FW,Liverpool,27,1996,13.3,485,6,35,198,259,97,485,33,11,33.3,20,60.6,263,1500,796,37,23,21,40,22,333,88,Matches
272,James Justin,eng ENG,DF,Leicester City,26,1998,32.4,1948,151,692,881,387,38,1948,30,9,30,13,43.3,866,3649,1788,39,27,4,31,15,1077,96,Matches
273,Filip Jørgensen,dk DEN,GK,Chelsea,22,2002,6,202,174,201,1,0,0,202,0,0,,0,,145,676,423,0,0,0,0,0,139,0,Matches
274,Ferdi Kadioglu,tr TUR,"DF,MF",Brighton,24,1999,4.3,231,13,71,91,72,9,231,7,3,42.9,3,42.9,124,479,183,1,0,0,6,2,144,27,Matches
275,Daichi Kamada,jp JPN,MF,Crystal Palace,27,1996,17.4,937,19,208,496,240,32,937,19,7,36.8,9,47.4,485,2295,1121,25,19,6,16,20,600,56,Matches
Rk,Player,Nation,Pos,Squad,Age,Born,90s,Touches,Def Pen,Def 3rd,Mid 3rd,Att 3rd,Att Pen,Live,Att,Succ,Succ%,Tkld,Tkld%,Carries,TotDist,PrgDist,PrgC,1/3,CPA,Mis,Dis,Rec,PrgR,Matches
276,Boubacar Kamara,fr FRA,MF,Aston Villa,24,1999,19.2,1113,95,344,637,141,12,1113,27,9,33.3,9,33.3,591,2976,1370,19,13,2,12,17,754,7,Matches
277,Joachim Kayi Sanda,fr FRA,DF,Southampton,17,2006,0.2,19,1,8,10,1,1,19,0,0,,0,,14,63,35,0,0,0,1,0,15,0,Matches
278,Michael Kayode,it ITA,DF,Brentford,20,2004,5.9,313,23,101,121,97,13,313,18,9,50,8,44.4,144,944,500,12,7,3,13,3,143,24,Matches
279,Michael Keane,eng ENG,DF,Everton,31,1993,11.7,513,106,295,198,22,17,513,1,0,0,1,100,229,904,290,1,1,0,2,2,286,3,Matches
280,Caoimhín Kelleher,ie IRL,GK,Liverpool,25,1998,10,398,286,396,2,0,0,398,1,1,100,0,0,290,1131,616,0,0,0,1,0,275,0,Matches
281,Lloyd Kelly,eng ENG,DF,Newcastle Utd,25,1998,3.4,215,26,105,94,19,4,215,3,2,66.7,1,33.3,120,474,202,0,2,0,3,2,129,5,Matches
282,Milos Kerkez,hu HUN,DF,Bournemouth,20,2003,37.1,2158,112,552,900,731,69,2158,48,22,45.8,16,33.3,1094,6388,3711,106,73,16,49,22,1196,197,Matches
283,Bilal El Khannouss,ma MAR,"MF,FW",Leicester City,20,2004,24.2,1268,18,183,655,445,35,1268,60,34,56.7,23,38.3,732,4494,2038,73,45,12,38,38,851,89,Matches
284,Abdukodir Khusanov,uz UZB,DF,Manchester City,20,2004,5.6,445,45,205,211,31,1,445,2,0,0,2,100,274,1155,435,1,1,0,2,1,332,2,Matches
285,Max Kilman,eng ENG,DF,West Ham,27,1997,37.2,2374,464,1317,962,113,32,2374,22,16,72.7,2,9.1,1270,5672,3185,31,14,2,17,4,1581,6,Matches
286,Joshua King,eng ENG,MF,Fulham,17,2007,1.4,87,2,12,31,46,10,87,8,4,50,4,50,44,335,138,3,4,0,1,6,60,16,Matches
287,Tom King,wls WAL,GK,Wolves,29,1995,0,1,1,1,0,0,0,1,0,0,,0,,1,8,5,0,0,0,0,0,0,0,Matches
288,Antonín Kinský,cz CZE,GK,Tottenham,21,2003,6,237,205,234,3,0,0,237,0,0,,0,,144,760,491,1,0,0,0,0,126,0,Matches
289,Jakub Kiwior,pl POL,DF,Arsenal,24,2000,12.5,846,100,281,494,72,5,846,5,3,60,2,40,492,1988,1037,5,7,1,3,2,615,1,Matches
290,Justin Kluivert,nl NED,MF,Bournemouth,25,1999,26,1086,24,99,366,641,134,1080,87,36,41.4,40,46,646,4198,2364,81,55,38,55,27,710,173,Matches
291,Ibrahima Konaté,fr FRA,DF,Liverpool,25,1999,28.4,2185,223,928,1145,119,23,2185,6,3,50,2,33.3,1290,6124,3603,25,15,0,8,2,1576,3,Matches
292,Ezri Konsa,eng ENG,DF,Aston Villa,26,1997,32.6,1915,250,883,934,107,22,1915,18,8,44.4,7,38.9,1132,5817,3008,24,15,2,17,10,1338,11,Matches
293,Mateo Kovačić,hr CRO,MF,Manchester City,30,1994,24.4,2123,53,318,1199,627,17,2123,41,22,53.7,11,26.8,1445,8397,3961,56,78,3,19,29,1729,16,Matches
294,Caleb Kporha,eng ENG,DF,Crystal Palace,18,2006,0.1,11,1,4,2,5,0,11,0,0,,0,,4,46,36,1,1,0,0,2,3,0,Matches
295,Emil Krafth,se SWE,DF,Newcastle Utd,29,1994,3.8,199,34,100,73,28,4,199,1,0,0,1,100,82,397,175,5,6,0,2,2,98,3,Matches
296,Mohammed Kudus,gh GHA,"FW,MF",West Ham,23,2000,28.8,1274,13,171,536,612,127,1274,208,92,44.2,98,47.1,842,5574,2613,98,59,42,77,93,989,216,Matches
297,Dejan Kulusevski,se SWE,"MF,FW",Tottenham,24,2000,26.5,1276,24,149,432,719,158,1276,117,38,32.5,71,60.7,823,6157,3208,120,67,40,77,74,895,210,Matches
298,Maxence Lacroix,fr FRA,DF,Crystal Palace,24,2000,34.6,1934,362,1184,672,85,45,1934,14,8,57.1,4,28.6,1030,4806,2203,8,6,0,21,6,1136,7,Matches
299,Adam Lallana,eng ENG,MF,Southampton,36,1988,4,318,19,91,155,73,6,318,12,5,41.7,5,41.7,178,831,366,6,8,0,10,6,245,10,Matches
300,Tariq Lamptey,gh GHA,DF,Brighton,23,2000,9.6,535,29,161,224,154,11,535,31,10,32.3,18,58.1,292,2081,1034,32,17,3,11,5,302,45,Matches
Rk,Player,Nation,Pos,Squad,Age,Born,90s,Touches,Def Pen,Def 3rd,Mid 3rd,Att 3rd,Att Pen,Live,Att,Succ,Succ%,Tkld,Tkld%,Carries,TotDist,PrgDist,PrgC,1/3,CPA,Mis,Dis,Rec,PrgR,Matches
301,Will Lankshear,eng ENG,"FW,MF",Tottenham,19,2005,0.1,3,0,0,2,1,0,3,0,0,,0,,3,3,0,0,0,0,2,0,3,1,Matches
302,Roméo Lavia,be BEL,MF,Chelsea,20,2004,8.9,493,17,109,319,71,1,493,16,10,62.5,6,37.5,295,1373,567,3,9,0,3,7,359,7,Matches
303,Mario Lemina,ga GAB,"MF,DF",Wolves,30,1993,15.2,809,92,324,378,119,18,809,16,10,62.5,4,25,382,2068,1038,8,12,2,21,11,482,21,Matches
304,Bernd Leno,de GER,GK,Fulham,32,1992,38,1479,1190,1466,13,0,0,1479,0,0,,0,,955,3956,2233,0,0,0,0,0,862,0,Matches
305,Jefferson Lerma,co COL,"MF,DF",Crystal Palace,29,1994,25.3,1406,124,469,703,244,29,1406,13,7,53.8,4,30.8,649,2478,1100,13,11,0,15,18,803,26,Matches
306,Rico Lewis,eng ENG,"DF,MF",Manchester City,19,2004,21,1477,53,289,727,477,46,1477,21,9,42.9,11,52.4,865,4215,2155,39,41,8,20,19,1061,78,Matches
307,Keane Lewis-Potter,eng ENG,"DF,FW",Brentford,23,2001,34.4,1613,102,504,625,505,74,1613,101,41,40.6,50,49.5,868,6085,3211,98,69,35,51,20,966,156,Matches
308,Myles Lewis-Skelly,eng ENG,DF,Arsenal,17,2006,15.2,905,28,178,476,265,17,905,28,12,42.9,9,32.1,526,2692,1663,37,26,7,13,9,616,37,Matches
309,Matthijs de Ligt,nl NED,DF,Manchester Utd,24,1999,23.6,1608,184,828,731,56,29,1608,4,2,50,2,50,1078,4744,2225,7,3,0,5,3,1158,6,Matches
310,Pedro Lima,br BRA,DF,Wolves,18,2006,0.8,48,0,9,12,28,3,48,3,1,33.3,2,66.7,22,120,83,4,3,1,1,0,30,11,Matches
311,Victor Lindelöf,se SWE,DF,Manchester Utd,30,1994,7.8,452,60,243,187,24,3,452,0,0,,0,,263,1171,553,5,4,0,1,1,313,4,Matches
312,Jesper Lindstrøm,dk DEN,FW,Everton,24,2000,13.8,625,22,127,206,303,40,625,43,8,18.6,31,72.1,302,1627,780,30,19,7,31,24,347,81,Matches
313,Valentino Livramento,eng ENG,DF,Newcastle Utd,21,2002,31.6,1964,119,619,894,482,41,1964,56,25,44.6,23,41.1,1023,6333,3316,83,42,13,32,39,1144,119,Matches
314,Sean Longstaff,eng ENG,MF,Newcastle Utd,26,1997,8.9,434,24,123,193,121,21,434,7,2,28.6,4,57.1,248,1176,429,4,10,2,9,7,308,22,Matches
315,Saša Lukić,rs SRB,MF,Fulham,27,1996,26,1493,57,332,843,331,21,1493,17,8,47.1,5,29.4,825,4427,2190,39,40,4,23,8,963,33,Matches
316,Joe Lumley,eng ENG,GK,Southampton,29,1995,3,164,116,161,3,0,0,164,0,0,,0,,103,476,296,0,0,0,0,0,108,0,Matches
317,Massimo Luongo,au AUS,MF,Ipswich Town,31,1992,2.2,87,9,34,33,20,2,87,0,0,,0,,46,184,27,0,0,0,2,3,50,1,Matches
318,Ian Maatsen,nl NED,DF,Aston Villa,22,2002,12.7,917,56,247,334,348,47,917,29,13,44.8,16,55.2,505,2636,1184,31,17,13,22,25,564,104,Matches
319,Alexis Mac Allister,ar ARG,MF,Liverpool,25,1998,28.9,1860,56,284,960,637,60,1860,42,16,38.1,21,50,915,3782,2018,36,43,5,31,22,1228,80,Matches
320,James Maddison,eng ENG,MF,Tottenham,27,1996,20.1,1464,26,210,691,576,77,1464,77,33,42.9,34,44.2,1026,5128,2279,45,39,20,23,25,1125,95,Matches
321,Noni Madueke,eng ENG,FW,Chelsea,22,2002,22.6,980,22,101,301,595,184,980,102,45,44.1,46,45.1,641,5413,3485,154,50,93,52,25,756,226,Matches
322,Gabriel Magalhães,br BRA,DF,Arsenal,26,1997,26.3,1873,189,672,985,225,40,1873,5,4,80,1,20,1116,4470,2669,10,22,0,9,2,1366,11,Matches
323,Edmond-Paris Maghoma,eng ENG,"MF,FW",Brentford,23,2001,1.3,101,2,18,58,27,4,101,4,3,75,1,25,68,414,221,4,3,1,2,0,75,4,Matches
324,Harry Maguire,eng ENG,DF,Manchester Utd,31,1993,19.5,1328,147,652,616,76,44,1328,5,2,40,3,60,782,4821,2056,7,9,3,10,2,856,7,Matches
325,Kobbie Mainoo,eng ENG,MF,Manchester Utd,19,2005,18.3,1061,25,197,587,287,36,1061,50,23,46,25,50,652,2850,1222,22,17,10,36,36,760,47,Matches
Rk,Player,Nation,Pos,Squad,Age,Born,90s,Touches,Def Pen,Def 3rd,Mid 3rd,Att 3rd,Att Pen,Live,Att,Succ,Succ%,Tkld,Tkld%,Carries,TotDist,PrgDist,PrgC,1/3,CPA,Mis,Dis,Rec,PrgR,Matches
326,Tyrell Malacia,nl NED,DF,Manchester Utd,24,1999,1.1,62,2,20,27,15,0,62,1,1,100,0,0,37,190,118,3,2,0,1,2,43,6,Matches
327,Donyell Malen,nl NED,FW,Aston Villa,25,1999,3.4,129,2,9,33,94,25,129,11,4,36.4,5,45.5,79,652,370,12,7,7,8,7,87,30,Matches
328,Mateus Mane,,MF,Wolves,,,0,6,0,0,6,0,0,6,0,0,,0,,2,22,7,0,0,0,0,0,4,0,Matches
329,Orel Mangala,be BEL,MF,Everton,26,1998,14,621,22,133,335,157,13,621,24,14,58.3,9,37.5,298,1574,576,6,6,3,12,12,406,19,Matches
330,Ryan Manning,ie IRL,"DF,MF",Southampton,28,1996,16.2,968,72,260,397,321,22,968,36,11,30.6,16,44.4,483,2023,982,14,13,4,17,5,573,74,Matches
331,Solly March,eng ENG,"FW,MF",Brighton,30,1994,1.9,118,3,12,33,73,7,118,4,1,25,3,75,57,398,167,5,2,3,3,1,67,20,Matches
332,Omar Marmoush,eg EGY,"FW,MF",Manchester City,25,1999,13.1,504,6,34,152,326,68,504,46,20,43.5,21,45.7,320,1975,960,29,20,15,45,19,361,78,Matches
333,Gabriel Martinelli,br BRA,"FW,MF",Arsenal,23,2001,25.4,994,17,102,247,660,182,994,109,33,30.3,60,55,670,4985,2620,124,33,64,50,38,752,289,Matches
334,Emiliano Martínez,ar ARG,GK,Aston Villa,31,1992,35.5,1449,1095,1429,20,0,0,1449,1,1,100,0,0,889,4616,2936,0,0,0,1,0,784,0,Matches
335,Lisandro Martínez,ar ARG,DF,Manchester Utd,26,1998,19.5,1524,156,713,697,125,18,1524,7,6,85.7,1,14.3,1017,5141,3129,23,23,2,1,3,1069,7,Matches
336,Pape Matar Sarr,sn SEN,MF,Tottenham,21,2002,21.3,1253,47,274,699,302,28,1253,30,11,36.7,16,53.3,772,4547,1918,33,37,5,29,22,872,53,Matches
337,Jean-Philippe Mateta,fr FRA,FW,Crystal Palace,27,1997,29.4,739,26,64,350,340,94,737,46,20,43.5,22,47.8,400,2143,1048,45,22,10,72,45,539,122,Matches
338,Stephy Mavididi,eng ENG,FW,Leicester City,26,1998,17.9,863,23,132,327,421,61,863,95,35,36.8,47,49.5,583,4343,2355,91,40,27,39,35,623,138,Matches
339,Konstantinos Mavropanos,gr GRE,DF,West Ham,26,1997,22.7,1532,244,806,671,63,24,1532,17,9,52.9,5,29.4,864,4287,2292,17,10,1,12,0,1008,2,Matches
340,Noussair Mazraoui,ma MAR,DF,Manchester Utd,26,1997,31.5,2139,167,839,976,349,30,2139,48,26,54.2,18,37.5,1172,5481,2884,42,32,3,25,17,1289,58,Matches
341,Bryan Mbeumo,cm CMR,FW,Brentford,24,1999,37.9,1781,62,246,567,998,168,1775,111,52,46.8,47,42.3,1077,6721,3519,130,69,75,106,47,1204,351,Matches
342,James Mcatee,eng ENG,"MF,FW",Manchester City,21,2002,3.9,168,2,17,62,90,21,168,7,2,28.6,5,71.4,96,486,211,7,6,1,5,1,122,32,Matches
343,Kasey McAteer,ie IRL,FW,Leicester City,22,2001,9.5,379,21,76,141,169,30,379,25,6,24,15,60,224,1455,575,19,11,9,20,16,243,71,Matches
344,Alex McCarthy,eng ENG,GK,Southampton,34,1989,5,173,141,173,0,0,0,173,0,0,,0,,100,452,276,0,0,0,0,0,88,0,Matches
345,John McGinn,sct SCO,"MF,FW",Aston Villa,29,1994,24.7,1072,31,164,558,361,58,1072,47,20,42.6,13,27.7,581,2930,1270,32,17,7,37,29,744,87,Matches
346,Dwight McNeil,eng ENG,"MF,FW",Everton,24,1999,15.2,748,6,73,328,368,25,748,45,24,53.3,20,44.4,443,2674,1162,38,34,5,26,33,510,80,Matches
347,Scott McTominay,sct SCO,MF,Manchester Utd,27,1996,0.2,14,1,3,8,3,1,14,1,0,0,1,100,10,68,44,0,0,0,1,1,9,2,Matches
348,Ben Mee,eng ENG,DF,Brentford,34,1989,2,138,18,66,62,11,3,138,0,0,,0,,78,404,274,3,1,1,0,0,86,2,Matches
349,Jayden Meghoma,eng ENG,DF,Brentford,18,2006,0.1,3,1,2,0,1,0,3,0,0,,0,,1,1,0,0,0,0,0,0,2,0,Matches
350,Mikel Merino,es ESP,"MF,FW",Arsenal,28,1996,17.6,783,37,140,330,323,79,783,23,9,39.1,10,43.5,388,1518,747,11,13,4,24,27,504,94,Matches
Rk,Player,Nation,Pos,Squad,Age,Born,90s,Touches,Def Pen,Def 3rd,Mid 3rd,Att 3rd,Att Pen,Live,Att,Succ,Succ%,Tkld,Tkld%,Carries,TotDist,PrgDist,PrgC,1/3,CPA,Mis,Dis,Rec,PrgR,Matches
351,Shumaira Mheuka,eng ENG,MF,Chelsea,16,2007,0,2,0,0,0,2,1,2,0,0,,0,,1,0,0,0,0,0,0,0,2,0,Matches
352,Nikola Milenković,rs SRB,DF,Nott'ham Forest,26,1997,37,1412,257,775,552,89,64,1412,1,1,100,0,0,547,2345,1116,3,3,2,4,2,727,6,Matches
353,Lewis Miley,eng ENG,MF,Newcastle Utd,18,2006,3.5,235,5,44,124,68,6,235,3,1,33.3,1,33.3,112,544,202,2,2,0,8,1,163,8,Matches
354,James Milner,eng ENG,MF,Brighton,38,1986,1.9,93,3,13,49,31,4,93,1,1,100,0,0,47,223,97,1,1,0,0,0,59,10,Matches
355,Tyrone Mings,eng ENG,DF,Aston Villa,31,1993,12.4,794,146,405,346,47,17,794,3,2,66.7,1,33.3,484,2662,1365,7,13,1,3,1,532,1,Matches
356,Yankuba Minteh,gm GAM,"FW,MF",Brighton,20,2004,20.4,836,30,135,228,491,146,836,98,46,46.9,43,43.9,481,3573,2105,90,24,67,53,28,511,201,Matches
357,Tyrick Mitchell,eng ENG,DF,Crystal Palace,24,1999,34.4,1754,114,622,671,475,43,1754,38,16,42.1,17,44.7,820,3825,1771,63,36,9,38,30,902,171,Matches
358,Kaoru Mitoma,jp JPN,"FW,MF",Brighton,27,1997,28.9,1375,17,155,468,782,164,1375,131,52,39.7,74,56.5,830,6659,3906,146,82,56,53,23,966,291,Matches
359,Jakub Moder,pl POL,MF,Brighton,25,1999,0.1,27,2,7,12,9,1,27,0,0,,0,,13,93,62,2,3,0,0,0,14,0,Matches
360,Jeremy Monga,,"FW,MF",Leicester City,,,1.2,51,1,9,16,27,5,51,7,2,28.6,3,42.9,37,336,157,6,2,3,5,2,32,10,Matches
361,Mikey Moore,eng ENG,FW,Tottenham,16,2007,4.1,142,4,17,43,83,13,142,17,2,11.8,13,76.5,106,781,374,12,6,5,10,7,107,40,Matches
362,Morato,br BRA,DF,Nott'ham Forest,23,2001,10.1,457,90,270,170,19,2,457,2,2,100,0,0,164,789,417,1,2,0,6,3,206,1,Matches
363,Álex Moreno,es ESP,"DF,MF",Nott'ham Forest,31,1993,10.6,559,60,210,202,158,8,559,21,8,38.1,8,38.1,229,1470,864,26,16,4,13,6,258,34,Matches
364,Sam Morsy,eg EGY,MF,Ipswich Town,32,1991,30.6,1683,97,498,953,248,6,1683,29,17,58.6,9,31,852,4649,2101,22,24,3,17,13,1137,13,Matches
365,Yerson Mosquera,co COL,DF,Wolves,23,2001,4.9,294,43,170,115,12,7,294,0,0,,0,,168,683,322,0,1,0,4,1,182,0,Matches
366,Mason Mount,eng ENG,MF,Manchester Utd,25,1999,6.9,339,11,45,161,137,31,339,10,1,10,8,80,215,1067,490,15,11,2,16,9,249,41,Matches
367,Divin Mubama,eng ENG,FW,Manchester City,19,2004,0.3,5,0,0,2,3,1,5,0,0,,0,,2,14,0,0,0,0,0,1,3,0,Matches
368,Mykhailo Mudryk,ua UKR,FW,Chelsea,23,2001,1.7,62,3,12,15,38,6,62,8,3,37.5,5,62.5,39,468,227,7,8,0,3,7,42,12,Matches
369,Marshall Munetsi,zw ZIM,"MF,FW",Wolves,28,1996,12,364,21,58,182,128,36,364,11,3,27.3,7,63.6,148,580,215,9,4,4,32,12,182,35,Matches
370,Rodrigo Muniz,br BRA,FW,Fulham,23,2001,10.7,311,14,27,161,127,55,311,18,6,33.3,9,50,157,651,187,6,4,3,47,24,237,31,Matches
371,Daniel Muñoz,co COL,DF,Crystal Palace,28,1996,35.9,2010,119,568,826,637,107,2010,56,21,37.5,33,58.9,806,4046,1797,62,40,18,55,20,956,206,Matches
372,Arijanet Muric,xk KVX,GK,Ipswich Town,25,1998,18,689,559,672,18,0,0,689,0,0,,0,,405,2088,1178,0,0,0,3,1,321,0,Matches
373,Murillo,br BRA,DF,Nott'ham Forest,22,2002,35.4,1918,421,989,840,105,24,1918,37,27,73,10,27,821,4254,2531,22,25,1,19,10,989,5,Matches
374,Jacob Murphy,eng ENG,FW,Newcastle Utd,29,1995,26.2,1271,27,188,474,622,92,1271,69,35,50.7,31,44.9,733,4416,2339,79,40,27,32,37,911,231,Matches
375,Vitaliy Mykolenko,ua UKR,DF,Everton,25,1999,34.2,1678,125,525,713,452,32,1678,20,8,40,9,45,697,2825,1506,33,28,1,23,11,860,99,Matches
Rk,Player,Nation,Pos,Squad,Age,Born,90s,Touches,Def Pen,Def 3rd,Mid 3rd,Att 3rd,Att Pen,Live,Att,Succ,Succ%,Tkld,Tkld%,Carries,TotDist,PrgDist,PrgC,1/3,CPA,Mis,Dis,Rec,PrgR,Matches
376,Iliman Ndiaye,sn SEN,FW,Everton,24,2000,27,1084,36,219,451,464,83,1082,143,68,47.6,64,44.8,621,4800,2367,86,44,32,55,44,674,122,Matches
377,Wilfred Ndidi,ng NGA,MF,Leicester City,27,1996,25.8,1400,119,461,699,253,61,1400,33,13,39.4,18,54.5,670,2727,1101,18,23,2,37,33,834,75,Matches
378,Kosta Nedeljković,rs SRB,DF,Aston Villa,18,2005,1.4,66,4,15,32,19,0,66,2,1,50,1,50,27,101,33,1,0,0,1,0,32,0,Matches
379,Reiss Nelson,eng ENG,FW,Arsenal,24,1999,0,2,0,1,1,0,0,2,0,0,,0,,1,4,4,0,0,0,0,0,1,0,Matches
380,Reiss Nelson,eng ENG,FW,Fulham,24,1999,5.4,347,5,30,110,212,35,347,35,13,37.1,13,37.1,259,1956,960,45,25,21,14,8,274,63,Matches
381,Neto,br BRA,GK,Bournemouth,35,1989,2,70,60,70,0,0,0,70,0,0,,0,,35,148,99,0,0,0,0,0,28,0,Matches
382,Pedro Neto,pt POR,FW,Chelsea,24,2000,25.2,1153,13,100,336,735,116,1153,104,34,32.7,46,44.2,746,6336,3342,126,57,45,45,30,838,253,Matches
383,Eddie Nketiah,eng ENG,"FW,MF",Crystal Palace,25,1999,11.5,412,11,47,176,198,67,412,31,11,35.5,16,51.6,246,1713,878,41,25,14,34,17,294,79,Matches
384,Christopher Nkunku,fr FRA,FW,Chelsea,26,1997,10.2,448,10,52,183,217,52,448,27,10,37,14,51.9,280,1368,628,17,16,13,18,17,356,68,Matches
385,Gustavo Nunes,br BRA,"FW,MF",Brentford,18,2005,0.1,7,1,4,1,2,1,7,0,0,,0,,1,16,11,1,0,1,1,0,1,0,Matches
386,Matheus Nunes,pt POR,"DF,MF",Manchester City,25,1998,18.6,1416,47,251,560,614,62,1416,41,19,46.3,14,34.1,866,4503,2315,63,37,24,32,13,1013,175,Matches
387,Darwin Núñez,uy URU,FW,Liverpool,25,1999,12.6,366,10,45,122,210,74,366,23,8,34.8,14,60.9,201,1063,568,23,19,12,24,21,248,78,Matches
388,Ethan Nwaneri,eng ENG,"FW,MF",Arsenal,17,2007,9.9,544,3,44,167,339,44,544,62,37,59.7,19,30.6,365,2852,1329,46,25,17,23,17,398,113,Matches
389,Christian Nørgaard,dk DEN,MF,Brentford,30,1994,31.3,1802,176,613,855,350,57,1802,14,7,50,5,35.7,826,3115,1391,14,16,4,34,20,1075,42,Matches
390,Jake O'Brien,ie IRL,DF,Everton,23,2001,17.5,900,93,374,390,139,22,900,10,4,40,5,50,391,1801,906,7,6,2,5,5,481,25,Matches
391,Matt O'Riley,dk DEN,MF,Brighton,23,2000,10.4,525,20,80,232,215,47,524,13,8,61.5,4,30.8,275,1139,544,22,12,8,19,4,307,52,Matches
392,Dara O'Shea,ie IRL,DF,Ipswich Town,25,1999,34.7,2022,393,1169,730,129,51,2022,2,1,50,1,50,897,4023,2069,3,2,0,12,4,1162,8,Matches
393,Chidozie Obi-Martin,dk DEN,FW,Manchester Utd,16,2007,1.8,47,3,6,21,20,9,47,3,1,33.3,2,66.7,22,114,50,2,0,1,5,1,29,12,Matches
394,Wilson Odobert,fr FRA,"FW,MF",Tottenham,19,2004,9.4,381,7,46,142,197,35,381,32,12,37.5,17,53.1,265,1949,1146,45,25,18,21,17,273,66,Matches
395,Chiedozie Ogbene,ie IRL,FW,Ipswich Town,27,1997,2.6,70,3,11,19,40,6,70,7,1,14.3,3,42.9,41,330,139,7,2,2,4,2,43,15,Matches
396,Caleb Okoli,it ITA,DF,Leicester City,23,2001,12.5,806,152,451,325,35,10,806,0,0,,0,,468,2318,1106,3,6,0,10,2,484,2,Matches
397,Robin Olsen,se SWE,GK,Aston Villa,34,1990,2.5,110,94,109,1,0,0,110,0,0,,0,,50,270,132,0,0,0,0,0,46,0,Matches
398,Amadou Onana,be BEL,MF,Aston Villa,22,2001,18,998,71,269,586,159,23,998,20,14,70,3,15,553,2931,1577,29,25,1,11,9,671,16,Matches
399,André Onana,cm CMR,GK,Manchester Utd,28,1996,34,1371,1046,1350,22,0,0,1371,1,1,100,0,0,961,4851,2676,0,0,0,1,0,832,0,Matches
400,Paul Onuachu,ng NGA,FW,Southampton,30,1994,11.7,440,17,45,235,163,67,440,26,8,30.8,14,53.8,214,857,248,7,5,2,50,36,358,40,Matches
Rk,Player,Nation,Pos,Squad,Age,Born,90s,Touches,Def Pen,Def 3rd,Mid 3rd,Att 3rd,Att Pen,Live,Att,Succ,Succ%,Tkld,Tkld%,Carries,TotDist,PrgDist,PrgC,1/3,CPA,Mis,Dis,Rec,PrgR,Matches
401,Frank Onyeka,ng NGA,MF,Brentford,26,1998,0.3,10,0,1,5,4,0,10,0,0,,0,,6,55,14,0,0,0,2,1,6,0,Matches
402,Lewis Orford,eng ENG,MF,West Ham,18,2006,0.5,42,1,8,28,7,2,42,0,0,,0,,22,98,27,0,0,0,1,0,31,1,Matches
403,Stefan Ortega,de GER,GK,Manchester City,31,1992,12.2,492,383,489,3,0,0,492,0,0,,0,,323,1489,864,0,0,0,0,0,309,0,Matches
404,William Osula,dk DEN,FW,Newcastle Utd,20,2003,1.5,56,1,4,21,32,8,56,6,3,50,3,50,37,252,126,5,1,2,7,6,42,17,Matches
405,Dango Ouattara,bf BFA,FW,Bournemouth,22,2002,22.3,959,62,165,316,497,128,959,82,39,47.6,34,41.5,492,3577,1777,79,35,38,63,32,577,191,Matches
406,Nico O’Reilly,eng ENG,DF,Manchester City,19,2005,5.9,419,14,71,223,130,18,419,15,9,60,6,40,249,1171,575,16,15,0,14,15,298,26,Matches
407,Alex Palmer,eng ENG,GK,Ipswich Town,27,1996,13,470,396,461,10,0,0,470,0,0,,0,,210,1205,750,0,0,0,2,0,170,0,Matches
408,Cole Palmer,eng ENG,"MF,FW",Chelsea,22,2002,35.5,1851,23,150,824,901,144,1846,113,51,45.1,46,40.7,1173,7917,3804,120,76,41,71,37,1366,187,Matches
409,Emerson Palmieri,it ITA,DF,West Ham,29,1994,23.5,1325,82,422,559,359,28,1325,30,10,33.3,17,56.7,555,3013,1737,47,25,9,24,7,747,83,Matches
410,Lucas Paquetá,br BRA,"MF,FW",West Ham,26,1997,26.4,1796,62,367,989,454,59,1794,47,21,44.7,21,44.7,921,3358,1416,26,34,2,54,51,1268,85,Matches
411,Thomas Partey,gh GHA,"MF,DF",Arsenal,31,1993,31.1,2193,74,457,1214,534,33,2193,35,24,68.6,9,25.7,1256,6822,3691,36,42,3,24,17,1561,48,Matches
412,Nathan Patterson,sct SCO,DF,Everton,22,2001,3.9,215,11,52,90,75,5,215,12,9,75,2,16.7,95,420,216,6,5,2,4,2,117,18,Matches
413,Andreas Pereira,br BRA,MF,Fulham,28,1996,22.4,1148,22,169,466,531,46,1147,30,14,46.7,8,26.7,578,2764,1341,29,38,9,29,22,676,81,Matches
414,Ricardo Pereira,pt POR,DF,Leicester City,30,1993,4.3,296,17,90,166,41,5,296,9,6,66.7,2,22.2,151,453,186,3,3,2,3,1,172,5,Matches
415,Kalvin Phillips,eng ENG,MF,Ipswich Town,28,1995,13.7,739,61,223,398,122,5,739,12,5,41.7,6,50,310,1489,569,4,5,0,25,10,394,4,Matches
416,Jaden Philogene Bidace,eng ENG,"FW,MF",Aston Villa,22,2002,3.7,145,4,27,54,66,14,145,15,4,26.7,8,53.3,75,520,239,7,5,7,7,3,83,17,Matches
417,Jaden Philogene Bidace,eng ENG,"FW,DF",Ipswich Town,22,2002,5.3,220,10,53,68,101,18,220,18,5,27.8,11,61.1,127,862,305,13,3,5,11,10,133,36,Matches
418,Jordan Pickford,eng ENG,GK,Everton,30,1994,38,1708,1116,1640,69,0,0,1708,0,0,,0,,989,5989,3568,0,0,0,2,0,871,0,Matches
419,Ethan Pinnock,jm JAM,DF,Brentford,31,1993,21.3,1348,294,783,457,109,24,1348,9,3,33.3,6,66.7,633,3117,1633,3,4,0,2,4,760,9,Matches
420,Daniel Podence,pt POR,"MF,FW",Wolves,28,1995,0.5,20,0,2,11,7,0,20,2,2,100,0,0,13,77,43,1,1,0,0,0,17,3,Matches
421,Alfie Pond,eng ENG,DF,Wolves,20,2004,0,1,0,0,1,0,0,1,0,0,,0,,1,2,2,0,0,0,0,0,1,0,Matches
422,Nick Pope,eng ENG,GK,Newcastle Utd,32,1992,28,872,688,857,15,0,0,872,0,0,,0,,439,2510,1708,0,0,0,0,1,305,0,Matches
423,Pedro Porro,es ESP,DF,Tottenham,24,1999,29,2237,128,675,812,763,32,2237,40,14,35,24,60,1187,5444,2841,65,43,5,25,18,1291,109,Matches
424,Jarell Quansah,eng ENG,DF,Liverpool,21,2003,5.5,464,80,245,189,30,6,464,3,1,33.3,2,66.7,268,1421,709,3,4,1,5,2,321,4,Matches
425,Aaron Ramsdale,eng ENG,GK,Southampton,26,1998,30,1314,946,1286,32,0,0,1314,0,0,,0,,786,4017,2349,0,0,0,3,0,702,0,Matches
Rk,Player,Nation,Pos,Squad,Age,Born,90s,Touches,Def Pen,Def 3rd,Mid 3rd,Att 3rd,Att Pen,Live,Att,Succ,Succ%,Tkld,Tkld%,Carries,TotDist,PrgDist,PrgC,1/3,CPA,Mis,Dis,Rec,PrgR,Matches
426,Jacob Ramsey,eng ENG,"FW,MF",Aston Villa,23,2001,18,762,12,146,272,359,74,762,46,25,54.3,13,28.3,496,3441,1766,61,31,21,42,23,577,114,Matches
427,Marcus Rashford,eng ENG,"FW,MF",Manchester Utd,26,1997,10.9,440,3,35,189,222,34,440,39,9,23.1,26,66.7,293,1694,728,20,19,12,14,6,341,79,Matches
428,Marcus Rashford,eng ENG,FW,Aston Villa,26,1997,4.9,227,2,14,58,159,30,226,22,9,40.9,13,59.1,127,892,471,22,10,15,8,1,149,42,Matches
429,David Raya,es ESP,GK,Arsenal,28,1995,38,1480,880,1388,92,0,0,1480,1,1,100,0,0,921,4542,2729,0,0,0,1,0,841,0,Matches
430,Harrison Reed,eng ENG,MF,Fulham,29,1995,1.2,78,2,11,28,40,5,78,2,0,0,1,50,31,95,27,1,1,0,2,2,38,7,Matches
431,Remy Rees-Dottin,eng ENG,FW,Bournemouth,18,2006,0,0,0,0,0,0,0,0,0,0,,0,,0,0,0,0,0,0,0,0,0,0,Matches
432,Sergio Reguilón,es ESP,DF,Tottenham,27,1996,2.2,167,9,57,73,38,3,167,6,2,33.3,1,16.7,88,383,233,5,2,1,2,1,97,12,Matches
433,Vitor Reis,br BRA,DF,Manchester City,18,2006,0,3,1,2,1,0,0,3,1,1,100,0,0,2,3,0,0,0,0,0,0,2,0,Matches
434,Chadi Riad,ma MAR,DF,Crystal Palace,21,2003,1,90,5,41,49,1,0,90,0,0,,0,,58,318,232,2,0,0,1,0,69,0,Matches
435,Declan Rice,eng ENG,MF,Arsenal,25,1999,31.4,1948,82,325,909,733,81,1948,29,14,48.3,14,48.3,1031,6464,3394,90,58,16,36,32,1266,94,Matches
436,Chris Richards,us USA,DF,Crystal Palace,24,2000,21.4,1118,134,611,440,73,18,1118,6,1,16.7,5,83.3,517,2316,964,6,5,0,5,5,614,2,Matches
437,Richarlison,br BRA,FW,Tottenham,27,1997,5.6,173,8,21,89,64,29,173,16,1,6.3,14,87.5,89,424,168,8,8,3,9,8,120,22,Matches
438,Andrew Robertson,sct SCO,DF,Liverpool,30,1994,27.6,2083,92,538,940,620,53,2083,18,7,38.9,10,55.6,1107,4939,2849,64,52,6,25,13,1398,108,Matches
439,Antonee Robinson,us USA,DF,Fulham,26,1997,35.2,2523,139,828,942,788,70,2523,83,38,45.8,34,41,1343,7361,4230,118,61,30,44,20,1509,274,Matches
440,Jay Robinson,eng ENG,"MF,FW",Southampton,17,2007,1.5,54,4,15,18,22,5,54,11,6,54.5,5,45.5,33,188,92,3,2,1,1,6,29,10,Matches
441,Rodri,es ESP,MF,Manchester City,28,1996,0.8,74,1,14,37,24,0,74,1,0,0,0,0,39,172,82,1,2,0,0,0,56,1,Matches
442,Guido Rodríguez,ar ARG,MF,West Ham,30,1994,12.8,709,54,223,423,64,5,709,6,3,50,1,16.7,327,1167,481,4,5,2,4,7,408,7,Matches
443,Mads Roerslev,dk DEN,DF,Brentford,25,1999,12.2,645,49,234,268,146,20,645,19,7,36.8,8,42.1,352,1630,858,17,13,0,9,6,406,54,Matches
444,Morgan Rogers,eng ENG,"FW,MF",Aston Villa,22,2002,34.6,1362,43,200,592,597,142,1362,160,66,41.3,74,46.3,794,5594,3232,114,68,33,114,74,956,188,Matches
445,Cristian Romero,ar ARG,DF,Tottenham,26,1998,15.7,1377,157,594,720,74,23,1377,4,1,25,2,50,896,4702,2893,12,18,0,10,5,936,3,Matches
446,Georginio Rutter,fr FRA,"MF,FW",Brighton,22,2002,18.4,641,20,83,246,326,79,641,71,27,38,34,47.9,361,2467,1405,42,36,16,45,37,411,79,Matches
447,José Sá,pt POR,GK,Wolves,31,1993,29,985,785,976,10,0,0,985,8,8,100,0,0,630,3790,2483,0,0,0,1,0,485,0,Matches
448,Bukayo Saka,eng ENG,"FW,MF",Arsenal,22,2001,19.2,979,6,57,216,715,162,978,90,41,45.6,37,41.1,628,4253,2460,96,32,51,34,40,711,255,Matches
449,Mohamed Salah,eg EGY,FW,Liverpool,32,1992,37.5,1695,11,97,500,1119,356,1686,137,58,42.3,72,52.6,1150,6909,3700,155,59,127,116,67,1407,488,Matches
450,William Saliba,fr FRA,DF,Arsenal,23,2001,33.8,2824,190,1127,1571,142,18,2824,19,12,63.2,6,31.6,1756,7626,4154,16,17,1,19,8,2137,6,Matches
Rk,Player,Nation,Pos,Squad,Age,Born,90s,Touches,Def Pen,Def 3rd,Mid 3rd,Att 3rd,Att Pen,Live,Att,Succ,Succ%,Tkld,Tkld%,Carries,TotDist,PrgDist,PrgC,1/3,CPA,Mis,Dis,Rec,PrgR,Matches
451,Robert Sánchez,es ESP,GK,Chelsea,26,1997,32,1323,980,1311,12,0,0,1323,0,0,,0,,881,4456,2852,0,0,0,0,0,822,0,Matches
452,Jadon Sancho,eng ENG,FW,Chelsea,24,2000,19.6,975,13,117,283,585,121,975,97,45,46.4,40,41.2,653,4450,2435,102,35,57,30,21,760,225,Matches
453,Ibrahim Sangaré,ci CIV,MF,Nott'ham Forest,26,1997,6.6,407,26,110,247,52,7,407,1,0,0,1,100,171,759,283,1,2,0,5,4,236,4,Matches
454,Pablo Sarabia,es ESP,"MF,FW",Wolves,32,1992,9,552,4,58,271,226,24,552,15,6,40,7,46.7,325,1497,731,15,15,0,22,14,387,62,Matches
455,Jeremy Sarmiento,ec ECU,MF,Brighton,22,2002,0.1,8,0,0,6,2,0,8,0,0,,0,,6,61,10,0,0,0,1,0,7,2,Matches
456,Ismaila Sarr,sn SEN,MF,Crystal Palace,26,1998,30.1,1091,48,180,411,511,135,1091,61,17,27.9,35,57.4,607,3721,2108,75,47,28,70,43,739,183,Matches
457,Sávio,br BRA,"FW,MF",Manchester City,20,2004,19.6,1095,14,55,286,774,154,1095,113,52,46,40,35.4,783,6489,3559,137,45,75,42,38,852,246,Matches
458,Oliver Scarles,eng ENG,"DF,FW",West Ham,18,2005,7.4,466,32,159,179,133,9,466,7,2,28.6,5,71.4,219,871,483,12,9,2,12,3,272,44,Matches
459,Dane Scarlett,eng ENG,"FW,MF",Tottenham,20,2004,0.4,9,1,3,5,1,1,9,0,0,,0,,5,66,33,1,0,0,0,1,4,1,Matches
460,Kevin Schade,de GER,FW,Brentford,22,2001,25.5,883,43,154,238,507,146,883,89,30,33.7,52,58.4,434,3086,1357,61,28,38,60,36,543,165,Matches
461,Fabian Schär,ch SUI,DF,Newcastle Utd,32,1991,32.6,2319,266,1178,991,162,42,2319,13,8,61.5,3,23.1,1438,6526,3744,18,27,2,12,6,1609,22,Matches
462,Jeffrey Schlupp,gh GHA,"MF,DF",Crystal Palace,31,1992,1.1,79,2,9,31,41,6,79,1,1,100,0,0,30,150,67,4,1,1,7,0,41,9,Matches
463,Alex Scott,eng ENG,MF,Bournemouth,20,2003,8.4,485,24,90,257,144,18,485,26,6,23.1,13,50,247,1401,663,15,10,3,23,8,294,33,Matches
464,Matz Sels,be BEL,GK,Nott'ham Forest,32,1992,38,1102,833,1082,20,0,0,1102,0,0,,0,,528,3230,1697,1,1,1,0,0,426,0,Matches
465,Nélson Semedo,pt POR,DF,Wolves,30,1993,32.1,1717,123,483,788,467,27,1717,71,32,45.1,31,43.7,901,5223,2688,67,41,10,42,21,995,119,Matches
466,Antoine Semenyo,gh GHA,FW,Bournemouth,24,2000,35.6,1653,46,206,573,909,191,1653,135,69,51.1,57,42.2,979,7353,3581,140,69,67,84,77,1140,282,Matches
467,Marcos Senesi,ar ARG,DF,Bournemouth,27,1997,12.3,889,73,391,427,82,16,889,10,6,60,4,40,554,2862,1677,12,16,0,7,6,565,7,Matches
468,Ryan Sessegnon,eng ENG,"FW,DF",Fulham,24,2000,6.4,363,15,88,131,149,45,363,21,8,38.1,10,47.6,180,1054,549,18,14,10,19,8,210,59,Matches
469,Luke Shaw,eng ENG,DF,Manchester Utd,29,1995,3.9,317,26,128,149,42,4,317,1,0,0,1,100,226,1102,548,7,8,0,2,0,248,7,Matches
470,Zain Silcott-Duberry,ms MSR,FW,Bournemouth,19,2005,0,3,0,1,0,2,0,3,0,0,,0,,1,6,6,0,0,0,0,0,2,0,Matches
471,Bernardo Silva,pt POR,"MF,FW",Manchester City,29,1994,29.7,2054,50,355,843,876,141,2054,61,28,45.9,26,42.6,1288,8110,4045,101,65,32,25,34,1518,200,Matches
472,Jota Silva,pt POR,"FW,MF",Nott'ham Forest,24,1999,9.5,357,19,83,104,181,46,357,34,10,29.4,15,44.1,175,1153,632,21,13,9,24,12,202,59,Matches
473,Eric da Silva Moreira,de GER,"MF,DF",Nott'ham Forest,18,2006,0.3,13,3,7,4,2,0,13,1,0,0,1,100,4,26,11,1,0,0,1,0,3,1,Matches
474,Jahmai Simpson-Pusey,eng ENG,DF,Manchester City,18,2005,1.1,123,9,61,59,3,1,123,1,0,0,0,0,79,376,190,1,0,0,1,0,101,0,Matches
475,Luis Sinisterra,co COL,"FW,MF",Bournemouth,25,1999,2.6,155,7,18,41,96,23,155,20,8,40,10,50,95,744,393,19,6,10,6,3,102,38,Matches
Rk,Player,Nation,Pos,Squad,Age,Born,90s,Touches,Def Pen,Def 3rd,Mid 3rd,Att 3rd,Att Pen,Live,Att,Succ,Succ%,Tkld,Tkld%,Carries,TotDist,PrgDist,PrgC,1/3,CPA,Mis,Dis,Rec,PrgR,Matches
476,Oliver Skipp,eng ENG,MF,Leicester City,23,2000,12.5,612,29,141,383,92,9,612,12,7,58.3,5,41.7,347,1392,644,16,7,3,12,7,419,19,Matches
477,William Smallbone,ie IRL,MF,Southampton,24,2000,7.7,431,17,83,213,139,17,431,6,4,66.7,2,33.3,193,787,397,5,9,1,12,6,262,25,Matches
478,Adam Smith,eng ENG,DF,Bournemouth,33,1991,17.7,825,41,240,394,197,8,825,16,6,37.5,7,43.8,366,1552,711,15,18,1,13,7,403,34,Matches
479,Emile Smith Rowe,eng ENG,MF,Fulham,24,2000,22.7,1223,20,166,591,476,60,1223,35,16,45.7,16,45.7,779,3728,1932,53,40,12,36,18,940,127,Matches
480,Dominic Solanke,eng ENG,FW,Tottenham,26,1997,24.5,655,33,74,299,288,112,654,51,17,33.3,31,60.8,385,2126,848,31,23,14,69,51,459,88,Matches
481,Carlos Soler,es ESP,"MF,FW",West Ham,27,1997,15.7,794,27,180,409,210,26,794,18,8,44.4,9,50,367,1806,783,17,17,4,14,14,539,37,Matches
482,Julio Soler,ar ARG,"DF,FW",Bournemouth,19,2005,0.1,17,0,3,6,8,0,17,0,0,,0,,12,30,8,0,0,0,1,0,14,2,Matches
483,Ramón Sosa,py PAR,"FW,MF",Nott'ham Forest,24,1999,3.3,154,6,36,48,77,15,154,13,8,61.5,5,38.5,75,601,333,12,7,5,6,5,81,17,Matches
484,Tomáš Souček,cz CZE,MF,West Ham,29,1995,28.5,1280,128,355,626,303,102,1280,12,6,50,6,50,506,1553,559,9,12,3,20,15,764,68,Matches
485,Boubakary Soumaré,fr FRA,MF,Leicester City,25,1999,24.1,1441,73,386,903,166,18,1441,45,27,60,14,31.1,847,3904,2011,34,19,4,24,22,1013,23,Matches
486,Djed Spence,eng ENG,DF,Tottenham,23,2000,19.9,1428,81,500,641,309,25,1428,76,38,50,31,40.8,794,4661,2481,59,44,7,28,33,872,70,Matches
487,Jay Stansfield,eng ENG,MF,Fulham,21,2002,0,0,0,0,0,0,0,0,0,0,,0,,0,0,0,0,0,0,0,0,0,0,Matches
488,Jason Steele,eng ENG,GK,Brighton,33,1990,2,114,107,114,0,0,0,114,0,0,,0,,91,361,151,0,0,0,0,0,83,0,Matches
489,Jack Stephens,eng ENG,DF,Southampton,30,1994,15.4,1097,128,461,543,97,11,1097,4,0,0,4,100,631,2996,1407,14,12,1,3,3,783,2,Matches
490,Raheem Sterling,eng ENG,"FW,MF",Arsenal,29,1994,5.5,274,2,10,58,209,38,274,30,10,33.3,10,33.3,201,1407,750,27,11,15,13,14,211,79,Matches
491,Ross Stewart,sct SCO,FW,Southampton,28,1996,4.3,140,9,25,55,62,15,140,5,3,60,2,40,64,298,81,3,0,4,7,9,100,10,Matches
492,Jakub Stolarczyk,pl POL,GK,Leicester City,23,2000,10,411,309,406,6,0,0,411,0,0,,0,,221,983,595,0,0,0,1,0,225,0,Matches
493,John Stones,eng ENG,"DF,MF",Manchester City,30,1994,6.1,442,40,142,234,68,4,442,2,2,100,0,0,292,2146,1183,10,14,0,2,0,333,2,Matches
494,Jørgen Strand Larsen,no NOR,FW,Wolves,24,2000,28.7,736,36,85,348,304,108,736,20,8,40,11,55,345,1194,464,17,14,9,90,34,534,112,Matches
495,Yukinari Sugawara,jp JPN,"DF,MF",Southampton,24,2000,17.3,1066,67,327,410,334,29,1066,20,9,45,10,50,564,2569,1384,33,16,7,18,5,709,78,Matches
496,Kamaldeen Sulemana,gh GHA,"FW,MF",Southampton,22,2002,15.6,587,17,92,219,301,59,587,103,39,37.9,56,54.4,380,3283,1620,63,37,28,50,25,410,87,Matches
497,Crysencio Summerville,nl NED,"FW,MF",West Ham,22,2001,8.7,372,9,47,147,181,38,372,39,13,33.3,18,46.2,207,1463,762,29,15,13,20,16,259,71,Matches
498,Sammie Szmodics,ie IRL,"FW,MF",Ipswich Town,28,1995,11,318,17,80,125,119,33,318,12,4,33.3,6,50,179,1003,407,16,8,7,24,17,193,47,Matches
499,Dominik Szoboszlai,hu HUN,MF,Liverpool,23,2000,27.7,1584,32,220,761,626,104,1584,41,21,51.2,17,41.5,805,4223,2372,72,49,18,37,23,1073,127,Matches
500,Matt Targett,eng ENG,DF,Newcastle Utd,28,1995,0.2,17,0,3,8,6,0,17,0,0,,0,,4,12,6,0,0,0,0,0,12,1,Matches
Rk,Player,Nation,Pos,Squad,Age,Born,90s,Touches,Def Pen,Def 3rd,Mid 3rd,Att 3rd,Att Pen,Live,Att,Succ,Succ%,Tkld,Tkld%,Carries,TotDist,PrgDist,PrgC,1/3,CPA,Mis,Dis,Rec,PrgR,Matches
501,James Tarkowski,eng ENG,DF,Everton,31,1992,32.5,1706,355,974,635,106,57,1706,7,5,71.4,2,28.6,727,3610,1943,9,10,0,13,7,927,3,Matches
502,Marcus Tavernier,eng ENG,"FW,MF",Bournemouth,25,1999,21.5,1196,20,135,468,622,58,1196,65,28,43.1,31,47.7,705,4335,2068,53,51,9,46,47,790,129,Matches
503,Charlie Taylor,eng ENG,DF,Southampton,30,1993,4,279,35,121,120,39,2,279,2,2,100,0,0,116,500,187,3,3,0,1,1,172,7,Matches
504,Jack Taylor,ie IRL,MF,Ipswich Town,26,1998,9.6,534,32,161,281,103,8,534,11,4,36.4,4,36.4,254,1506,791,11,10,1,10,6,345,23,Matches
505,Mathys Tel,fr FRA,FW,Tottenham,19,2005,10.1,414,9,58,150,217,40,413,53,15,28.3,31,58.5,266,1578,805,28,23,11,28,15,279,72,Matches
506,Kenny Tete,nl NED,DF,Fulham,28,1995,19.7,1205,79,402,484,329,37,1205,20,9,45,6,30,611,2851,1336,34,21,7,17,10,695,54,Matches
507,Thiago,br BRA,"FW,MF",Brentford,23,2001,1.9,83,7,15,34,36,4,83,5,3,60,2,40,45,159,53,3,3,1,6,2,51,8,Matches
508,Luke Thomas,eng ENG,DF,Leicester City,23,2001,12.3,775,50,294,366,120,8,775,6,3,50,3,50,371,1457,585,5,8,2,12,4,431,16,Matches
509,Youri Tielemans,be BEL,MF,Aston Villa,27,1997,33.6,2385,103,479,1366,565,45,2384,61,31,50.8,19,31.1,1288,5561,2551,39,26,9,31,29,1667,48,Matches
510,Kieran Tierney,sct SCO,"DF,FW",Arsenal,27,1997,2.9,199,8,36,72,91,6,199,4,2,50,1,25,108,447,253,8,6,1,3,0,143,29,Matches
511,Jurriën Timber,nl NED,DF,Arsenal,23,2001,26.9,1661,51,304,859,505,66,1661,53,24,45.3,24,45.3,890,3916,2076,57,27,11,33,24,1052,104,Matches
512,Jean-Clair Todibo,fr FRA,DF,West Ham,24,1999,20.3,1297,165,716,543,47,11,1297,16,9,56.3,7,43.8,760,3221,1602,9,5,0,14,11,890,5,Matches
513,Harry Toffolo,eng ENG,DF,Nott'ham Forest,28,1995,1.5,88,9,32,22,34,2,88,0,0,,0,,17,57,23,0,0,0,0,0,30,4,Matches
514,Takehiro Tomiyasu,jp JPN,DF,Arsenal,25,1998,0.1,7,1,4,1,2,1,7,0,0,,0,,1,7,5,0,0,0,0,0,2,0,Matches
515,Sandro Tonali,it ITA,MF,Newcastle Utd,24,2000,29.2,1818,64,406,991,450,45,1818,37,20,54.1,14,37.8,979,5567,2334,37,40,6,30,23,1257,53,Matches
516,Pau Torres,es ESP,DF,Aston Villa,27,1997,22.4,1518,237,701,726,97,17,1518,17,15,88.2,2,11.8,965,6359,4176,40,27,0,6,5,1090,8,Matches
517,Conor Townsend,eng ENG,DF,Ipswich Town,31,1993,3.7,172,28,87,50,38,5,172,0,0,,0,,53,278,136,2,2,0,2,2,75,13,Matches
518,Adama Traoré,es ESP,"FW,MF",Fulham,28,1996,19.7,801,4,83,285,455,91,801,97,48,49.5,36,37.1,538,4631,2486,100,45,33,37,25,607,161,Matches
519,Boubacar Traoré,ml MLI,MF,Wolves,22,2001,0,2,0,0,2,0,0,2,0,0,,0,,0,0,0,0,0,0,0,0,0,0,Matches
520,Mark Travers,ie IRL,GK,Bournemouth,25,1999,5,162,144,159,3,0,0,162,0,0,,0,,85,426,188,0,0,0,0,0,68,0,Matches
521,Ryan Trevitt,eng ENG,MF,Brentford,21,2003,0,7,1,2,4,1,0,7,0,0,,0,,4,7,2,0,0,0,0,0,4,1,Matches
522,Kieran Trippier,eng ENG,DF,Newcastle Utd,33,1990,14.5,1388,50,375,616,406,13,1388,8,4,50,4,50,609,2258,1224,26,14,4,11,8,847,58,Matches
523,Leandro Trossard,be BEL,FW,Arsenal,29,1994,28.3,1278,17,135,399,762,158,1278,86,38,44.2,37,43,828,5024,2218,80,55,30,66,52,956,226,Matches
524,Kostas Tsimikas,gr GRE,DF,Liverpool,28,1996,9.3,741,33,190,327,229,13,741,12,5,41.7,5,41.7,368,1567,790,17,8,2,6,4,472,43,Matches
525,Axel Tuanzebe,cd COD,DF,Ipswich Town,26,1997,19,971,97,407,426,145,8,971,10,4,40,6,60,402,1698,826,10,7,1,11,1,516,15,Matches
Rk,Player,Nation,Pos,Squad,Age,Born,90s,Touches,Def Pen,Def 3rd,Mid 3rd,Att 3rd,Att Pen,Live,Att,Succ,Succ%,Tkld,Tkld%,Carries,TotDist,PrgDist,PrgC,1/3,CPA,Mis,Dis,Rec,PrgR,Matches
526,Destiny Udogie,it ITA,DF,Tottenham,21,2002,21.4,1376,63,394,609,389,49,1376,32,13,40.6,16,50,758,4340,2352,54,40,12,37,19,819,94,Matches
527,Manuel Ugarte,uy URU,MF,Manchester Utd,23,2001,19.8,1161,46,331,639,211,16,1161,32,18,56.3,10,31.3,668,2883,1347,16,16,1,32,25,728,20,Matches
528,Lesley Ugochukwu,fr FRA,MF,Southampton,20,2004,18.4,879,50,215,501,169,24,879,28,19,67.9,8,28.6,479,2565,1229,29,15,6,12,13,600,20,Matches
529,Enes Ünal,tr TUR,"FW,MF",Bournemouth,27,1997,3.8,172,6,14,63,95,26,172,12,1,8.3,10,83.3,91,261,95,4,3,1,17,13,133,22,Matches
530,Hákon Valdimarsson,is ISL,GK,Brentford,22,2001,1.6,72,60,71,1,0,0,72,0,0,,0,,44,191,80,0,0,0,0,0,36,0,Matches
531,Virgil van Dijk,nl NED,DF,Liverpool,33,1991,37,3300,450,1317,1827,166,48,3300,5,3,60,2,40,1856,8754,4846,22,24,3,10,5,2281,6,Matches
532,Jamie Vardy,eng ENG,FW,Leicester City,37,1987,31.4,586,30,61,272,260,111,584,23,11,47.8,10,43.5,285,1504,717,29,13,16,34,14,382,120,Matches
533,Renato Veiga,pt POR,"DF,MF",Chelsea,21,2003,2,167,2,61,82,27,3,167,5,3,60,2,40,85,417,144,4,5,1,1,0,110,3,Matches
534,Joël Veltman,nl NED,DF,Brighton,32,1992,18.9,1133,65,332,558,253,10,1133,15,4,26.7,5,33.3,548,2917,1521,32,25,3,19,7,626,34,Matches
535,Micky van de Ven,nl NED,DF,Tottenham,23,2001,11.3,895,110,460,408,36,9,895,8,4,50,4,50,620,2883,1407,8,10,1,5,5,651,1,Matches
536,Bart Verbruggen,nl NED,GK,Brighton,21,2002,36,1406,1109,1392,14,0,0,1406,2,2,100,0,0,955,3507,1804,0,1,1,2,0,909,0,Matches
537,Jannik Vestergaard,dk DEN,DF,Leicester City,31,1992,15.5,1092,196,572,497,28,10,1092,4,4,100,0,0,672,2932,1458,3,3,0,2,0,757,2,Matches
538,Guglielmo Vicario,it ITA,GK,Tottenham,27,1996,24,928,626,910,18,0,0,928,1,1,100,0,0,661,3067,1700,0,0,0,0,0,597,0,Matches
539,Carlos Vinícius,br BRA,"MF,FW",Fulham,29,1995,0.2,7,0,1,3,3,2,7,1,1,100,0,0,7,24,11,1,0,1,1,0,6,3,Matches
540,Kyle Walker,eng ENG,DF,Manchester City,34,1990,10.8,892,26,197,473,228,5,892,6,3,50,2,33.3,499,2284,1106,12,13,0,9,2,630,11,Matches
541,Kyle Walker-Peters,eng ENG,DF,Southampton,27,1997,32.4,2022,151,615,884,540,59,2022,92,38,41.3,39,42.4,1271,7917,4373,114,72,24,32,39,1433,144,Matches
542,Christian Walton,eng ENG,GK,Ipswich Town,28,1995,7,272,248,271,1,0,0,272,0,0,,0,,143,699,384,0,0,0,0,0,131,0,Matches
543,Aaron Wan-Bissaka,cd COD,DF,West Ham,26,1997,35,2256,147,682,969,637,48,2256,122,64,52.5,43,35.2,1092,6700,3661,110,65,15,35,22,1322,167,Matches
544,Danny Ward,wls WAL,GK,Leicester City,31,1993,1.5,55,40,55,0,0,0,55,1,0,0,1,100,44,176,107,0,0,0,0,0,35,0,Matches
545,Joel Ward,eng ENG,DF,Crystal Palace,34,1989,0.8,32,3,17,15,1,0,32,1,0,0,1,100,15,43,15,0,0,0,0,0,16,1,Matches
546,James Ward-Prowse,eng ENG,MF,West Ham,29,1994,11.5,849,30,180,513,158,11,849,5,2,40,3,60,427,1999,845,11,16,0,3,6,593,9,Matches
547,James Ward-Prowse,eng ENG,MF,Nott'ham Forest,29,1994,4.4,205,13,49,115,45,1,205,0,0,,0,,92,407,170,1,3,0,3,3,115,3,Matches
548,Ollie Watkins,eng ENG,FW,Aston Villa,28,1995,28.9,695,18,50,248,407,168,693,41,10,24.4,27,65.9,409,2243,1125,55,21,38,60,50,552,165,Matches
549,Adam Webster,eng ENG,DF,Brighton,29,1995,9.9,824,119,389,399,43,15,824,3,1,33.3,2,66.7,476,2600,1475,8,6,0,5,1,552,2,Matches
550,Danny Welbeck,eng ENG,FW,Brighton,33,1990,23.5,726,18,58,318,356,102,725,37,13,35.1,21,56.8,448,2065,890,21,23,8,49,28,547,95,Matches
Rk,Player,Nation,Pos,Squad,Age,Born,90s,Touches,Def Pen,Def 3rd,Mid 3rd,Att 3rd,Att Pen,Live,Att,Succ,Succ%,Tkld,Tkld%,Carries,TotDist,PrgDist,PrgC,1/3,CPA,Mis,Dis,Rec,PrgR,Matches
551,Welington,br BRA,DF,Southampton,23,2001,5.4,276,31,113,102,64,3,276,9,5,55.6,3,33.3,100,389,197,5,4,1,9,4,120,19,Matches
552,Timo Werner,de GER,"FW,MF",Tottenham,28,1996,5.7,298,8,24,78,203,33,298,19,10,52.6,8,42.1,215,1768,1062,42,24,18,14,6,227,89,Matches
553,Adam Wharton,eng ENG,MF,Crystal Palace,20,2004,14.6,872,30,204,463,212,11,872,10,2,20,8,80,430,2014,1078,14,23,2,17,13,533,11,Matches
554,Ben White,eng ENG,DF,Arsenal,26,1997,13.3,813,55,214,367,238,28,813,6,0,0,5,83.3,394,1617,953,23,16,4,10,6,494,42,Matches
555,Mats Wieffer,nl NED,"DF,MF",Brighton,24,1999,11.3,867,55,223,450,206,22,867,15,7,46.7,7,46.7,483,2351,1051,18,20,1,19,9,533,23,Matches
556,Neco Williams,wls WAL,DF,Nott'ham Forest,23,2001,28.8,1565,155,558,574,453,45,1565,46,18,39.1,19,41.3,650,3952,2169,68,28,16,36,21,744,103,Matches
557,Willian,br BRA,"FW,MF",Fulham,35,1988,2.9,231,1,18,83,134,7,231,7,1,14.3,4,57.1,148,1005,503,11,10,2,3,1,183,33,Matches
558,Joe Willock,eng ENG,"MF,FW",Newcastle Utd,24,1999,12.1,533,12,74,231,239,55,533,35,12,34.3,17,48.6,325,2217,1034,38,28,16,37,23,372,86,Matches
559,Callum Wilson,eng ENG,FW,Newcastle Utd,32,1992,4.1,95,1,5,55,38,19,95,7,1,14.3,4,57.1,47,243,105,5,4,5,16,12,60,17,Matches
560,Harry Wilson,wls WAL,"FW,MF",Fulham,27,1997,12.9,598,11,81,203,324,63,598,24,9,37.5,10,41.7,342,1879,864,22,18,11,19,6,390,96,Matches
561,Harry Winks,eng ENG,MF,Leicester City,28,1996,17.1,1158,49,275,746,151,1,1158,12,3,25,8,66.7,696,3268,1522,19,13,0,13,8,827,11,Matches
562,Ben Winterburn,eng ENG,"MF,FW",Bournemouth,19,2004,0.3,9,0,2,5,2,1,9,0,0,,0,,6,50,40,2,0,1,0,0,6,2,Matches
563,Yoane Wissa,cd COD,FW,Brentford,27,1996,32.4,925,34,136,376,432,163,925,49,15,30.6,24,49,550,3469,1662,60,26,34,77,35,658,154,Matches
564,Chris Wood,nz NZL,FW,Nott'ham Forest,32,1991,32.9,770,40,89,361,322,105,767,13,4,30.8,8,61.5,376,1279,506,14,11,5,75,28,563,94,Matches
565,Nathan Wood-Gordon,eng ENG,DF,Southampton,22,2002,8.6,564,75,282,255,28,3,564,6,4,66.7,1,16.7,313,1352,535,2,6,0,5,1,419,0,Matches
566,Luke Woolfenden,eng ENG,DF,Ipswich Town,25,1998,13.2,694,147,407,278,9,3,694,0,0,,0,,368,2118,1249,7,3,0,4,0,442,0,Matches
567,Yehor Yarmoliuk,ua UKR,MF,Brentford,20,2004,16.1,960,61,277,501,203,15,960,27,13,48.1,11,40.7,520,2790,908,15,19,3,26,21,599,47,Matches
568,Ryan Yates,eng ENG,MF,Nott'ham Forest,26,1997,21.3,1041,80,276,510,266,41,1041,18,9,50,5,27.8,424,2057,934,18,18,1,24,18,545,16,Matches
569,Leny Yoro,fr FRA,DF,Manchester Utd,18,2005,12.9,894,87,413,414,70,13,894,4,2,50,2,50,614,3173,1765,19,13,1,3,4,656,4,Matches
570,Ashley Young,eng ENG,DF,Everton,39,1985,20.8,1194,61,369,528,305,9,1194,20,7,35,9,45,487,2447,1378,24,26,1,11,1,618,32,Matches
571,Illia Zabarnyi,ua UKR,DF,Bournemouth,21,2002,34.5,2062,234,929,1078,77,16,2062,9,6,66.7,2,22.2,1282,8351,4948,27,21,0,14,3,1306,4,Matches
572,Oleksandr Zinchenko,ua UKR,"DF,MF",Arsenal,27,1996,5.9,499,16,86,233,181,20,499,5,3,60,1,20,281,1348,573,10,8,3,3,4,348,14,Matches
573,Joshua Zirkzee,nl NED,"FW,MF",Manchester Utd,23,2001,15.6,587,16,71,303,219,56,587,35,11,31.4,24,68.6,327,1483,523,14,21,4,41,30,418,69,Matches
574,Martin Ødegaard,no NOR,MF,Arsenal,25,1998,25.8,1694,9,126,708,875,115,1693,59,25,42.4,32,54.2,1174,7444,3772,92,85,26,38,40,1336,154,Matches