,,,,,,,,Performance,,,,,,,,,,,,,Aerial Duels,,,
Rk,Player,Nation,Pos,Squad,Age,Born,90s,CrdY,CrdR,2CrdY,Fls,Fld,Off,Crs,Int,TklW,PKwon,PKcon,OG,Recov,Won,Lost,Won%,Matches
1,Max Aarons,eng ENG,DF,Bournemouth,24,2000,1,0,0,0,0,2,0,2,1,2,0,0,0,7,0,0,,Matches
2,Joshua Acheampong,eng ENG,DF,Chelsea,18,2006,1.9,1,0,0,0,1,0,0,1,1,0,0,0,7,1,6,14.3,Matches
3,Tyler Adams,us USA,MF,Bournemouth,25,1999,21.8,7,0,0,45,21,0,3,32,50,0,1,0,114,31,18,63.3,Matches
4,Tosin Adarabioyo,eng ENG,DF,Chelsea,26,1997,15.7,4,0,0,8,9,1,0,11,13,0,0,0,41,42,28,60,Matches
5,Simon Adingra,ci CIV,"FW,MF",Brighton,22,2002,12.2,0,0,0,13,4,4,41,8,14,0,0,0,47,7,4,63.6,Matches
6,Emmanuel Agbadou,ci CIV,DF,Wolves,27,1997,15.7,3,0,0,7,4,1,2,12,19,0,0,0,83,26,20,56.5,Matches
7,Asher Agbinone,eng ENG,MF,Crystal Palace,18,2005,0.1,0,0,0,0,0,0,1,0,1,0,0,0,0,0,1,0,Matches
8,Ola Aina,ng NGA,DF,Nott'ham Forest,27,1996,33.3,5,0,0,23,35,2,59,33,42,0,1,0,190,13,19,40.6,Matches
9,Rayan Aït-Nouri,dz ALG,DF,Wolves,23,2001,34.5,7,1,1,30,46,6,94,26,57,0,0,0,145,22,30,42.3,Matches
10,Kristoffer Ajer,no NOR,DF,Brentford,26,1998,16,5,0,0,13,6,2,14,12,18,0,0,0,42,27,23,54,Matches
11,Manuel Akanji,ch SUI,DF,Manchester City,29,1995,22.4,3,0,0,17,9,0,11,9,12,0,0,0,103,30,33,47.6,Matches
12,Nathan Aké,nl NED,DF,Manchester City,29,1995,7.5,0,0,0,2,0,0,1,3,7,0,0,0,24,13,10,56.5,Matches
13,Carlos Alcaraz,ar ARG,MF,Southampton,21,2002,0.1,0,0,0,1,0,0,1,1,0,0,0,0,2,1,0,100,Matches
14,Carlos Alcaraz,ar ARG,"FW,MF",Everton,21,2002,8.5,4,0,0,13,12,1,11,5,5,0,0,0,37,14,8,63.6,Matches
15,Trent Alexander-Arnold,eng ENG,DF,Liverpool,25,1998,26.3,5,0,0,11,9,1,153,31,50,0,0,0,132,3,13,18.8,Matches
16,Alisson,br BRA,GK,Liverpool,31,1992,27.9,0,0,0,0,2,0,0,0,0,0,0,0,47,7,0,100,Matches
17,Miguel Almirón,py PAR,FW,Newcastle Utd,30,1994,1.7,0,0,0,1,3,2,0,0,2,0,0,0,4,0,2,0,Matches
18,Olabade Aluko,,DF,Leicester City,,,0,0,0,0,0,0,0,0,0,1,0,0,0,0,0,0,,Matches
19,Edson Álvarez,mx MEX,MF,West Ham,26,1997,19.7,9,1,1,42,18,4,6,18,27,0,0,0,88,30,23,56.6,Matches
20,Will Alves,eng ENG,FW,Leicester City,19,2005,0,0,0,0,0,0,0,0,0,0,0,0,0,0,0,0,,Matches
21,Harry Amass,eng ENG,DF,Manchester Utd,17,2007,3.8,0,0,0,2,4,1,9,2,2,0,0,0,26,7,6,53.8,Matches
22,Samuel Amo-Ameyaw,eng ENG,"FW,DF",Southampton,18,2006,0.3,1,0,0,1,2,0,2,0,0,0,0,0,1,0,1,0,Matches
23,Mathis Amougou,fr FRA,MF,Chelsea,18,2006,0.1,0,0,0,0,0,0,0,0,0,0,0,0,2,0,0,,Matches
24,Joachim Andersen,dk DEN,DF,Crystal Palace,28,1996,1,1,0,0,2,0,0,1,0,1,0,0,0,7,2,0,100,Matches
25,Joachim Andersen,dk DEN,DF,Fulham,28,1996,28.7,6,1,0,18,19,0,12,34,18,0,1,1,122,70,39,64.2,Matches
Rk,Player,Nation,Pos,Squad,Age,Born,90s,CrdY,CrdR,2CrdY,Fls,Fld,Off,Crs,Int,TklW,PKwon,PKcon,OG,Recov,Won,Lost,Won%,Matches
26,Elliot Anderson,eng ENG,MF,Nott'ham Forest,21,2002,30.3,10,0,0,49,58,4,86,31,56,0,0,0,207,56,30,65.1,Matches
27,André,br BRA,MF,Wolves,23,2001,27.5,7,0,0,36,34,0,0,37,55,0,1,0,194,2,6,25,Matches
28,Michail Antonio,jm JAM,FW,West Ham,34,1990,9.3,1,0,0,12,7,4,25,0,2,0,0,0,22,17,22,43.6,Matches
29,Antony,br BRA,"DF,MF",Manchester Utd,24,2000,1.6,0,0,0,2,5,0,5,2,3,0,0,0,11,0,1,0,Matches
30,Julian Araujo,mx MEX,DF,Bournemouth,22,2001,5.5,2,0,0,7,2,1,9,6,5,0,0,0,29,3,9,25,Matches
31,Cameron Archer,eng ENG,FW,Southampton,23,2001,16,0,0,0,16,13,8,3,2,8,0,0,0,35,9,30,23.1,Matches
32,Alphonse Areola,fr FRA,GK,West Ham,31,1993,25.1,0,0,0,0,0,0,0,0,2,0,0,1,29,2,0,100,Matches
33,Joe Aribo,ng NGA,"MF,DF",Southampton,28,1996,22.4,1,0,0,20,28,1,10,20,33,0,1,0,112,25,24,51,Matches
34,Adam Armstrong,eng ENG,"FW,MF",Southampton,27,1997,13.9,4,0,0,12,5,9,14,3,3,0,0,0,23,5,9,35.7,Matches
35,Harrison Armstrong,eng ENG,MF,Everton,17,2007,0.5,1,0,0,2,2,0,1,0,0,0,0,0,2,0,2,0,Matches
36,Kepa Arrizabalaga,es ESP,GK,Bournemouth,29,1994,31,3,0,0,2,6,0,0,0,0,0,2,0,56,7,1,87.5,Matches
37,Marco Asensio,es ESP,MF,Aston Villa,28,1996,8.3,2,0,0,11,8,2,38,2,5,0,0,0,28,0,1,0,Matches
38,Brandon Austin,eng ENG,GK,Tottenham,25,1999,1,0,0,0,0,2,0,0,0,0,0,0,0,1,2,0,100,Matches
39,Taiwo Awoniyi,ng NGA,FW,Nott'ham Forest,26,1997,4.6,0,0,0,8,10,1,2,0,3,0,0,0,18,13,38,25.5,Matches
40,Yasin Ayari,se SWE,MF,Brighton,20,2003,21.8,3,0,0,37,26,3,69,20,32,0,1,0,118,16,20,44.4,Matches
41,Jordan Ayew,gh GHA,"FW,MF",Crystal Palace,32,1991,0.2,1,0,0,1,0,0,1,0,0,0,0,0,1,1,1,50,Matches
42,Jordan Ayew,gh GHA,"FW,MF",Leicester City,32,1991,18.2,5,0,0,30,59,7,60,12,15,0,0,0,93,37,80,31.6,Matches
43,Benoît Badiashile,fr FRA,DF,Chelsea,23,2001,3.7,0,0,0,6,2,0,0,6,6,0,0,0,18,8,2,80,Matches
44,Leon Bailey,jm JAM,"FW,MF",Aston Villa,26,1997,12.7,3,0,0,12,18,3,34,3,5,1,0,0,59,6,9,40,Matches
45,Carlos Baleba,cm CMR,MF,Brighton,20,2004,29.6,8,1,1,40,48,0,9,46,46,0,2,0,197,39,26,60,Matches
46,Ross Barkley,eng ENG,MF,Aston Villa,30,1993,6.5,3,0,0,8,3,0,1,10,3,0,0,0,43,6,4,60,Matches
47,Harvey Barnes,eng ENG,FW,Newcastle Utd,26,1997,19.5,0,0,0,15,22,5,47,6,9,0,0,0,55,6,15,28.6,Matches
48,Calvin Bassey,ng NGA,DF,Fulham,24,1999,34.2,7,0,0,26,32,2,8,20,34,0,0,0,168,43,33,56.6,Matches
49,Altay Bayındır,tr TUR,GK,Manchester Utd,26,1998,4,0,0,0,0,1,0,0,0,0,0,0,0,3,1,1,50,Matches
50,Jan Bednarek,pl POL,DF,Southampton,28,1996,28.1,7,0,0,31,13,0,1,56,19,0,1,0,106,71,37,65.7,Matches
Rk,Player,Nation,Pos,Squad,Age,Born,90s,CrdY,CrdR,2CrdY,Fls,Fld,Off,Crs,Int,TklW,PKwon,PKcon,OG,Recov,Won,Lost,Won%,Matches
51,Armel Bella Kotchap,de GER,DF,Southampton,22,2001,3.7,0,0,0,3,2,0,0,5,5,0,0,0,19,6,5,54.5,Matches
52,Jean-Ricner Bellegarde,ht HAI,"MF,FW",Wolves,26,1998,18.6,3,0,0,31,47,1,44,10,24,0,0,0,62,10,19,34.5,Matches
53,Rodrigo Bentancur,uy URU,MF,Tottenham,27,1997,18.3,9,0,0,34,10,1,4,40,22,0,0,0,121,36,30,54.5,Matches
54,Daniel Bentley,eng ENG,GK,Wolves,31,1993,2,0,0,0,0,0,0,0,0,0,0,0,0,4,2,0,100,Matches
55,Sander Berge,no NOR,MF,Fulham,26,1998,24.7,6,0,0,31,10,0,3,21,30,0,0,0,126,28,22,56,Matches
56,Lucas Bergvall,se SWE,MF,Tottenham,18,2006,13.5,3,0,0,20,17,0,21,24,19,0,0,0,73,9,8,52.9,Matches
57,Victor Bernth Kristiansen,dk DEN,DF,Leicester City,21,2002,27.6,1,0,0,19,18,3,97,42,51,0,1,1,99,22,42,34.4,Matches
58,Beto,gw GNB,FW,Everton,26,1998,17,2,0,0,33,23,16,4,4,6,0,0,0,40,99,105,48.5,Matches
59,Philip Billing,dk DEN,MF,Bournemouth,28,1996,2,1,0,0,3,2,0,10,5,5,0,0,0,14,6,4,60,Matches
60,Yves Bissouma,ml MLI,MF,Tottenham,27,1996,15.6,7,0,0,28,18,0,2,18,31,0,2,0,85,7,7,50,Matches
61,Oscar Bobb,no NOR,FW,Manchester City,21,2003,0.2,0,0,0,0,1,0,0,0,0,0,0,0,2,0,0,,Matches
62,Lamare Bogarde,nl NED,"DF,MF",Aston Villa,20,2004,5.3,2,0,0,8,11,0,0,1,6,0,0,0,13,6,6,50,Matches
63,Willy Boly,ci CIV,DF,Nott'ham Forest,33,1991,1.7,1,0,0,1,0,0,0,3,1,0,0,0,5,6,2,75,Matches
64,Sven Botman,nl NED,DF,Newcastle Utd,24,2000,4.6,1,0,0,5,4,0,0,5,9,0,0,0,14,17,9,65.4,Matches
65,Jarrod Bowen,eng ENG,"FW,MF",West Ham,27,1996,33,1,0,0,20,51,10,106,16,26,0,0,0,129,12,48,20,Matches
66,Conor Bradley,nir NIR,DF,Liverpool,21,2003,8.4,4,0,0,12,14,1,7,4,10,0,0,0,51,11,7,61.1,Matches
67,Jarrad Branthwaite,eng ENG,DF,Everton,22,2002,27.9,4,0,0,12,18,1,5,27,20,0,0,0,93,61,42,59.2,Matches
68,James Bree,eng ENG,DF,Southampton,26,1997,11.9,0,0,0,4,5,0,29,9,14,0,0,0,65,12,7,63.2,Matches
69,Ben Brereton,cl CHI,FW,Southampton,25,1999,5,1,0,0,4,8,1,5,0,2,0,0,0,16,9,7,56.3,Matches
70,Nathan Broadhead,wls WAL,"MF,FW",Ipswich Town,26,1998,7.8,1,0,0,4,13,2,9,4,4,0,0,0,32,1,10,9.1,Matches
71,Armando Broja,al ALB,FW,Everton,22,2001,3.7,1,0,0,6,4,3,1,1,1,0,0,0,9,18,21,46.2,Matches
72,David Brooks,wls WAL,"FW,MF",Bournemouth,27,1997,10.7,3,0,0,11,18,0,52,5,6,0,0,0,50,7,10,41.2,Matches
73,Emi Buendía,ar ARG,"MF,FW",Aston Villa,27,1996,1.1,1,0,0,4,6,0,0,0,6,0,0,0,8,0,2,0,Matches
74,Santiago Bueno,uy URU,DF,Wolves,25,1998,18.7,2,0,0,26,5,0,0,15,21,0,0,0,43,35,31,53,Matches
75,Facundo Buonanotte,ar ARG,"FW,MF",Leicester City,19,2004,16.9,8,0,0,37,35,3,43,12,32,0,0,0,79,18,36,33.3,Matches
Rk,Player,Nation,Pos,Squad,Age,Born,90s,CrdY,CrdR,2CrdY,Fls,Fld,Off,Crs,Int,TklW,PKwon,PKcon,OG,Recov,Won,Lost,Won%,Matches
76,Cameron Burgess,au AUS,DF,Ipswich Town,28,1995,17.1,0,0,0,6,4,1,0,14,12,0,0,0,44,44,22,66.7,Matches
77,Dan Burn,eng ENG,DF,Newcastle Utd,32,1992,37,11,0,0,34,12,5,3,27,24,0,0,2,103,146,75,66.1,Matches
78,Wes Burns,wls WAL,"FW,DF",Ipswich Town,29,1994,10.3,1,0,0,4,11,0,46,10,11,0,0,0,50,8,21,27.6,Matches
79,Nathan Butler-Oyedeji,eng ENG,FW,Arsenal,21,2003,0.1,0,0,0,0,0,0,0,0,0,0,0,0,0,0,0,,Matches
80,Moisés Caicedo,ec ECU,"MF,DF",Chelsea,22,2001,37.2,11,0,0,70,58,0,10,49,73,2,1,0,229,35,16,68.6,Matches
81,Tom Cairney,sct SCO,MF,Fulham,33,1991,7,3,1,0,8,19,0,20,4,5,0,0,0,52,5,9,35.7,Matches
82,Jens Cajuste,se SWE,MF,Ipswich Town,24,1999,21.8,2,0,0,24,22,0,10,28,22,0,0,0,107,13,22,37.1,Matches
83,Riccardo Calafiori,it ITA,DF,Arsenal,22,2002,10.9,4,0,0,16,6,3,11,9,19,0,0,0,35,22,14,61.1,Matches
84,Dominic Calvert-Lewin,eng ENG,FW,Everton,27,1997,17.9,2,0,0,27,23,27,6,7,7,0,0,0,35,85,81,51.2,Matches
85,Diego Carlos,br BRA,DF,Aston Villa,31,1993,9.2,1,0,0,11,1,1,0,5,3,0,0,0,36,11,10,52.4,Matches
86,Fabio Carvalho,pt POR,"FW,MF",Brentford,21,2002,5.1,1,0,0,5,10,1,10,3,9,0,0,0,30,2,6,25,Matches
87,Casemiro,br BRA,MF,Manchester Utd,32,1992,16.6,5,0,0,20,19,4,20,14,50,0,0,0,103,36,19,65.5,Matches
88,Kaelan Casey,eng ENG,DF,West Ham,19,2004,0,0,0,0,0,0,0,0,0,0,0,0,0,0,1,0,100,Matches
89,Matty Cash,pl POL,DF,Aston Villa,26,1997,23,7,0,0,27,20,1,40,23,32,0,2,0,81,20,20,50,Matches
90,Eiran Cashin,ie IRL,DF,Brighton,22,2001,0.2,0,0,0,0,0,0,1,0,0,0,0,0,1,2,1,66.7,Matches
91,Timothy Castagne,be BEL,DF,Fulham,28,1995,18.3,1,0,0,15,6,1,37,22,29,0,1,0,57,34,35,49.3,Matches
92,Trevoh Chalobah,eng ENG,DF,Crystal Palace,25,1999,11.8,1,0,0,10,15,1,7,19,16,0,0,0,56,22,19,53.7,Matches
93,Trevoh Chalobah,eng ENG,DF,Chelsea,25,1999,10.1,2,0,0,9,7,0,3,10,7,0,0,0,29,23,12,65.7,Matches
94,Conor Chaplin,eng ENG,"MF,FW",Ipswich Town,27,1997,9.5,2,0,0,11,7,0,9,4,5,0,0,0,27,3,9,25,Matches
95,Youssef Chermiti,pt POR,"FW,MF",Everton,20,2004,0.5,1,0,0,1,1,2,1,0,0,0,0,0,0,2,1,66.7,Matches
96,Federico Chiesa,it ITA,FW,Liverpool,26,1997,1.2,0,0,0,3,2,0,2,0,0,0,0,0,6,0,4,0,Matches
97,Ben Chilwell,eng ENG,DF,Crystal Palace,27,1996,2.9,1,0,0,2,3,2,7,6,6,0,0,0,20,3,4,42.9,Matches
98,Chiquinho,pt POR,MF,Wolves,24,2000,0.1,0,0,0,1,0,0,1,0,0,0,0,0,1,0,0,,Matches
99,Hamza Choudhury,bd BAN,"MF,DF",Leicester City,26,1997,1.5,0,0,0,1,0,0,5,5,1,0,0,0,2,0,0,,Matches
100,Ryan Christie,sct SCO,MF,Bournemouth,29,1995,23.5,9,0,0,43,31,1,48,30,33,0,0,0,182,20,28,41.7,Matches
Rk,Player,Nation,Pos,Squad,Age,Born,90s,CrdY,CrdR,2CrdY,Fls,Fld,Off,Crs,Int,TklW,PKwon,PKcon,OG,Recov,Won,Lost,Won%,Matches
101,Harry Clarke,eng ENG,DF,Ipswich Town,23,2001,4.2,3,1,1,5,1,0,5,4,3,0,1,0,17,10,4,71.4,Matches
102,Jack Clarke,eng ENG,"FW,MF",Ipswich Town,23,2000,13.1,2,0,0,15,23,3,13,7,20,0,0,0,75,7,18,28,Matches
103,Nathaniel Clyne,eng ENG,"DF,MF",Crystal Palace,33,1991,5.4,1,0,0,2,2,0,7,3,8,0,0,0,10,1,7,12.5,Matches
104,Conor Coady,eng ENG,DF,Leicester City,31,1993,19,3,0,0,8,2,1,0,13,9,0,2,0,62,13,22,37.1,Matches
105,Séamus Coleman,ie IRL,DF,Everton,35,1988,2.4,1,0,0,0,1,0,4,1,2,0,0,0,7,2,1,66.7,Matches
106,Nathan Collins,ie IRL,DF,Brentford,23,2001,38,5,0,0,29,31,6,8,34,24,2,0,0,162,117,69,62.9,Matches
107,Toby Collyer,eng ENG,MF,Manchester Utd,20,2004,2,0,0,0,2,4,0,0,2,9,0,0,0,17,3,1,75,Matches
108,Levi Colwill,eng ENG,DF,Chelsea,21,2003,35,9,0,0,45,21,5,13,33,34,0,1,0,121,82,53,60.7,Matches
109,Lewis Cook,eng ENG,"MF,DF",Bournemouth,27,1997,33.1,8,1,0,49,10,3,132,41,42,0,1,0,187,41,34,54.7,Matches
110,Maxwel Cornet,ci CIV,FW,Southampton,27,1996,0.8,1,0,0,0,1,1,3,0,5,0,0,0,2,3,0,100,Matches
111,Vladimír Coufal,cz CZE,DF,West Ham,31,1992,11.9,5,0,0,22,16,0,28,8,15,0,0,1,39,23,16,59,Matches
112,Woyo Coulibaly,ml MLI,DF,Leicester City,25,1999,1.2,1,0,0,2,1,0,0,5,4,0,0,0,14,0,3,0,Matches
113,Aaron Cresswell,eng ENG,DF,West Ham,34,1989,9.2,3,0,0,4,2,0,36,8,7,0,0,0,36,7,7,50,Matches
114,Marc Cucurella,es ESP,DF,Chelsea,26,1998,33.2,10,1,1,37,38,3,31,28,45,0,0,0,130,32,57,36,Matches
115,Jorge Cuenca,es ESP,DF,Fulham,24,1999,3.9,0,0,0,2,2,0,1,2,2,0,0,0,10,6,3,66.7,Matches
116,Matheus Cunha,br BRA,"MF,FW",Wolves,25,1999,28.9,4,0,0,42,71,8,142,17,22,0,1,0,125,13,29,31,Matches
117,Patson Daka,zm ZAM,"FW,MF",Leicester City,25,1998,8.2,0,0,0,15,19,3,3,1,10,0,0,0,18,10,28,26.3,Matches
118,Diogo Dalot,pt POR,DF,Manchester Utd,25,1999,31.3,5,0,0,40,9,4,66,37,40,0,1,0,167,38,21,64.4,Matches
119,Mikkel Damsgaard,dk DEN,"MF,FW",Brentford,24,2000,32.3,2,0,0,18,27,6,144,27,44,0,0,0,179,12,27,30.8,Matches
120,Danilo,br BRA,"MF,FW",Nott'ham Forest,23,2001,3.1,0,0,0,2,0,0,3,4,4,0,0,0,19,1,2,33.3,Matches
121,Jayden Danns,eng ENG,MF,Liverpool,18,2006,0.1,0,0,0,0,0,0,0,0,0,0,0,0,0,0,0,,Matches
122,Kevin Danso,at AUT,DF,Tottenham,25,1998,9.4,0,0,0,9,13,0,1,6,5,0,0,0,27,21,12,63.6,Matches
123,Ben Davies,wls WAL,DF,Tottenham,31,1993,14.8,5,0,0,17,7,0,4,12,11,0,0,0,41,52,44,54.2,Matches
124,Leif Davis,eng ENG,DF,Ipswich Town,24,2000,30.5,5,1,0,27,31,5,161,25,27,0,2,0,113,34,23,59.6,Matches
125,Craig Dawson,eng ENG,DF,Wolves,34,1990,10.8,2,0,0,6,5,2,0,9,3,0,0,2,35,21,11,65.6,Matches
Rk,Player,Nation,Pos,Squad,Age,Born,90s,CrdY,CrdR,2CrdY,Fls,Fld,Off,Crs,Int,TklW,PKwon,PKcon,OG,Recov,Won,Lost,Won%,Matches
126,Kevin De Bruyne,be BEL,"MF,FW",Manchester City,33,1991,18.9,2,0,0,17,18,5,145,7,9,0,0,0,64,5,16,23.8,Matches
127,Bobby De Cordova-Reid,jm JAM,FW,Leicester City,31,1993,8.3,2,0,0,9,9,4,15,0,4,1,0,0,29,6,14,30,Matches
128,Liam Delap,eng ENG,FW,Ipswich Town,21,2003,28.8,12,0,0,72,51,14,5,2,8,2,0,0,68,55,74,42.6,Matches
129,Sepp van den Berg,nl NED,DF,Brentford,22,2001,28.7,3,0,0,23,5,1,7,21,24,1,0,0,97,94,77,55,Matches
130,Justin Devenny,nir NIR,MF,Crystal Palace,20,2003,5.6,1,0,0,8,0,1,17,0,12,0,0,0,27,2,13,13.3,Matches
131,Kiernan Dewsbury-Hall,eng ENG,"MF,FW",Chelsea,25,1998,2.9,0,0,0,4,6,0,2,2,5,0,0,0,9,0,1,0,Matches
132,Amad Diallo,ci CIV,"MF,FW",Manchester Utd,22,2002,21.1,5,0,0,21,28,9,42,11,31,2,0,0,109,10,15,40,Matches
133,Rúben Dias,pt POR,DF,Manchester City,27,1997,25.2,4,0,0,12,8,0,3,20,11,0,1,1,78,37,34,52.1,Matches
134,Luis Díaz,co COL,FW,Liverpool,27,1997,26.7,2,0,0,48,31,10,32,7,26,2,0,0,105,13,38,25.5,Matches
135,Tyler Dibling,eng ENG,"FW,MF",Southampton,18,2006,20.8,6,0,0,30,50,2,28,8,20,2,0,0,80,10,25,28.6,Matches
136,Lucas Digne,fr FRA,DF,Aston Villa,31,1993,26.1,4,0,0,21,16,7,140,25,38,0,0,0,104,37,28,56.9,Matches
137,Issa Diop,fr FRA,DF,Fulham,27,1997,14.9,2,0,0,10,4,0,1,9,12,0,0,1,45,20,12,62.5,Matches
138,Axel Disasi,fr FRA,DF,Aston Villa,26,1998,5.4,2,0,0,3,2,2,1,5,5,0,0,0,15,8,6,57.1,Matches
139,Axel Disasi,fr FRA,DF,Chelsea,26,1998,4,1,0,0,2,0,0,0,2,4,0,0,0,15,5,2,71.4,Matches
140,Roman Dixon,eng ENG,DF,Everton,19,2004,1,0,0,0,0,0,0,0,1,5,0,0,0,6,0,3,0,Matches
141,Nasser Djiga,bf BFA,DF,Wolves,21,2002,0.7,0,0,0,0,1,0,0,2,0,0,0,0,2,1,1,50,Matches
142,Matt Doherty,ie IRL,DF,Wolves,32,1992,23.4,6,0,0,18,11,2,22,22,21,0,0,1,106,56,21,72.7,Matches
143,Jeremy Doku,be BEL,"FW,MF",Manchester City,22,2002,16.8,1,0,0,10,33,5,59,4,22,0,0,0,63,0,12,0,Matches
144,Nicolás Domínguez,ar ARG,"MF,FW",Nott'ham Forest,26,1998,21.8,9,0,0,33,18,1,7,29,45,0,0,0,114,27,23,54,Matches
145,Patrick Dorgu,dk DEN,DF,Manchester Utd,19,2004,9.4,3,1,0,17,28,3,39,4,24,0,0,0,37,15,9,62.5,Matches
146,Alfie Dorrington,eng ENG,DF,Tottenham,19,2005,0.2,0,0,0,0,0,0,0,0,0,0,0,0,3,0,0,,Matches
147,Abdoulaye Doucouré,ml MLI,MF,Everton,31,1993,28.5,5,1,1,49,5,10,23,10,28,0,0,0,150,30,44,40.5,Matches
148,Cheick Doucouré,ml MLI,MF,Crystal Palace,24,2000,5,1,0,0,7,7,0,1,11,8,0,0,0,31,5,5,50,Matches
149,Flynn Downes,eng ENG,MF,Southampton,25,1999,23.9,12,0,0,50,39,0,4,32,25,0,0,0,83,17,17,50,Matches
150,Tommy Doyle,eng ENG,MF,Wolves,22,2001,5.4,1,0,0,5,5,0,15,5,6,0,0,0,43,1,6,14.3,Matches
Rk,Player,Nation,Pos,Squad,Age,Born,90s,CrdY,CrdR,2CrdY,Fls,Fld,Off,Crs,Int,TklW,PKwon,PKcon,OG,Recov,Won,Lost,Won%,Matches
151,Radu Drăgușin,ro ROU,DF,Tottenham,22,2002,13.9,1,0,0,6,10,0,1,15,6,0,0,0,48,33,22,60,Matches
152,Martin Dúbravka,sk SVK,GK,Newcastle Utd,35,1989,10,0,0,0,0,1,0,0,0,0,0,0,0,18,4,0,100,Matches
153,Lewis Dunk,eng ENG,DF,Brighton,32,1991,23.1,5,0,0,7,11,2,5,13,10,0,0,1,104,51,31,62.2,Matches
154,Jáder Durán,co COL,FW,Aston Villa,20,2003,7.1,3,1,0,14,15,5,3,0,7,0,0,0,19,19,19,50,Matches
155,Claudio Echeverri,ar ARG,FW,Manchester City,18,2006,0.1,0,0,0,0,0,0,0,0,0,0,0,0,1,0,0,,Matches
156,Ederson,br BRA,GK,Manchester City,30,1993,25.8,4,0,0,1,0,0,0,1,0,0,1,0,42,4,1,80,Matches
157,George Edmundson,eng ENG,DF,Ipswich Town,26,1997,0,0,0,0,0,0,0,0,0,0,0,0,0,0,0,0,,Matches
158,Odsonne Édouard,fr FRA,"MF,FW",Crystal Palace,26,1998,1.3,0,0,0,4,0,2,1,0,0,0,0,0,5,1,4,20,Matches
159,Odsonne Édouard,fr FRA,FW,Leicester City,26,1998,0.3,0,0,0,2,0,0,0,0,1,0,0,0,1,1,1,50,Matches
160,Samuel Edozie,eng ENG,"DF,FW",Southampton,21,2003,0.7,1,0,0,2,1,0,4,0,1,0,0,0,1,0,0,,Matches
161,Ronnie Edwards,eng ENG,DF,Southampton,21,2003,0.1,0,0,0,0,0,0,0,0,0,0,0,0,0,0,0,,Matches
162,Anthony Elanga,se SWE,"FW,MF",Nott'ham Forest,22,2002,27.8,1,0,0,9,47,18,185,6,14,0,0,0,89,24,37,39.3,Matches
163,Harvey Elliott,eng ENG,MF,Liverpool,21,2003,4.1,1,0,0,0,1,1,12,1,3,0,0,0,15,1,2,33.3,Matches
164,Yunus Emre Konak,tr TUR,"FW,MF",Brentford,18,2006,0.5,0,0,0,3,1,0,0,0,4,0,0,0,2,5,9,35.7,Matches
165,Julio Enciso,py PAR,"MF,FW",Ipswich Town,20,2004,9.7,3,0,0,9,21,0,21,1,9,0,1,0,43,8,17,32,Matches
166,Julio Enciso,py PAR,"MF,FW",Brighton,20,2004,3.3,0,0,0,3,7,0,20,0,0,0,0,0,15,6,5,54.5,Matches
167,Wataru Endo,jp JPN,"MF,DF",Liverpool,31,1993,3,0,0,0,15,7,0,1,6,8,0,0,0,14,3,4,42.9,Matches
168,Christian Eriksen,dk DEN,MF,Manchester Utd,32,1992,11.8,4,0,0,8,3,0,85,7,9,0,0,0,62,2,6,25,Matches
169,Romain Esse,eng ENG,MF,Crystal Palace,19,2005,1.5,0,0,0,2,3,0,0,1,6,0,0,0,9,3,2,60,Matches
170,Pervis Estupiñán,ec ECU,DF,Brighton,26,1998,26.7,5,0,0,36,20,3,119,37,43,0,0,0,147,46,26,63.9,Matches
171,Evanilson,br BRA,FW,Bournemouth,24,1999,25.8,1,1,0,37,53,20,0,1,10,5,0,0,67,42,62,40.4,Matches
172,Jake Evans,,FW,Leicester City,,,0.3,0,0,0,0,0,0,0,0,1,0,0,0,0,0,1,0,Matches
173,Jonny Evans,nir NIR,DF,Manchester Utd,36,1988,3.5,1,0,0,5,6,0,0,5,6,0,0,0,16,9,3,75,Matches
174,Eberechi Eze,eng ENG,"MF,FW",Crystal Palace,26,1998,28.8,1,0,0,13,51,9,112,11,22,0,0,0,146,7,37,15.9,Matches
175,Łukasz Fabiański,pl POL,GK,West Ham,39,1985,12.9,2,0,0,2,1,0,0,0,0,0,2,0,5,3,1,75,Matches
Rk,Player,Nation,Pos,Squad,Age,Born,90s,CrdY,CrdR,2CrdY,Fls,Fld,Off,Crs,Int,TklW,PKwon,PKcon,OG,Recov,Won,Lost,Won%,Matches
176,Wout Faes,be BEL,DF,Leicester City,26,1998,31.3,4,0,0,23,11,1,5,26,26,0,0,0,90,45,36,55.6,Matches
177,Abdul Fatawu Issahaku,gh GHA,FW,Leicester City,20,2004,6.4,0,0,0,11,20,2,30,4,15,0,0,0,38,14,13,51.9,Matches
178,João Félix,pt POR,"FW,MF",Chelsea,24,1999,4.1,2,0,0,6,17,1,0,3,3,0,0,0,22,4,5,44.4,Matches
179,Evan Ferguson,ie IRL,FW,West Ham,19,2004,1.7,0,0,0,1,2,0,0,1,1,0,0,0,8,5,10,33.3,Matches
180,Evan Ferguson,ie IRL,FW,Brighton,19,2004,2.7,0,0,0,3,1,0,0,0,3,0,0,0,10,4,9,30.8,Matches
181,Bruno Fernandes,pt POR,MF,Manchester Utd,29,1994,33.5,5,2,1,32,40,2,186,26,50,0,0,0,213,22,28,44,Matches
182,Mateus Fernandes,pt POR,MF,Southampton,20,2004,32.3,8,0,0,46,55,4,113,28,48,0,0,0,179,15,9,62.5,Matches
183,Enzo Fernández,ar ARG,MF,Chelsea,23,2001,32.7,8,0,0,52,54,2,109,13,33,0,0,0,156,14,29,32.6,Matches
184,Mark Flekken,nl NED,GK,Brentford,31,1993,36.4,1,0,0,0,3,0,0,0,4,0,0,0,39,4,0,100,Matches
185,Phil Foden,eng ENG,"MF,FW",Manchester City,24,2000,19.7,2,0,0,5,34,3,80,9,5,0,0,0,61,3,9,25,Matches
186,Wesley Fofana,fr FRA,DF,Chelsea,23,2000,13,7,0,0,24,16,0,1,14,12,0,0,0,54,27,12,69.2,Matches
187,Carlos Forbs,pt POR,"MF,FW",Wolves,20,2004,2.7,2,0,0,2,1,0,9,1,5,0,0,0,11,1,3,25,Matches
188,Fraser Forster,eng ENG,GK,Tottenham,36,1988,7,0,0,0,0,0,0,0,0,0,0,0,0,1,1,0,100,Matches
189,Matheus França,br BRA,"MF,FW",Crystal Palace,20,2004,0.6,0,0,0,0,0,0,1,1,0,0,0,0,3,1,2,33.3,Matches
190,Ryan Fraser,sct SCO,"FW,DF",Southampton,30,1994,3.4,0,1,0,1,4,1,12,1,2,0,1,0,10,2,3,40,Matches
191,Tyler Fredricson,eng ENG,DF,Manchester Utd,19,2005,1.8,0,0,0,0,2,0,0,1,3,0,0,0,12,7,5,58.3,Matches
192,Niclas Füllkrug,de GER,FW,West Ham,31,1993,8.8,2,0,0,21,6,10,1,1,3,0,0,0,18,39,52,42.9,Matches
193,Cody Gakpo,nl NED,FW,Liverpool,25,1999,21.5,5,0,0,20,31,5,74,12,16,1,0,0,77,17,26,39.5,Matches
194,Idrissa Gana Gueye,sn SEN,MF,Everton,34,1989,34,9,0,0,55,46,0,7,48,80,0,0,0,194,24,15,61.5,Matches
195,Andrés García,es ESP,"DF,MF",Aston Villa,21,2003,3.5,0,0,0,1,0,0,18,2,5,0,0,0,15,0,6,0,Matches
196,Alejandro Garnacho,ar ARG,"MF,FW",Manchester Utd,20,2004,24.4,3,0,0,12,43,10,56,13,18,0,0,0,108,3,24,11.1,Matches
197,James Garner,eng ENG,"MF,DF",Everton,23,2001,17.7,5,0,0,20,15,0,57,23,31,0,0,0,73,11,13,45.8,Matches
198,Tyrique George,eng ENG,FW,Chelsea,18,2006,2,1,0,0,3,0,2,3,2,0,0,0,0,4,0,4,0,Matches
199,Morgan Gibbs-White,eng ENG,MF,Nott'ham Forest,24,2000,31.1,11,1,1,38,40,7,45,23,22,1,0,0,127,40,55,42.1,Matches
200,Billy Gilmour,sct SCO,MF,Brighton,23,2001,1.1,0,0,0,2,3,0,1,0,3,0,0,0,5,0,0,,Matches
Rk,Player,Nation,Pos,Squad,Age,Born,90s,CrdY,CrdR,2CrdY,Fls,Fld,Off,Crs,Int,TklW,PKwon,PKcon,OG,Recov,Won,Lost,Won%,Matches
201,Ben Godfrey,eng ENG,DF,Ipswich Town,26,1998,1.8,1,0,0,1,0,0,0,2,0,0,0,0,2,3,0,100,Matches
202,Martial Godo,eng ENG,"FW,DF",Fulham,21,2003,0.3,0,0,0,1,0,0,1,1,0,0,0,0,1,0,1,0,Matches
203,Michael Golding,eng ENG,MF,Leicester City,18,2006,0,0,0,0,0,0,0,0,0,0,0,0,0,0,0,0,,Matches
204,João Gomes,br BRA,MF,Wolves,23,2001,33,11,1,1,70,47,1,29,25,71,0,0,0,200,11,26,29.7,Matches
205,Rodrigo Gomes,pt POR,"DF,FW",Wolves,21,2003,9,0,0,0,4,6,0,23,7,15,0,0,0,28,8,17,32,Matches
206,Toti Gomes,pt POR,DF,Wolves,25,1999,29,7,0,0,24,15,4,13,25,43,0,1,0,116,53,26,67.1,Matches
207,Diego Gómez,py PAR,MF,Brighton,21,2003,5.7,0,0,0,8,3,1,12,8,13,1,0,0,32,10,4,71.4,Matches
208,Joe Gomez,eng ENG,DF,Liverpool,27,1997,5.8,1,0,0,2,3,0,2,7,10,0,0,0,34,9,4,69.2,Matches
209,Nicolás González,es ESP,MF,Manchester City,22,2002,8.4,3,0,0,13,5,0,1,8,6,0,0,0,31,16,12,57.1,Matches
210,Anthony Gordon,eng ENG,"FW,MF",Newcastle Utd,23,2001,27,2,0,0,20,71,8,131,7,18,1,0,0,97,8,8,50,Matches
211,Ryan Gravenberch,nl NED,MF,Liverpool,22,2002,35.1,6,1,0,47,52,0,7,60,35,0,0,0,193,26,14,65,Matches
212,Archie Gray,eng ENG,"DF,MF",Tottenham,18,2006,19.5,1,0,0,17,11,0,17,19,8,0,0,1,69,11,11,50,Matches
213,Jack Grealish,eng ENG,"FW,MF",Manchester City,28,1995,8,3,0,0,5,25,0,20,2,5,0,0,0,26,1,7,12.5,Matches
214,Jacob Greaves,eng ENG,DF,Ipswich Town,23,2000,24.5,5,0,0,16,21,1,1,21,21,0,0,0,61,83,40,67.5,Matches
215,Brajan Gruda,de GER,"MF,FW",Brighton,20,2004,7.6,0,0,0,7,12,1,29,2,8,0,0,0,26,3,5,37.5,Matches
216,Albert Grønbaek,dk DEN,"FW,MF",Southampton,23,2001,1.6,0,0,0,0,1,0,1,0,1,0,0,0,6,2,0,100,Matches
217,Gonçalo Guedes,pt POR,"MF,FW",Wolves,27,1996,11.1,1,0,0,15,17,3,22,5,5,0,0,0,36,5,13,27.8,Matches
218,Marc Guéhi,eng ENG,DF,Crystal Palace,24,2000,34,9,1,1,24,27,1,13,28,34,0,0,3,146,68,58,54,Matches
219,Luis Guilherme,br BRA,"MF,FW",West Ham,18,2006,1.7,0,0,0,0,4,0,8,3,0,0,0,0,7,2,1,66.7,Matches
220,Bruno Guimarães,br BRA,MF,Newcastle Utd,26,1997,36.3,7,0,0,65,108,2,28,29,47,0,0,0,188,18,19,48.6,Matches
221,Marc Guiu,es ESP,FW,Chelsea,18,2006,0.8,0,0,0,0,0,0,0,0,1,0,0,0,2,0,1,0,Matches
222,İlkay Gündoğan,de GER,MF,Manchester City,33,1990,24.7,1,0,0,15,27,1,60,13,13,1,0,0,116,14,11,56,Matches
223,Malo Gusto,fr FRA,DF,Chelsea,21,2003,20.7,4,0,0,20,20,2,53,24,29,0,0,0,119,9,15,37.5,Matches
224,Joško Gvardiol,hr CRO,DF,Manchester City,22,2002,36.4,2,0,0,16,27,3,22,44,39,0,0,0,137,54,41,56.8,Matches
225,Erling Haaland,no NOR,FW,Manchester City,24,2000,30.4,2,0,0,24,13,4,3,5,6,0,0,0,34,57,50,53.3,Matches
Rk,Player,Nation,Pos,Squad,Age,Born,90s,CrdY,CrdR,2CrdY,Fls,Fld,Off,Crs,Int,TklW,PKwon,PKcon,OG,Recov,Won,Lost,Won%,Matches
226,Lewis Hall,eng ENG,DF,Newcastle Utd,19,2004,24.3,3,0,0,9,21,1,110,18,41,0,0,0,119,30,31,49.2,Matches
227,Ali Al Hamadi,iq IRQ,FW,Ipswich Town,22,2002,1.5,3,0,0,8,3,1,0,0,0,0,0,0,4,5,9,35.7,Matches
228,Marcus Harness,eng ENG,MF,Ipswich Town,28,1996,0.5,0,0,0,0,0,1,0,0,0,0,0,0,2,0,0,,Matches
229,Jack Harrison,eng ENG,FW,Everton,27,1996,23.1,0,0,0,13,28,4,131,10,22,1,0,0,73,4,28,12.5,Matches
230,Taylor Harwood-Bellis,eng ENG,DF,Southampton,22,2002,31.4,9,0,0,35,14,0,10,30,20,0,0,0,123,63,49,56.3,Matches
231,Kai Havertz,de GER,"FW,MF",Arsenal,25,1999,20.8,5,0,0,38,23,14,11,6,9,0,0,0,41,63,78,44.7,Matches
232,Ayden Heaven,eng ENG,DF,Manchester Utd,17,2006,1.9,1,0,0,4,4,0,0,4,3,0,0,0,11,2,3,40,Matches
233,Jan Paul van Hecke,nl NED,DF,Brighton,24,2000,32.9,8,1,1,25,24,0,11,24,29,0,0,0,131,82,50,62.1,Matches
234,Hwang Hee-chan,kr KOR,"MF,FW",Wolves,28,1996,7.3,0,0,0,6,9,0,8,2,4,0,0,0,28,3,9,25,Matches
235,Dean Henderson,eng ENG,GK,Crystal Palace,27,1997,38,3,0,0,0,2,0,0,0,1,0,0,0,26,11,1,91.7,Matches
236,Rico Henry,eng ENG,DF,Brentford,27,1997,1.1,0,0,0,2,2,0,2,1,2,0,0,0,7,2,1,66.7,Matches
237,Mads Hermansen,dk DEN,GK,Leicester City,24,2000,26.5,1,0,0,0,3,0,0,0,1,0,0,0,17,4,1,80,Matches
238,Son Heung-min,kr KOR,FW,Tottenham,32,1992,23.4,1,0,0,6,28,12,78,5,9,1,0,0,85,6,12,33.3,Matches
239,James Hill,eng ENG,DF,Bournemouth,22,2002,5,1,0,0,7,5,0,10,9,8,0,0,0,13,14,12,53.8,Matches
240,Jack Hinshelwood,eng ENG,"MF,DF",Brighton,19,2005,20.5,5,0,0,18,9,0,27,16,19,0,0,0,63,20,16,55.6,Matches
241,George Hirst,sct SCO,FW,Ipswich Town,25,1999,7.3,3,0,0,13,12,3,3,2,3,0,0,0,12,32,23,58.2,Matches
242,Mason Holgate,jm JAM,"FW,DF",Everton,27,1996,0.1,0,0,0,0,0,0,0,0,0,0,0,0,0,0,1,0,Matches
243,Harry Howell,eng ENG,FW,Brighton,15,2008,0.1,0,0,0,0,0,0,0,0,1,0,0,0,0,0,0,,Matches
244,Callum Hudson-Odoi,eng ENG,"FW,MF",Nott'ham Forest,23,2000,24.4,2,0,0,12,25,8,79,13,14,1,0,0,92,3,10,23.1,Matches
245,Will Hughes,eng ENG,MF,Crystal Palace,29,1995,23.4,11,0,0,65,31,0,71,22,36,0,1,0,121,19,18,51.4,Matches
246,Dean Huijsen,es ESP,DF,Bournemouth,19,2005,27,10,0,0,31,10,2,12,51,26,0,0,0,105,68,44,60.7,Matches
247,Omari Hutchinson,eng ENG,"MF,FW",Ipswich Town,20,2003,28.7,5,0,0,30,46,6,81,11,13,0,0,0,110,6,26,18.8,Matches
248,Rasmus Højlund,dk DEN,FW,Manchester Utd,21,2003,22.3,2,0,0,17,28,13,8,2,1,1,0,0,35,31,94,24.8,Matches
249,Igor,br BRA,DF,Brighton,26,1998,10.7,4,0,0,9,6,0,4,4,5,0,0,0,42,8,6,57.1,Matches
250,Danny Ings,eng ENG,"FW,MF",West Ham,32,1992,3.2,0,0,0,0,2,0,3,1,2,1,0,0,9,8,10,44.4,Matches
Rk,Player,Nation,Pos,Squad,Age,Born,90s,CrdY,CrdR,2CrdY,Fls,Fld,Off,Crs,Int,TklW,PKwon,PKcon,OG,Recov,Won,Lost,Won%,Matches
251,Tim Iroegbunam,eng ENG,MF,Everton,21,2003,6.4,4,0,0,15,12,0,1,16,14,0,0,0,51,11,4,73.3,Matches
252,Andy Irving,sct SCO,MF,West Ham,24,2000,1.8,2,0,0,6,1,0,2,1,4,0,0,0,10,1,1,50,Matches
253,Alexander Isak,se SWE,FW,Newcastle Utd,24,1999,30.6,1,0,0,27,14,20,16,3,5,1,0,0,55,26,55,32.1,Matches
254,Alex Iwobi,ng NGA,"FW,MF",Fulham,28,1996,33.1,1,0,0,19,18,5,126,14,25,0,0,0,140,7,31,18.4,Matches
255,Nicolas Jackson,sn SEN,FW,Chelsea,23,2001,24.7,7,1,0,35,29,23,3,3,13,0,0,0,48,21,36,36.8,Matches
256,Reece James,eng ENG,"DF,MF",Chelsea,24,1999,11.8,1,0,0,8,11,0,43,13,9,0,0,0,66,23,9,71.9,Matches
257,Vitaly Janelt,de GER,MF,Brentford,26,1998,25,3,0,0,24,15,1,30,27,22,0,0,2,107,19,11,63.3,Matches
258,Vitezslav Jaros,cz CZE,GK,Liverpool,23,2001,0.1,0,0,0,0,0,0,0,0,0,0,0,0,0,0,0,,Matches
259,Daniel Jebbison,ca CAN,FW,Bournemouth,20,2003,1.3,1,0,0,2,4,0,3,1,3,0,0,0,10,2,10,16.7,Matches
260,Mathias Jensen,dk DEN,MF,Brentford,28,1996,9.6,2,0,0,7,10,0,33,8,10,0,0,0,48,8,5,61.5,Matches
261,Gabriel Jesus,br BRA,FW,Arsenal,27,1997,6.8,4,0,0,14,10,9,7,4,6,0,0,0,28,9,18,33.3,Matches
262,Raúl Jiménez,mx MEX,FW,Fulham,33,1991,27.7,4,0,0,39,41,15,23,10,24,1,0,0,80,91,99,47.9,Matches
263,Kim Jisoo,kr KOR,DF,Brentford,19,2004,0.3,0,0,0,1,0,0,0,0,0,0,0,0,0,0,0,,Matches
264,João Pedro,br BRA,"FW,MF",Brighton,22,2001,21.6,4,1,0,26,46,2,22,9,12,3,1,0,59,41,43,48.8,Matches
265,Joelinton,br BRA,"MF,FW",Newcastle Utd,27,1996,26.6,10,0,0,58,35,7,16,23,35,0,0,0,149,59,46,56.2,Matches
266,Ben Johnson,eng ENG,"DF,FW",Ipswich Town,24,2000,15,5,1,1,27,6,1,37,13,22,0,0,0,57,19,18,51.4,Matches
267,Brennan Johnson,wls WAL,FW,Tottenham,23,2001,24.2,5,0,0,27,26,12,53,4,26,2,0,0,63,7,20,25.9,Matches
268,Sam Johnstone,eng ENG,GK,Wolves,31,1993,7,0,0,0,0,0,0,0,0,0,0,0,0,9,4,0,100,Matches
269,Curtis Jones,eng ENG,"MF,DF",Liverpool,23,2001,19,3,1,1,18,25,1,8,7,22,1,0,0,97,14,13,51.9,Matches
270,Jorginho,it ITA,MF,Arsenal,32,1991,7.8,5,0,0,15,17,0,1,7,4,0,0,0,55,1,6,14.3,Matches
271,Diogo Jota,pt POR,FW,Liverpool,27,1996,13.3,2,0,0,23,14,1,8,8,8,1,0,0,41,22,32,40.7,Matches
272,James Justin,eng ENG,DF,Leicester City,26,1998,32.4,6,0,0,29,44,2,57,46,37,0,0,0,88,69,55,55.6,Matches
273,Filip Jørgensen,dk DEN,GK,Chelsea,22,2002,6,0,0,0,1,1,0,0,0,0,0,1,0,5,0,0,,Matches
274,Ferdi Kadioglu,tr TUR,"DF,MF",Brighton,24,1999,4.3,1,0,0,5,3,1,9,8,6,0,0,0,14,3,1,75,Matches
275,Daichi Kamada,jp JPN,MF,Crystal Palace,27,1996,17.4,4,1,0,28,21,2,31,18,29,0,0,0,89,4,13,23.5,Matches
Rk,Player,Nation,Pos,Squad,Age,Born,90s,CrdY,CrdR,2CrdY,Fls,Fld,Off,Crs,Int,TklW,PKwon,PKcon,OG,Recov,Won,Lost,Won%,Matches
276,Boubacar Kamara,fr FRA,MF,Aston Villa,24,1999,19.2,2,0,0,30,35,0,1,19,21,0,0,0,87,21,26,44.7,Matches
277,Joachim Kayi Sanda,fr FRA,DF,Southampton,17,2006,0.2,0,0,0,0,0,0,0,2,0,0,0,0,0,0,1,0,Matches
278,Michael Kayode,it ITA,DF,Brentford,20,2004,5.9,2,0,0,8,3,0,10,7,11,0,0,0,34,9,4,69.2,Matches
279,Michael Keane,eng ENG,DF,Everton,31,1993,11.7,5,0,0,9,0,0,1,16,9,0,0,0,26,26,20,56.5,Matches
280,Caoimhín Kelleher,ie IRL,GK,Liverpool,25,1998,10,0,0,0,0,3,0,0,0,0,0,0,0,18,1,0,100,Matches
281,Lloyd Kelly,eng ENG,DF,Newcastle Utd,25,1998,3.4,2,0,0,5,5,1,1,1,4,0,0,0,19,6,2,75,Matches
282,Milos Kerkez,hu HUN,DF,Bournemouth,20,2003,37.1,4,0,0,30,50,3,142,45,26,0,0,0,169,28,49,36.4,Matches
283,Bilal El Khannouss,ma MAR,"MF,FW",Leicester City,20,2004,24.2,4,0,0,30,13,1,89,6,30,0,0,0,92,19,24,44.2,Matches
284,Abdukodir Khusanov,uz UZB,DF,Manchester City,20,2004,5.6,1,0,0,3,3,0,1,3,4,0,0,1,27,6,4,60,Matches
285,Max Kilman,eng ENG,DF,West Ham,27,1997,37.2,5,0,0,23,13,2,4,38,24,0,0,0,146,113,55,67.3,Matches
286,Joshua King,eng ENG,MF,Fulham,17,2007,1.4,0,0,0,3,2,0,2,1,5,0,0,0,5,1,2,33.3,Matches
287,Tom King,wls WAL,GK,Wolves,29,1995,0,0,0,0,0,0,0,0,0,0,0,0,0,0,0,0,,Matches
288,Antonín Kinský,cz CZE,GK,Tottenham,21,2003,6,0,0,0,0,0,0,0,0,1,0,0,0,6,2,0,100,Matches
289,Jakub Kiwior,pl POL,DF,Arsenal,24,2000,12.5,1,0,0,10,4,1,2,6,8,0,0,0,31,11,13,45.8,Matches
290,Justin Kluivert,nl NED,MF,Bournemouth,25,1999,26,8,0,0,47,33,5,85,14,11,1,0,0,78,8,28,22.2,Matches
291,Ibrahima Konaté,fr FRA,DF,Liverpool,25,1999,28.4,5,0,0,27,20,0,0,17,26,0,0,0,98,74,29,71.8,Matches
292,Ezri Konsa,eng ENG,DF,Aston Villa,26,1997,32.6,1,0,0,9,47,1,5,24,18,0,0,0,97,31,23,57.4,Matches
293,Mateo Kovačić,hr CRO,MF,Manchester City,30,1994,24.4,5,1,0,24,26,0,0,24,38,0,0,0,114,10,9,52.6,Matches
294,Caleb Kporha,eng ENG,DF,Crystal Palace,18,2006,0.1,0,0,0,0,0,0,2,0,1,0,0,0,1,0,1,0,Matches
295,Emil Krafth,se SWE,DF,Newcastle Utd,29,1994,3.8,2,0,0,5,2,0,2,2,2,0,0,0,19,8,8,50,Matches
296,Mohammed Kudus,gh GHA,"FW,MF",West Ham,23,2000,28.8,2,1,0,39,64,18,81,4,23,0,0,0,138,11,40,21.6,Matches
297,Dejan Kulusevski,se SWE,"MF,FW",Tottenham,24,2000,26.5,3,0,0,48,38,5,89,13,23,0,0,0,121,10,15,40,Matches
298,Maxence Lacroix,fr FRA,DF,Crystal Palace,24,2000,34.6,5,0,0,34,19,1,7,54,41,0,1,0,130,60,50,54.5,Matches
299,Adam Lallana,eng ENG,MF,Southampton,36,1988,4,4,0,0,8,8,0,4,5,5,0,0,0,19,2,2,50,Matches
300,Tariq Lamptey,gh GHA,DF,Brighton,23,2000,9.6,0,0,0,15,10,0,28,7,11,0,1,0,39,1,14,6.7,Matches
Rk,Player,Nation,Pos,Squad,Age,Born,90s,CrdY,CrdR,2CrdY,Fls,Fld,Off,Crs,Int,TklW,PKwon,PKcon,OG,Recov,Won,Lost,Won%,Matches
301,Will Lankshear,eng ENG,"FW,MF",Tottenham,19,2005,0.1,0,0,0,2,0,0,0,0,0,0,0,0,0,0,0,,Matches
302,Roméo Lavia,be BEL,MF,Chelsea,20,2004,8.9,4,0,0,16,7,0,0,16,13,0,1,0,40,12,6,66.7,Matches
303,Mario Lemina,ga GAB,"MF,DF",Wolves,30,1993,15.2,4,0,0,17,8,4,10,27,31,0,1,0,73,25,16,61,Matches
304,Bernd Leno,de GER,GK,Fulham,32,1992,38,5,0,0,0,4,0,0,0,2,0,0,0,50,9,1,90,Matches
305,Jefferson Lerma,co COL,"MF,DF",Crystal Palace,29,1994,25.3,9,0,0,35,39,0,12,42,17,0,0,0,154,41,39,51.3,Matches
306,Rico Lewis,eng ENG,"DF,MF",Manchester City,19,2004,21,5,1,1,12,34,0,6,13,19,0,0,0,95,6,14,30,Matches
307,Keane Lewis-Potter,eng ENG,"DF,FW",Brentford,23,2001,34.4,7,0,0,18,31,4,78,21,27,1,0,0,146,27,35,43.5,Matches
308,Myles Lewis-Skelly,eng ENG,DF,Arsenal,17,2006,15.2,3,2,0,11,47,0,10,7,14,0,1,0,53,11,10,52.4,Matches
309,Matthijs de Ligt,nl NED,DF,Manchester Utd,24,1999,23.6,3,0,0,16,12,2,6,33,22,0,2,0,68,58,29,66.7,Matches
310,Pedro Lima,br BRA,DF,Wolves,18,2006,0.8,0,0,0,1,1,1,5,2,0,0,0,0,3,0,3,0,Matches
311,Victor Lindelöf,se SWE,DF,Manchester Utd,30,1994,7.8,1,0,0,8,1,0,1,8,2,0,0,0,29,17,15,53.1,Matches
312,Jesper Lindstrøm,dk DEN,FW,Everton,24,2000,13.8,2,0,0,15,10,1,71,12,25,0,0,0,70,6,12,33.3,Matches
313,Valentino Livramento,eng ENG,DF,Newcastle Utd,21,2002,31.6,1,0,0,6,35,2,52,23,36,0,0,0,189,27,35,43.5,Matches
314,Sean Longstaff,eng ENG,MF,Newcastle Utd,26,1997,8.9,2,0,0,9,6,0,5,7,16,0,0,0,31,7,7,50,Matches
315,Saša Lukić,rs SRB,MF,Fulham,27,1996,26,12,0,0,66,26,0,62,28,39,0,1,0,109,19,25,43.2,Matches
316,Joe Lumley,eng ENG,GK,Southampton,29,1995,3,0,0,0,0,0,0,0,0,0,0,0,0,2,2,1,66.7,Matches
317,Massimo Luongo,au AUS,MF,Ipswich Town,31,1992,2.2,0,0,0,1,2,0,1,2,6,0,0,0,10,2,0,100,Matches
318,Ian Maatsen,nl NED,DF,Aston Villa,22,2002,12.7,2,0,0,11,9,3,51,15,17,0,1,0,67,10,6,62.5,Matches
319,Alexis Mac Allister,ar ARG,MF,Liverpool,25,1998,28.9,6,0,0,62,40,2,86,22,58,0,0,0,148,19,34,35.8,Matches
320,James Maddison,eng ENG,MF,Tottenham,27,1996,20.1,6,0,0,32,64,4,98,12,19,0,0,0,76,5,7,41.7,Matches
321,Noni Madueke,eng ENG,FW,Chelsea,22,2002,22.6,3,0,0,22,25,5,63,10,18,0,0,0,84,11,19,36.7,Matches
322,Gabriel Magalhães,br BRA,DF,Arsenal,26,1997,26.3,4,0,0,19,19,0,9,16,15,1,0,0,63,53,37,58.9,Matches
323,Edmond-Paris Maghoma,eng ENG,"MF,FW",Brentford,23,2001,1.3,0,0,0,2,4,0,3,1,1,0,0,0,7,1,3,25,Matches
324,Harry Maguire,eng ENG,DF,Manchester Utd,31,1993,19.5,7,0,0,18,11,2,4,40,15,0,0,0,68,64,25,71.9,Matches
325,Kobbie Mainoo,eng ENG,MF,Manchester Utd,19,2005,18.3,5,0,0,27,21,3,7,19,29,0,0,0,88,19,31,38,Matches
Rk,Player,Nation,Pos,Squad,Age,Born,90s,CrdY,CrdR,2CrdY,Fls,Fld,Off,Crs,Int,TklW,PKwon,PKcon,OG,Recov,Won,Lost,Won%,Matches
326,Tyrell Malacia,nl NED,DF,Manchester Utd,24,1999,1.1,1,0,0,3,2,0,1,1,1,0,0,0,3,0,0,,Matches
327,Donyell Malen,nl NED,FW,Aston Villa,25,1999,3.4,0,0,0,1,5,2,8,0,4,0,0,0,9,4,4,50,Matches
328,Mateus Mane,,MF,Wolves,,,0,0,0,0,0,0,0,0,0,0,0,0,0,0,1,0,100,Matches
329,Orel Mangala,be BEL,MF,Everton,26,1998,14,2,0,0,24,17,2,6,21,8,0,0,0,49,6,8,42.9,Matches
330,Ryan Manning,ie IRL,"DF,MF",Southampton,28,1996,16.2,2,0,0,19,32,0,84,17,17,0,0,0,65,15,6,71.4,Matches
331,Solly March,eng ENG,"FW,MF",Brighton,30,1994,1.9,2,0,0,2,2,3,20,2,3,0,0,0,7,1,2,33.3,Matches
332,Omar Marmoush,eg EGY,"FW,MF",Manchester City,25,1999,13.1,0,0,0,15,20,10,28,6,8,1,0,0,37,5,11,31.3,Matches
333,Gabriel Martinelli,br BRA,"FW,MF",Arsenal,23,2001,25.4,1,0,0,16,21,8,92,5,15,0,0,0,78,17,39,30.4,Matches
334,Emiliano Martínez,ar ARG,GK,Aston Villa,31,1992,35.5,5,1,0,2,6,0,0,0,3,0,0,0,34,10,1,90.9,Matches
335,Lisandro Martínez,ar ARG,DF,Manchester Utd,26,1998,19.5,7,0,0,22,7,0,9,32,24,0,0,0,81,16,13,55.2,Matches
336,Pape Matar Sarr,sn SEN,MF,Tottenham,21,2002,21.3,6,0,0,34,35,2,14,30,36,0,1,0,115,34,45,43,Matches
337,Jean-Philippe Mateta,fr FRA,FW,Crystal Palace,27,1997,29.4,2,0,0,27,28,21,26,2,12,0,0,0,68,63,107,37.1,Matches
338,Stephy Mavididi,eng ENG,FW,Leicester City,26,1998,17.9,2,0,0,18,18,3,69,11,19,0,0,0,83,9,15,37.5,Matches
339,Konstantinos Mavropanos,gr GRE,DF,West Ham,26,1997,22.7,6,1,1,17,16,3,2,40,24,0,0,0,77,57,25,69.5,Matches
340,Noussair Mazraoui,ma MAR,DF,Manchester Utd,26,1997,31.5,3,0,0,38,25,4,23,34,68,0,1,0,149,50,30,62.5,Matches
341,Bryan Mbeumo,cm CMR,FW,Brentford,24,1999,37.9,3,0,0,25,44,11,202,14,31,0,0,0,156,34,74,31.5,Matches
342,James Mcatee,eng ENG,"MF,FW",Manchester City,21,2002,3.9,1,0,0,6,3,0,8,2,2,0,0,0,8,2,3,40,Matches
343,Kasey McAteer,ie IRL,FW,Leicester City,22,2001,9.5,3,0,0,18,15,3,21,5,16,0,0,0,45,13,17,43.3,Matches
344,Alex McCarthy,eng ENG,GK,Southampton,34,1989,5,0,0,0,0,1,0,0,0,0,0,0,0,4,2,0,100,Matches
345,John McGinn,sct SCO,"MF,FW",Aston Villa,29,1994,24.7,7,0,0,43,69,3,60,14,24,1,0,0,100,17,12,58.6,Matches
346,Dwight McNeil,eng ENG,"MF,FW",Everton,24,1999,15.2,1,0,0,6,18,1,105,6,8,0,0,0,76,3,17,15,Matches
347,Scott McTominay,sct SCO,MF,Manchester Utd,27,1996,0.2,0,0,0,0,0,0,0,0,0,0,0,0,1,1,0,100,Matches
348,Ben Mee,eng ENG,DF,Brentford,34,1989,2,2,0,0,5,0,0,0,4,2,0,0,0,11,5,5,50,Matches
349,Jayden Meghoma,eng ENG,DF,Brentford,18,2006,0.1,0,0,0,0,0,0,0,0,0,0,0,0,1,0,0,,Matches
350,Mikel Merino,es ESP,"MF,FW",Arsenal,28,1996,17.6,4,1,1,41,23,7,13,15,28,0,0,0,86,59,55,51.8,Matches
Rk,Player,Nation,Pos,Squad,Age,Born,90s,CrdY,CrdR,2CrdY,Fls,Fld,Off,Crs,Int,TklW,PKwon,PKcon,OG,Recov,Won,Lost,Won%,Matches
351,Shumaira Mheuka,eng ENG,MF,Chelsea,16,2007,0,0,0,0,0,0,0,0,0,0,0,0,0,0,1,0,100,Matches
352,Nikola Milenković,rs SRB,DF,Nott'ham Forest,26,1997,37,4,0,0,20,5,2,0,27,29,0,0,0,85,101,39,72.1,Matches
353,Lewis Miley,eng ENG,MF,Newcastle Utd,18,2006,3.5,0,0,0,3,1,0,0,2,11,0,0,0,16,6,7,46.2,Matches
354,James Milner,eng ENG,MF,Brighton,38,1986,1.9,1,0,0,3,1,0,8,2,2,0,0,0,2,0,1,0,Matches
355,Tyrone Mings,eng ENG,DF,Aston Villa,31,1993,12.4,1,0,0,4,11,0,1,7,6,0,0,0,38,27,22,55.1,Matches
356,Yankuba Minteh,gm GAM,"FW,MF",Brighton,20,2004,20.4,6,0,0,21,11,6,91,11,35,0,0,0,85,17,34,33.3,Matches
357,Tyrick Mitchell,eng ENG,DF,Crystal Palace,24,1999,34.4,2,0,0,23,25,2,105,19,55,1,0,0,168,20,21,48.8,Matches
358,Kaoru Mitoma,jp JPN,"FW,MF",Brighton,27,1997,28.9,1,0,0,40,24,5,75,14,27,0,0,0,99,26,27,49.1,Matches
359,Jakub Moder,pl POL,MF,Brighton,25,1999,0.1,0,0,0,0,0,0,1,0,0,0,0,0,2,0,1,0,Matches
360,Jeremy Monga,,"FW,MF",Leicester City,,,1.2,0,0,0,0,5,0,4,0,1,0,0,0,10,0,1,0,Matches
361,Mikey Moore,eng ENG,FW,Tottenham,16,2007,4.1,0,0,0,3,7,3,16,1,1,0,0,0,11,1,6,14.3,Matches
362,Morato,br BRA,DF,Nott'ham Forest,23,2001,10.1,5,0,0,11,2,0,0,10,14,0,0,0,36,6,14,30,Matches
363,Álex Moreno,es ESP,"DF,MF",Nott'ham Forest,31,1993,10.6,2,0,0,12,6,0,19,15,18,0,0,0,50,3,11,21.4,Matches
364,Sam Morsy,eg EGY,MF,Ipswich Town,32,1991,30.6,10,0,0,48,27,0,15,29,41,0,1,1,157,18,24,42.9,Matches
365,Yerson Mosquera,co COL,DF,Wolves,23,2001,4.9,2,0,0,6,7,1,2,10,7,0,0,0,24,11,6,64.7,Matches
366,Mason Mount,eng ENG,MF,Manchester Utd,25,1999,6.9,3,0,0,16,9,1,13,4,5,0,0,0,18,4,8,33.3,Matches
367,Divin Mubama,eng ENG,FW,Manchester City,19,2004,0.3,0,0,0,0,0,0,0,0,0,0,0,0,1,0,1,0,Matches
368,Mykhailo Mudryk,ua UKR,FW,Chelsea,23,2001,1.7,0,0,0,2,2,1,7,0,2,0,0,0,9,2,4,33.3,Matches
369,Marshall Munetsi,zw ZIM,"MF,FW",Wolves,28,1996,12,0,0,0,19,10,3,10,6,10,0,0,0,35,29,23,55.8,Matches
370,Rodrigo Muniz,br BRA,FW,Fulham,23,2001,10.7,1,0,0,11,31,3,1,5,5,0,0,0,14,67,63,51.5,Matches
371,Daniel Muñoz,co COL,DF,Crystal Palace,28,1996,35.9,10,0,0,56,19,15,74,44,80,0,0,0,171,58,78,42.6,Matches
372,Arijanet Muric,xk KVX,GK,Ipswich Town,25,1998,18,1,0,0,0,4,0,0,0,0,0,0,0,26,11,1,91.7,Matches
373,Murillo,br BRA,DF,Nott'ham Forest,22,2002,35.4,6,0,0,27,6,0,14,36,36,0,1,0,142,44,22,66.7,Matches
374,Jacob Murphy,eng ENG,FW,Newcastle Utd,29,1995,26.2,4,0,0,11,15,3,120,13,19,1,0,0,98,5,16,23.8,Matches
375,Vitaliy Mykolenko,ua UKR,DF,Everton,25,1999,34.2,4,0,0,22,34,3,101,44,38,0,1,0,88,47,37,56,Matches
Rk,Player,Nation,Pos,Squad,Age,Born,90s,CrdY,CrdR,2CrdY,Fls,Fld,Off,Crs,Int,TklW,PKwon,PKcon,OG,Recov,Won,Lost,Won%,Matches
376,Iliman Ndiaye,sn SEN,FW,Everton,24,2000,27,3,0,0,24,52,5,38,20,28,0,0,0,172,6,19,24,Matches
377,Wilfred Ndidi,ng NGA,MF,Leicester City,27,1996,25.8,8,0,0,39,18,3,30,31,51,0,0,1,127,61,59,50.8,Matches
378,Kosta Nedeljković,rs SRB,DF,Aston Villa,18,2005,1.4,0,0,0,0,1,0,1,0,5,0,0,0,4,0,1,0,Matches
379,Reiss Nelson,eng ENG,FW,Arsenal,24,1999,0,0,0,0,1,1,0,0,0,0,0,0,0,0,0,0,,Matches
380,Reiss Nelson,eng ENG,FW,Fulham,24,1999,5.4,1,0,0,6,9,1,23,5,6,0,0,0,29,0,4,0,Matches
381,Neto,br BRA,GK,Bournemouth,35,1989,2,0,0,0,0,2,0,0,0,0,0,0,0,3,0,0,,Matches
382,Pedro Neto,pt POR,FW,Chelsea,24,2000,25.2,8,0,0,21,33,3,149,9,9,0,0,0,81,11,30,26.8,Matches
383,Eddie Nketiah,eng ENG,"FW,MF",Crystal Palace,25,1999,11.5,6,1,1,31,29,5,5,3,8,1,0,0,26,21,38,35.6,Matches
384,Christopher Nkunku,fr FRA,FW,Chelsea,26,1997,10.2,2,0,0,16,11,3,4,7,8,0,0,0,29,16,22,42.1,Matches
385,Gustavo Nunes,br BRA,"FW,MF",Brentford,18,2005,0.1,0,0,0,0,0,0,0,0,2,0,0,0,0,0,0,,Matches
386,Matheus Nunes,pt POR,"DF,MF",Manchester City,25,1998,18.6,4,0,0,30,20,6,45,15,22,0,1,0,70,14,19,42.4,Matches
387,Darwin Núñez,uy URU,FW,Liverpool,25,1999,12.6,8,0,0,27,14,12,3,4,18,1,0,0,41,20,33,37.7,Matches
388,Ethan Nwaneri,eng ENG,"FW,MF",Arsenal,17,2007,9.9,1,0,0,9,5,6,54,2,7,0,0,0,34,4,8,33.3,Matches
389,Christian Nørgaard,dk DEN,MF,Brentford,30,1994,31.3,8,1,0,44,28,1,17,49,49,0,0,0,193,49,30,62,Matches
390,Jake O'Brien,ie IRL,DF,Everton,23,2001,17.5,5,0,0,13,5,3,18,4,17,0,0,0,52,41,30,57.7,Matches
391,Matt O'Riley,dk DEN,MF,Brighton,23,2000,10.4,1,0,0,16,13,2,51,13,9,1,0,1,29,5,8,38.5,Matches
392,Dara O'Shea,ie IRL,DF,Ipswich Town,25,1999,34.7,6,0,0,21,26,3,8,33,31,0,0,0,110,114,85,57.3,Matches
393,Chidozie Obi-Martin,dk DEN,FW,Manchester Utd,16,2007,1.8,1,0,0,3,1,0,0,0,1,0,0,0,9,2,4,33.3,Matches
394,Wilson Odobert,fr FRA,"FW,MF",Tottenham,19,2004,9.4,0,0,0,2,3,1,25,4,5,0,0,0,34,4,8,33.3,Matches
395,Chiedozie Ogbene,ie IRL,FW,Ipswich Town,27,1997,2.6,0,0,0,2,7,1,4,1,3,0,0,0,6,1,6,14.3,Matches
396,Caleb Okoli,it ITA,DF,Leicester City,23,2001,12.5,4,0,0,16,9,0,1,15,14,0,0,0,44,23,21,52.3,Matches
397,Robin Olsen,se SWE,GK,Aston Villa,34,1990,2.5,0,0,0,0,0,0,0,0,0,0,0,0,2,0,0,,Matches
398,Amadou Onana,be BEL,MF,Aston Villa,22,2001,18,4,0,0,32,30,0,2,26,30,0,0,0,72,32,21,60.4,Matches
399,André Onana,cm CMR,GK,Manchester Utd,28,1996,34,0,0,0,0,2,0,0,0,2,0,0,0,34,6,0,100,Matches
400,Paul Onuachu,ng NGA,FW,Southampton,30,1994,11.7,4,0,0,28,16,10,0,1,2,0,0,0,19,93,59,61.2,Matches
Rk,Player,Nation,Pos,Squad,Age,Born,90s,CrdY,CrdR,2CrdY,Fls,Fld,Off,Crs,Int,TklW,PKwon,PKcon,OG,Recov,Won,Lost,Won%,Matches
401,Frank Onyeka,ng NGA,MF,Brentford,26,1998,0.3,0,0,0,2,0,0,0,0,0,0,0,0,2,0,0,,Matches
402,Lewis Orford,eng ENG,MF,West Ham,18,2006,0.5,0,0,0,0,0,0,1,1,0,0,0,0,7,0,1,0,Matches
403,Stefan Ortega,de GER,GK,Manchester City,31,1992,12.2,1,0,0,1,2,0,0,0,0,0,1,0,8,2,0,100,Matches
404,William Osula,dk DEN,FW,Newcastle Utd,20,2003,1.5,0,0,0,4,1,1,4,4,0,0,0,0,2,6,2,75,Matches
405,Dango Ouattara,bf BFA,FW,Bournemouth,22,2002,22.3,3,0,0,16,19,14,88,11,26,0,0,0,92,45,63,41.7,Matches
406,Nico O’Reilly,eng ENG,DF,Manchester City,19,2005,5.9,0,0,0,6,4,1,8,4,4,0,0,0,31,6,9,40,Matches
407,Alex Palmer,eng ENG,GK,Ipswich Town,27,1996,13,2,0,0,1,4,0,0,0,0,0,0,0,17,5,0,100,Matches
408,Cole Palmer,eng ENG,"MF,FW",Chelsea,22,2002,35.5,7,0,0,15,60,7,144,11,20,1,0,0,106,2,7,22.2,Matches
409,Emerson Palmieri,it ITA,DF,West Ham,29,1994,23.5,5,0,0,25,13,0,64,21,31,0,0,0,84,18,20,47.4,Matches
410,Lucas Paquetá,br BRA,"MF,FW",West Ham,26,1997,26.4,10,0,0,53,62,6,29,18,37,0,1,0,149,48,57,45.7,Matches
411,Thomas Partey,gh GHA,"MF,DF",Arsenal,31,1993,31.1,4,0,0,45,31,1,12,35,53,0,0,0,138,28,27,50.9,Matches
412,Nathan Patterson,sct SCO,DF,Everton,22,2001,3.9,1,0,0,6,1,0,14,2,6,0,0,0,12,1,7,12.5,Matches
413,Andreas Pereira,br BRA,MF,Fulham,28,1996,22.4,7,0,0,28,24,1,171,8,13,1,0,0,100,13,23,36.1,Matches
414,Ricardo Pereira,pt POR,DF,Leicester City,30,1993,4.3,1,0,0,6,8,0,3,4,8,0,0,0,19,4,2,66.7,Matches
415,Kalvin Phillips,eng ENG,MF,Ipswich Town,28,1995,13.7,6,1,1,28,20,0,20,19,19,0,0,0,68,7,22,24.1,Matches
416,Jaden Philogene Bidace,eng ENG,"FW,MF",Aston Villa,22,2002,3.7,4,1,1,12,8,1,4,3,5,0,0,0,21,0,5,0,Matches
417,Jaden Philogene Bidace,eng ENG,"FW,DF",Ipswich Town,22,2002,5.3,1,0,0,8,10,1,13,10,7,0,0,0,23,5,3,62.5,Matches
418,Jordan Pickford,eng ENG,GK,Everton,30,1994,38,7,0,0,0,7,0,0,1,0,0,0,0,36,5,1,83.3,Matches
419,Ethan Pinnock,jm JAM,DF,Brentford,31,1993,21.3,2,0,0,8,4,0,9,24,19,0,1,1,50,63,43,59.4,Matches
420,Daniel Podence,pt POR,"MF,FW",Wolves,28,1995,0.5,0,0,0,0,2,0,1,0,0,0,0,0,1,0,1,0,Matches
421,Alfie Pond,eng ENG,DF,Wolves,20,2004,0,0,0,0,0,0,0,0,0,0,0,0,0,0,0,0,,Matches
422,Nick Pope,eng ENG,GK,Newcastle Utd,32,1992,28,2,0,0,2,5,0,0,1,0,0,2,0,24,11,1,91.7,Matches
423,Pedro Porro,es ESP,DF,Tottenham,24,1999,29,5,0,0,25,33,1,196,36,49,0,0,0,152,12,23,34.3,Matches
424,Jarell Quansah,eng ENG,DF,Liverpool,21,2003,5.5,2,0,0,9,1,0,2,7,8,0,1,1,19,7,10,41.2,Matches
425,Aaron Ramsdale,eng ENG,GK,Southampton,26,1998,30,2,0,0,1,4,0,0,2,0,0,0,0,23,6,0,100,Matches
Rk,Player,Nation,Pos,Squad,Age,Born,90s,CrdY,CrdR,2CrdY,Fls,Fld,Off,Crs,Int,TklW,PKwon,PKcon,OG,Recov,Won,Lost,Won%,Matches
426,Jacob Ramsey,eng ENG,"FW,MF",Aston Villa,23,2001,18,4,1,1,13,28,5,12,8,15,1,0,0,83,7,13,35,Matches
427,Marcus Rashford,eng ENG,"FW,MF",Manchester Utd,26,1997,10.9,2,0,0,8,7,7,27,4,4,0,0,0,24,5,7,41.7,Matches
428,Marcus Rashford,eng ENG,FW,Aston Villa,26,1997,4.9,0,0,0,1,3,1,28,1,7,0,0,0,14,1,8,11.1,Matches
429,David Raya,es ESP,GK,Arsenal,28,1995,38,3,0,0,1,10,0,0,2,0,0,1,0,41,13,0,100,Matches
430,Harrison Reed,eng ENG,MF,Fulham,29,1995,1.2,2,0,0,6,2,0,6,1,3,0,1,0,10,1,2,33.3,Matches
431,Remy Rees-Dottin,eng ENG,FW,Bournemouth,18,2006,0,0,0,0,0,0,0,0,0,0,0,0,0,0,0,0,,Matches
432,Sergio Reguilón,es ESP,DF,Tottenham,27,1996,2.2,2,0,0,2,6,0,12,4,3,0,0,0,14,5,2,71.4,Matches
433,Vitor Reis,br BRA,DF,Manchester City,18,2006,0,0,0,0,0,0,0,0,0,0,0,0,0,0,0,0,,Matches
434,Chadi Riad,ma MAR,DF,Crystal Palace,21,2003,1,0,0,0,1,0,0,0,2,2,0,0,0,4,2,4,33.3,Matches
435,Declan Rice,eng ENG,MF,Arsenal,25,1999,31.4,7,1,1,21,16,2,164,25,25,0,0,0,156,37,25,59.7,Matches
436,Chris Richards,us USA,DF,Crystal Palace,24,2000,21.4,4,1,1,11,5,1,5,19,30,1,0,0,51,48,41,53.9,Matches
437,Richarlison,br BRA,FW,Tottenham,27,1997,5.6,2,0,0,7,13,3,7,0,3,0,0,0,11,10,23,30.3,Matches
438,Andrew Robertson,sct SCO,DF,Liverpool,30,1994,27.6,3,1,0,11,8,3,147,21,22,0,1,1,105,7,14,33.3,Matches
439,Antonee Robinson,us USA,DF,Fulham,26,1997,35.2,8,0,0,31,20,7,170,62,61,0,0,0,157,50,26,65.8,Matches
440,Jay Robinson,eng ENG,"MF,FW",Southampton,17,2007,1.5,0,0,0,3,1,0,1,0,1,0,0,0,12,0,1,0,Matches
441,Rodri,es ESP,MF,Manchester City,28,1996,0.8,0,0,0,1,2,0,0,1,1,0,0,0,7,1,0,100,Matches
442,Guido Rodríguez,ar ARG,MF,West Ham,30,1994,12.8,6,0,0,18,12,2,5,13,19,0,0,0,53,11,7,61.1,Matches
443,Mads Roerslev,dk DEN,DF,Brentford,25,1999,12.2,2,0,0,6,10,0,31,4,8,0,0,0,39,10,14,41.7,Matches
444,Morgan Rogers,eng ENG,"FW,MF",Aston Villa,22,2002,34.6,10,0,0,50,51,2,27,6,22,1,0,0,119,13,52,20,Matches
445,Cristian Romero,ar ARG,DF,Tottenham,26,1998,15.7,3,0,0,14,12,2,3,21,29,0,0,0,90,41,27,60.3,Matches
446,Georginio Rutter,fr FRA,"MF,FW",Brighton,22,2002,18.4,2,0,0,34,45,7,9,10,15,0,1,0,66,25,46,35.2,Matches
447,José Sá,pt POR,GK,Wolves,31,1993,29,2,0,0,4,9,0,0,0,2,0,4,0,37,11,1,91.7,Matches
448,Bukayo Saka,eng ENG,"FW,MF",Arsenal,22,2001,19.2,3,0,0,15,39,7,117,3,15,1,0,0,70,10,20,33.3,Matches
449,Mohamed Salah,eg EGY,FW,Liverpool,32,1992,37.5,1,0,0,25,39,18,79,9,11,0,0,0,101,9,14,39.1,Matches
450,William Saliba,fr FRA,DF,Arsenal,23,2001,33.8,2,1,0,28,17,1,3,21,37,0,1,0,154,61,36,62.9,Matches
Rk,Player,Nation,Pos,Squad,Age,Born,90s,CrdY,CrdR,2CrdY,Fls,Fld,Off,Crs,Int,TklW,PKwon,PKcon,OG,Recov,Won,Lost,Won%,Matches
451,Robert Sánchez,es ESP,GK,Chelsea,26,1997,32,5,0,0,2,4,0,0,2,0,0,2,0,43,12,0,100,Matches
452,Jadon Sancho,eng ENG,FW,Chelsea,24,2000,19.6,2,0,0,6,11,6,25,2,7,2,0,0,99,6,11,35.3,Matches
453,Ibrahim Sangaré,ci CIV,MF,Nott'ham Forest,26,1997,6.6,3,0,0,15,8,0,2,6,14,0,0,0,42,10,10,50,Matches
454,Pablo Sarabia,es ESP,"MF,FW",Wolves,32,1992,9,3,0,0,16,15,5,47,4,8,0,0,0,34,5,14,26.3,Matches
455,Jeremy Sarmiento,ec ECU,MF,Brighton,22,2002,0.1,0,0,0,0,0,0,0,0,0,0,0,0,1,0,0,,Matches
456,Ismaila Sarr,sn SEN,MF,Crystal Palace,26,1998,30.1,4,0,0,14,56,11,55,9,10,1,0,0,113,37,52,41.6,Matches
457,Sávio,br BRA,"FW,MF",Manchester City,20,2004,19.6,3,0,0,17,28,3,84,6,17,2,0,0,79,1,2,33.3,Matches
458,Oliver Scarles,eng ENG,"DF,FW",West Ham,18,2005,7.4,1,0,0,5,3,1,15,11,11,0,0,0,34,6,6,50,Matches
459,Dane Scarlett,eng ENG,"FW,MF",Tottenham,20,2004,0.4,0,0,0,0,1,1,0,0,0,0,0,0,3,1,0,100,Matches
460,Kevin Schade,de GER,FW,Brentford,22,2001,25.5,3,0,0,21,38,13,38,5,25,1,0,0,83,90,80,52.9,Matches
461,Fabian Schär,ch SUI,DF,Newcastle Utd,32,1991,32.6,9,1,0,35,15,4,13,45,21,0,0,0,134,56,71,44.1,Matches
462,Jeffrey Schlupp,gh GHA,"MF,DF",Crystal Palace,31,1992,1.1,0,0,0,1,0,0,4,0,0,0,0,0,6,3,4,42.9,Matches
463,Alex Scott,eng ENG,MF,Bournemouth,20,2003,8.4,3,0,0,17,26,0,7,10,14,0,0,0,52,7,7,50,Matches
464,Matz Sels,be BEL,GK,Nott'ham Forest,32,1992,38,4,0,0,1,10,0,0,0,1,0,1,0,17,15,2,88.2,Matches
465,Nélson Semedo,pt POR,DF,Wolves,30,1993,32.1,8,0,0,48,30,4,63,23,36,0,1,0,139,28,42,40,Matches
466,Antoine Semenyo,gh GHA,FW,Bournemouth,24,2000,35.6,9,0,0,73,37,15,59,11,35,1,0,0,158,66,76,46.5,Matches
467,Marcos Senesi,ar ARG,DF,Bournemouth,27,1997,12.3,5,0,0,22,8,0,11,14,21,0,0,0,71,32,29,52.5,Matches
468,Ryan Sessegnon,eng ENG,"FW,DF",Fulham,24,2000,6.4,1,0,0,20,4,1,16,3,13,0,0,0,30,8,11,42.1,Matches
469,Luke Shaw,eng ENG,DF,Manchester Utd,29,1995,3.9,1,0,0,3,1,0,11,2,3,0,0,1,9,3,2,60,Matches
470,Zain Silcott-Duberry,ms MSR,FW,Bournemouth,19,2005,0,0,0,0,0,0,0,0,0,1,0,0,0,0,0,1,0,Matches
471,Bernardo Silva,pt POR,"MF,FW",Manchester City,29,1994,29.7,7,0,0,27,32,3,60,23,37,0,0,0,107,5,10,33.3,Matches
472,Jota Silva,pt POR,"FW,MF",Nott'ham Forest,24,1999,9.5,5,0,0,24,23,8,21,12,14,1,0,0,43,21,30,41.2,Matches
473,Eric da Silva Moreira,de GER,"MF,DF",Nott'ham Forest,18,2006,0.3,0,0,0,0,0,0,0,1,2,0,0,0,2,0,0,,Matches
474,Jahmai Simpson-Pusey,eng ENG,DF,Manchester City,18,2005,1.1,1,0,0,0,1,0,0,0,0,0,0,0,3,1,3,25,Matches
475,Luis Sinisterra,co COL,"FW,MF",Bournemouth,25,1999,2.6,0,0,0,4,2,1,7,1,2,0,0,0,17,3,7,30,Matches
Rk,Player,Nation,Pos,Squad,Age,Born,90s,CrdY,CrdR,2CrdY,Fls,Fld,Off,Crs,Int,TklW,PKwon,PKcon,OG,Recov,Won,Lost,Won%,Matches
476,Oliver Skipp,eng ENG,MF,Leicester City,23,2000,12.5,8,0,0,21,13,0,5,11,4,0,0,0,46,12,6,66.7,Matches
477,William Smallbone,ie IRL,MF,Southampton,24,2000,7.7,1,0,0,11,3,0,36,2,13,0,1,0,23,4,6,40,Matches
478,Adam Smith,eng ENG,DF,Bournemouth,33,1991,17.7,7,0,0,19,12,0,33,15,12,0,0,0,50,14,15,48.3,Matches
479,Emile Smith Rowe,eng ENG,MF,Fulham,24,2000,22.7,3,0,0,19,14,4,16,11,18,0,0,0,75,6,20,23.1,Matches
480,Dominic Solanke,eng ENG,FW,Tottenham,26,1997,24.5,0,0,0,36,36,5,4,1,11,0,0,1,38,46,60,43.4,Matches
481,Carlos Soler,es ESP,"MF,FW",West Ham,27,1997,15.7,6,0,0,26,19,0,34,8,11,0,0,0,64,10,12,45.5,Matches
482,Julio Soler,ar ARG,"DF,FW",Bournemouth,19,2005,0.1,0,0,0,0,1,0,1,0,1,0,0,0,0,0,0,,Matches
483,Ramón Sosa,py PAR,"FW,MF",Nott'ham Forest,24,1999,3.3,1,0,0,6,8,3,8,4,3,0,0,0,25,4,7,36.4,Matches
484,Tomáš Souček,cz CZE,MF,West Ham,29,1995,28.5,8,0,0,47,25,4,14,20,21,1,0,0,63,99,73,57.6,Matches
485,Boubakary Soumaré,fr FRA,MF,Leicester City,25,1999,24.1,8,0,0,24,23,0,10,27,20,0,0,0,140,21,11,65.6,Matches
486,Djed Spence,eng ENG,DF,Tottenham,23,2000,19.9,4,1,1,21,23,2,25,21,34,0,0,1,109,21,14,60,Matches
487,Jay Stansfield,eng ENG,MF,Fulham,21,2002,0,0,0,0,1,0,0,0,0,0,0,0,0,0,0,0,,Matches
488,Jason Steele,eng ENG,GK,Brighton,33,1990,2,0,0,0,0,1,0,0,0,0,0,0,0,7,1,1,50,Matches
489,Jack Stephens,eng ENG,DF,Southampton,30,1994,15.4,2,2,0,13,4,1,1,13,20,0,1,0,44,6,10,37.5,Matches
490,Raheem Sterling,eng ENG,"FW,MF",Arsenal,29,1994,5.5,1,0,0,12,8,4,16,1,4,0,0,0,16,1,3,25,Matches
491,Ross Stewart,sct SCO,FW,Southampton,28,1996,4.3,1,0,0,7,7,1,0,1,4,0,0,0,6,13,23,36.1,Matches
492,Jakub Stolarczyk,pl POL,GK,Leicester City,23,2000,10,1,0,0,0,0,0,0,0,1,0,0,0,8,5,0,100,Matches
493,John Stones,eng ENG,"DF,MF",Manchester City,30,1994,6.1,1,0,0,2,2,0,0,4,2,0,0,0,22,8,6,57.1,Matches
494,Jørgen Strand Larsen,no NOR,FW,Wolves,24,2000,28.7,4,0,0,46,19,16,6,6,6,0,0,0,42,67,100,40.1,Matches
495,Yukinari Sugawara,jp JPN,"DF,MF",Southampton,24,2000,17.3,4,0,0,15,10,4,70,11,18,0,2,0,44,5,9,35.7,Matches
496,Kamaldeen Sulemana,gh GHA,"FW,MF",Southampton,22,2002,15.6,2,0,0,22,11,3,26,6,17,0,0,0,63,13,27,32.5,Matches
497,Crysencio Summerville,nl NED,"FW,MF",West Ham,22,2001,8.7,2,0,0,9,23,4,21,0,7,0,0,0,38,4,9,30.8,Matches
498,Sammie Szmodics,ie IRL,"FW,MF",Ipswich Town,28,1995,11,2,0,0,9,8,8,14,6,10,0,1,0,42,6,11,35.3,Matches
499,Dominik Szoboszlai,hu HUN,MF,Liverpool,23,2000,27.7,6,0,0,44,24,4,41,9,20,0,0,0,133,19,23,45.2,Matches
500,Matt Targett,eng ENG,DF,Newcastle Utd,28,1995,0.2,0,0,0,0,0,0,1,1,0,0,0,0,2,0,0,,Matches
Rk,Player,Nation,Pos,Squad,Age,Born,90s,CrdY,CrdR,2CrdY,Fls,Fld,Off,Crs,Int,TklW,PKwon,PKcon,OG,Recov,Won,Lost,Won%,Matches
501,James Tarkowski,eng ENG,DF,Everton,31,1992,32.5,6,0,0,35,28,2,1,41,40,0,1,0,98,102,33,75.6,Matches
502,Marcus Tavernier,eng ENG,"FW,MF",Bournemouth,25,1999,21.5,6,0,0,34,28,4,108,5,24,0,0,0,119,26,33,44.1,Matches
503,Charlie Taylor,eng ENG,DF,Southampton,30,1993,4,1,0,0,2,3,0,9,5,5,0,0,0,10,6,2,75,Matches
504,Jack Taylor,ie IRL,MF,Ipswich Town,26,1998,9.6,4,0,0,16,5,0,7,9,10,0,0,0,53,7,8,46.7,Matches
505,Mathys Tel,fr FRA,FW,Tottenham,19,2005,10.1,2,0,0,14,16,1,35,2,6,1,0,0,38,4,7,36.4,Matches
506,Kenny Tete,nl NED,DF,Fulham,28,1995,19.7,5,0,0,35,16,1,38,32,38,0,0,0,74,24,22,52.2,Matches
507,Thiago,br BRA,"FW,MF",Brentford,23,2001,1.9,0,0,0,3,3,1,2,2,3,0,0,0,12,7,5,58.3,Matches
508,Luke Thomas,eng ENG,DF,Leicester City,23,2001,12.3,3,0,0,16,10,0,29,21,25,0,1,0,42,13,11,54.2,Matches
509,Youri Tielemans,be BEL,MF,Aston Villa,27,1997,33.6,4,0,0,41,56,0,119,23,58,0,0,0,145,22,18,55,Matches
510,Kieran Tierney,sct SCO,"DF,FW",Arsenal,27,1997,2.9,0,0,0,1,2,2,14,3,5,0,0,0,6,5,5,50,Matches
511,Jurriën Timber,nl NED,DF,Arsenal,23,2001,26.9,7,0,0,31,29,6,28,22,38,0,0,0,94,22,20,52.4,Matches
512,Jean-Clair Todibo,fr FRA,DF,West Ham,24,1999,20.3,3,0,0,16,6,0,3,26,28,0,0,0,79,28,26,51.9,Matches
513,Harry Toffolo,eng ENG,DF,Nott'ham Forest,28,1995,1.5,1,0,0,1,0,0,4,2,3,0,0,0,2,1,0,100,Matches
514,Takehiro Tomiyasu,jp JPN,DF,Arsenal,25,1998,0.1,0,0,0,0,0,0,0,0,0,0,0,0,0,0,0,,Matches
515,Sandro Tonali,it ITA,MF,Newcastle Utd,24,2000,29.2,5,0,0,37,49,2,54,34,32,1,0,0,177,12,12,50,Matches
516,Pau Torres,es ESP,DF,Aston Villa,27,1997,22.4,2,0,0,8,7,0,3,10,15,0,0,0,62,18,29,38.3,Matches
517,Conor Townsend,eng ENG,DF,Ipswich Town,31,1993,3.7,1,0,0,2,4,0,12,4,8,0,0,0,8,6,4,60,Matches
518,Adama Traoré,es ESP,"FW,MF",Fulham,28,1996,19.7,3,0,0,24,32,1,100,1,13,0,0,0,87,25,26,49,Matches
519,Boubacar Traoré,ml MLI,MF,Wolves,22,2001,0,0,0,0,0,0,0,0,0,0,0,0,0,0,0,1,0,Matches
520,Mark Travers,ie IRL,GK,Bournemouth,25,1999,5,0,0,0,0,1,0,0,0,0,0,0,0,3,1,0,100,Matches
521,Ryan Trevitt,eng ENG,MF,Brentford,21,2003,0,0,0,0,0,0,0,0,0,1,0,0,0,2,0,0,,Matches
522,Kieran Trippier,eng ENG,DF,Newcastle Utd,33,1990,14.5,1,0,0,16,11,2,82,12,21,0,0,0,68,22,15,59.5,Matches
523,Leandro Trossard,be BEL,FW,Arsenal,29,1994,28.3,4,1,1,27,46,6,86,9,20,0,0,0,104,6,24,20,Matches
524,Kostas Tsimikas,gr GRE,DF,Liverpool,28,1996,9.3,2,0,0,9,6,1,64,11,20,0,0,0,31,5,8,38.5,Matches
525,Axel Tuanzebe,cd COD,DF,Ipswich Town,26,1997,19,5,1,1,17,12,0,10,23,19,0,0,1,49,22,18,55,Matches
Rk,Player,Nation,Pos,Squad,Age,Born,90s,CrdY,CrdR,2CrdY,Fls,Fld,Off,Crs,Int,TklW,PKwon,PKcon,OG,Recov,Won,Lost,Won%,Matches
526,Destiny Udogie,it ITA,DF,Tottenham,21,2002,21.4,2,0,0,29,38,3,19,22,47,0,0,1,111,13,13,50,Matches
527,Manuel Ugarte,uy URU,MF,Manchester Utd,23,2001,19.8,11,0,0,41,33,0,7,27,49,0,0,1,122,18,18,50,Matches
528,Lesley Ugochukwu,fr FRA,MF,Southampton,20,2004,18.4,7,0,0,31,16,0,6,14,24,0,1,0,67,20,18,52.6,Matches
529,Enes Ünal,tr TUR,"FW,MF",Bournemouth,27,1997,3.8,2,0,0,6,9,1,4,0,0,0,0,0,16,24,22,52.2,Matches
530,Hákon Valdimarsson,is ISL,GK,Brentford,22,2001,1.6,0,0,0,0,0,0,0,0,0,0,0,0,1,1,0,100,Matches
531,Virgil van Dijk,nl NED,DF,Liverpool,33,1991,37,5,0,0,17,13,0,1,56,20,0,0,0,115,119,46,72.1,Matches
532,Jamie Vardy,eng ENG,FW,Leicester City,37,1987,31.4,5,0,0,25,23,27,11,5,13,2,0,0,39,50,55,47.6,Matches
533,Renato Veiga,pt POR,"DF,MF",Chelsea,21,2003,2,2,0,0,6,1,1,0,1,6,0,0,0,9,3,3,50,Matches
534,Joël Veltman,nl NED,DF,Brighton,32,1992,18.9,5,0,0,27,44,0,24,19,29,0,1,0,68,21,18,53.8,Matches
535,Micky van de Ven,nl NED,DF,Tottenham,23,2001,11.3,4,0,0,10,9,0,0,10,6,0,0,0,63,19,20,48.7,Matches
536,Bart Verbruggen,nl NED,GK,Brighton,21,2002,36,5,0,0,0,2,0,0,0,0,0,0,0,59,10,1,90.9,Matches
537,Jannik Vestergaard,dk DEN,DF,Leicester City,31,1992,15.5,5,0,0,12,4,0,0,16,10,0,0,1,46,26,19,57.8,Matches
538,Guglielmo Vicario,it ITA,GK,Tottenham,27,1996,24,1,0,0,0,2,0,0,1,0,0,0,0,32,9,0,100,Matches
539,Carlos Vinícius,br BRA,"MF,FW",Fulham,29,1995,0.2,0,0,0,0,2,0,0,0,0,0,0,0,0,0,0,,Matches
540,Kyle Walker,eng ENG,DF,Manchester City,34,1990,10.8,3,0,0,6,5,1,14,3,10,0,0,0,46,9,7,56.3,Matches
541,Kyle Walker-Peters,eng ENG,DF,Southampton,27,1997,32.4,5,0,0,28,52,2,51,19,29,0,0,0,135,11,21,34.4,Matches
542,Christian Walton,eng ENG,GK,Ipswich Town,28,1995,7,0,0,0,0,1,0,0,0,0,0,0,0,6,2,0,100,Matches
543,Aaron Wan-Bissaka,cd COD,DF,West Ham,26,1997,35,1,0,0,25,27,5,76,66,49,0,0,1,174,22,33,40,Matches
544,Danny Ward,wls WAL,GK,Leicester City,31,1993,1.5,0,0,0,0,0,0,0,0,0,0,0,0,1,0,0,,Matches
545,Joel Ward,eng ENG,DF,Crystal Palace,34,1989,0.8,1,0,0,4,0,0,0,0,0,0,0,0,7,1,0,100,Matches
546,James Ward-Prowse,eng ENG,MF,West Ham,29,1994,11.5,2,0,0,10,4,0,49,8,14,0,0,0,52,10,5,66.7,Matches
547,James Ward-Prowse,eng ENG,MF,Nott'ham Forest,29,1994,4.4,2,1,1,7,2,0,19,5,1,0,0,0,19,3,5,37.5,Matches
548,Ollie Watkins,eng ENG,FW,Aston Villa,28,1995,28.9,2,0,0,29,33,16,7,8,7,2,0,0,43,52,71,42.3,Matches
549,Adam Webster,eng ENG,DF,Brighton,29,1995,9.9,1,0,0,7,2,1,2,20,6,0,1,0,35,24,6,80,Matches
550,Danny Welbeck,eng ENG,FW,Brighton,33,1990,23.5,5,0,0,11,23,4,3,5,16,0,0,0,46,17,32,34.7,Matches
Rk,Player,Nation,Pos,Squad,Age,Born,90s,CrdY,CrdR,2CrdY,Fls,Fld,Off,Crs,Int,TklW,PKwon,PKcon,OG,Recov,Won,Lost,Won%,Matches
551,Welington,br BRA,DF,Southampton,23,2001,5.4,1,0,0,6,8,1,17,7,9,0,1,0,21,5,4,55.6,Matches
552,Timo Werner,de GER,"FW,MF",Tottenham,28,1996,5.7,0,0,0,3,5,5,28,1,4,0,0,0,18,0,1,0,Matches
553,Adam Wharton,eng ENG,MF,Crystal Palace,20,2004,14.6,2,0,0,12,21,0,39,20,14,0,0,0,102,7,16,30.4,Matches
554,Ben White,eng ENG,DF,Arsenal,26,1997,13.3,2,0,0,10,5,1,17,16,14,0,0,0,37,18,9,66.7,Matches
555,Mats Wieffer,nl NED,"DF,MF",Brighton,24,1999,11.3,6,0,0,23,10,1,13,17,34,1,1,0,68,32,25,56.1,Matches
556,Neco Williams,wls WAL,DF,Nott'ham Forest,23,2001,28.8,7,0,0,24,43,2,59,31,57,0,0,0,110,40,30,57.1,Matches
557,Willian,br BRA,"FW,MF",Fulham,35,1988,2.9,0,0,0,1,0,0,16,1,2,0,0,0,14,1,3,25,Matches
558,Joe Willock,eng ENG,"MF,FW",Newcastle Utd,24,1999,12.1,4,0,0,23,13,3,18,6,17,0,0,0,40,5,14,26.3,Matches
559,Callum Wilson,eng ENG,FW,Newcastle Utd,32,1992,4.1,1,0,0,4,1,3,2,1,2,0,0,0,11,2,16,11.1,Matches
560,Harry Wilson,wls WAL,"FW,MF",Fulham,27,1997,12.9,2,0,0,12,22,1,41,7,14,1,0,0,55,5,20,20,Matches
561,Harry Winks,eng ENG,MF,Leicester City,28,1996,17.1,4,0,0,9,13,0,34,9,11,0,0,0,106,8,6,57.1,Matches
562,Ben Winterburn,eng ENG,"MF,FW",Bournemouth,19,2004,0.3,0,0,0,0,1,0,0,2,0,0,0,0,2,1,0,100,Matches
563,Yoane Wissa,cd COD,FW,Brentford,27,1996,32.4,5,0,0,34,51,14,20,8,12,1,0,0,81,30,36,45.5,Matches
564,Chris Wood,nz NZL,FW,Nott'ham Forest,32,1991,32.9,1,0,0,25,24,28,1,5,5,0,0,0,50,94,143,39.7,Matches
565,Nathan Wood-Gordon,eng ENG,DF,Southampton,22,2002,8.6,2,0,0,9,4,0,3,5,8,0,0,0,20,15,8,65.2,Matches
566,Luke Woolfenden,eng ENG,DF,Ipswich Town,25,1998,13.2,2,0,0,5,2,1,0,19,6,0,0,0,38,15,15,50,Matches
567,Yehor Yarmoliuk,ua UKR,MF,Brentford,20,2004,16.1,6,0,0,19,13,2,16,13,28,0,0,0,113,8,10,44.4,Matches
568,Ryan Yates,eng ENG,MF,Nott'ham Forest,26,1997,21.3,10,0,0,53,49,7,8,26,21,0,0,0,104,45,30,60,Matches
569,Leny Yoro,fr FRA,DF,Manchester Utd,18,2005,12.9,5,0,0,9,2,1,1,18,11,0,0,0,46,16,16,50,Matches
570,Ashley Young,eng ENG,DF,Everton,39,1985,20.8,7,1,0,30,22,0,75,25,33,0,0,0,75,10,11,47.6,Matches
571,Illia Zabarnyi,ua UKR,DF,Bournemouth,21,2002,34.5,4,1,0,20,7,0,6,41,36,0,0,0,157,77,44,63.6,Matches
572,Oleksandr Zinchenko,ua UKR,"DF,MF",Arsenal,27,1996,5.9,1,0,0,8,3,1,13,5,1,0,0,0,19,12,11,52.2,Matches
573,Joshua Zirkzee,nl NED,"FW,MF",Manchester Utd,23,2001,15.6,2,0,0,9,13,3,4,6,8,1,0,0,57,21,54,28,Matches
574,Martin Ødegaard,no NOR,MF,Arsenal,25,1998,25.8,4,0,0,12,23,1,86,6,11,0,0,0,97,8,7,53.3,Matches