,,,,,,,,Tackles,,,,,Challenges,,,,Blocks,,,,,,,
Rk,Player,Nation,Pos,Squad,Age,Born,90s,Tkl,TklW,Def 3rd,Mid 3rd,Att 3rd,Tkl,Att,Tkl%,Lost,Blocks,Sh,Pass,Int,Tkl+Int,Clr,Err,Matches
1,Max Aarons,eng ENG,DF,Bournemouth,24,2000,1,2,2,1,1,0,1,1,100,0,3,1,2,1,3,0,0,Matches
2,Joshua Acheampong,eng ENG,DF,Chelsea,18,2006,1.9,2,1,2,0,0,2,2,100,0,1,0,1,1,3,2,0,Matches
3,Tyler Adams,us USA,MF,Bournemouth,25,1999,21.8,83,50,26,49,8,39,72,54.2,33,33,10,23,32,115,42,0,Matches
4,Tosin Adarabioyo,eng ENG,DF,Chelsea,26,1997,15.7,17,13,11,6,0,8,12,66.7,4,9,7,2,11,28,80,0,Matches
5,Simon Adingra,ci CIV,"FW,MF",Brighton,22,2002,12.2,23,14,10,8,5,10,26,38.5,16,12,0,12,8,31,6,2,Matches
6,Emmanuel Agbadou,ci CIV,DF,Wolves,27,1997,15.7,30,19,21,9,0,13,20,65,7,19,13,6,12,42,90,0,Matches
7,Asher Agbinone,eng ENG,MF,Crystal Palace,18,2005,0.1,2,1,0,2,0,0,0,,0,0,0,0,0,2,0,0,Matches
8,Ola Aina,ng NGA,DF,Nott'ham Forest,27,1996,33.3,55,42,39,15,1,36,64,56.3,28,34,12,22,33,88,115,4,Matches
9,Rayan Aït-Nouri,dz ALG,DF,Wolves,23,2001,34.5,89,57,52,28,9,43,70,61.4,27,42,6,36,26,115,75,2,Matches
10,Kristoffer Ajer,no NOR,DF,Brentford,26,1998,16,26,18,14,11,1,14,27,51.9,13,17,4,13,12,38,50,0,Matches
11,Manuel Akanji,ch SUI,DF,Manchester City,29,1995,22.4,19,12,12,4,3,11,17,64.7,6,11,8,3,9,28,64,3,Matches
12,Nathan Aké,nl NED,DF,Manchester City,29,1995,7.5,9,7,7,2,0,4,6,66.7,2,7,2,5,3,12,22,1,Matches
13,Carlos Alcaraz,ar ARG,MF,Southampton,21,2002,0.1,0,0,0,0,0,0,0,,0,0,0,0,1,1,0,0,Matches
14,Carlos Alcaraz,ar ARG,"FW,MF",Everton,21,2002,8.5,11,5,5,3,3,3,11,27.3,8,9,2,7,5,16,10,0,Matches
15,Trent Alexander-Arnold,eng ENG,DF,Liverpool,25,1998,26.3,72,50,44,19,9,49,105,46.7,56,26,9,17,31,103,55,4,Matches
16,Alisson,br BRA,GK,Liverpool,31,1992,27.9,1,0,1,0,0,0,1,0,1,0,0,0,0,1,13,1,Matches
17,Miguel Almirón,py PAR,FW,Newcastle Utd,30,1994,1.7,3,2,2,0,1,2,3,66.7,1,2,0,2,0,3,0,0,Matches
18,Olabade Aluko,,DF,Leicester City,,,0,1,1,0,0,1,1,1,100,0,0,0,0,0,1,0,0,Matches
19,Edson Álvarez,mx MEX,MF,West Ham,26,1997,19.7,50,27,27,15,8,17,35,48.6,18,23,8,15,18,68,46,1,Matches
20,Will Alves,eng ENG,FW,Leicester City,19,2005,0,0,0,0,0,0,0,0,,0,0,0,0,0,0,0,0,Matches
21,Harry Amass,eng ENG,DF,Manchester Utd,17,2007,3.8,6,2,5,1,0,2,8,25,6,11,1,10,2,8,11,0,Matches
22,Samuel Amo-Ameyaw,eng ENG,"FW,DF",Southampton,18,2006,0.3,1,0,0,1,0,1,1,100,0,0,0,0,0,1,0,0,Matches
23,Mathis Amougou,fr FRA,MF,Chelsea,18,2006,0.1,0,0,0,0,0,0,0,,0,0,0,0,0,0,0,0,Matches
24,Joachim Andersen,dk DEN,DF,Crystal Palace,28,1996,1,1,1,1,0,0,1,2,50,1,0,0,0,0,1,7,0,Matches
25,Joachim Andersen,dk DEN,DF,Fulham,28,1996,28.7,27,18,20,6,1,15,24,62.5,9,37,28,9,34,61,188,1,Matches
Rk,Player,Nation,Pos,Squad,Age,Born,90s,Tkl,TklW,Def 3rd,Mid 3rd,Att 3rd,Tkl,Att,Tkl%,Lost,Blocks,Sh,Pass,Int,Tkl+Int,Clr,Err,Matches
26,Elliot Anderson,eng ENG,MF,Nott'ham Forest,21,2002,30.3,92,56,54,29,9,48,111,43.2,63,48,9,39,31,123,76,4,Matches
27,André,br BRA,MF,Wolves,23,2001,27.5,91,55,41,41,9,37,63,58.7,26,42,8,34,37,128,30,1,Matches
28,Michail Antonio,jm JAM,FW,West Ham,34,1990,9.3,2,2,0,1,1,2,3,66.7,1,6,0,6,0,2,2,0,Matches
29,Antony,br BRA,"DF,MF",Manchester Utd,24,2000,1.6,6,3,4,2,0,2,5,40,3,2,0,2,2,8,0,0,Matches
30,Julian Araujo,mx MEX,DF,Bournemouth,22,2001,5.5,10,5,4,6,0,5,12,41.7,7,3,0,3,6,16,18,0,Matches
31,Cameron Archer,eng ENG,FW,Southampton,23,2001,16,13,8,8,3,2,2,9,22.2,7,5,1,4,2,15,11,0,Matches
32,Alphonse Areola,fr FRA,GK,West Ham,31,1993,25.1,2,2,2,0,0,2,3,66.7,1,0,0,0,0,2,15,3,Matches
33,Joe Aribo,ng NGA,"MF,DF",Southampton,28,1996,22.4,47,33,17,24,6,17,35,48.6,18,28,11,17,20,67,32,3,Matches
34,Adam Armstrong,eng ENG,"FW,MF",Southampton,27,1997,13.9,12,3,2,7,3,3,14,21.4,11,6,1,5,3,15,8,0,Matches
35,Harrison Armstrong,eng ENG,MF,Everton,17,2007,0.5,0,0,0,0,0,0,1,0,1,0,0,0,0,0,1,0,Matches
36,Kepa Arrizabalaga,es ESP,GK,Bournemouth,29,1994,31,1,0,1,0,0,0,2,0,2,2,0,2,0,1,15,3,Matches
37,Marco Asensio,es ESP,MF,Aston Villa,28,1996,8.3,7,5,0,7,0,3,9,33.3,6,7,1,6,2,9,3,0,Matches
38,Brandon Austin,eng ENG,GK,Tottenham,25,1999,1,0,0,0,0,0,0,0,,0,0,0,0,0,0,1,0,Matches
39,Taiwo Awoniyi,ng NGA,FW,Nott'ham Forest,26,1997,4.6,6,3,0,3,3,4,5,80,1,1,0,1,0,6,7,0,Matches
40,Yasin Ayari,se SWE,MF,Brighton,20,2003,21.8,59,32,15,31,13,26,56,46.4,30,24,6,18,20,79,26,0,Matches
41,Jordan Ayew,gh GHA,"FW,MF",Crystal Palace,32,1991,0.2,1,0,0,0,1,0,0,,0,0,0,0,0,1,0,0,Matches
42,Jordan Ayew,gh GHA,"FW,MF",Leicester City,32,1991,18.2,27,15,8,14,5,7,23,30.4,16,21,2,19,12,39,19,0,Matches
43,Benoît Badiashile,fr FRA,DF,Chelsea,23,2001,3.7,9,6,5,4,0,4,5,80,1,2,2,0,6,15,12,2,Matches
44,Leon Bailey,jm JAM,"FW,MF",Aston Villa,26,1997,12.7,7,5,2,3,2,3,11,27.3,8,6,0,6,3,10,12,0,Matches
45,Carlos Baleba,cm CMR,MF,Brighton,20,2004,29.6,79,46,26,37,16,48,80,60,32,47,11,36,46,125,44,1,Matches
46,Ross Barkley,eng ENG,MF,Aston Villa,30,1993,6.5,14,3,4,10,0,9,14,64.3,5,9,3,6,10,24,5,0,Matches
47,Harvey Barnes,eng ENG,FW,Newcastle Utd,26,1997,19.5,16,9,4,6,6,3,11,27.3,8,8,2,6,6,22,15,1,Matches
48,Calvin Bassey,ng NGA,DF,Fulham,24,1999,34.2,54,34,35,19,0,22,31,71,9,40,17,23,20,74,118,8,Matches
49,Altay Bayındır,tr TUR,GK,Manchester Utd,26,1998,4,0,0,0,0,0,0,1,0,1,0,0,0,0,0,9,1,Matches
50,Jan Bednarek,pl POL,DF,Southampton,28,1996,28.1,36,19,23,13,0,16,31,51.6,15,47,36,11,56,92,190,5,Matches
Rk,Player,Nation,Pos,Squad,Age,Born,90s,Tkl,TklW,Def 3rd,Mid 3rd,Att 3rd,Tkl,Att,Tkl%,Lost,Blocks,Sh,Pass,Int,Tkl+Int,Clr,Err,Matches
51,Armel Bella Kotchap,de GER,DF,Southampton,22,2001,3.7,7,5,5,2,0,3,6,50,3,2,2,0,5,12,21,1,Matches
52,Jean-Ricner Bellegarde,ht HAI,"MF,FW",Wolves,26,1998,18.6,39,24,17,19,3,14,20,70,6,19,3,16,10,49,18,1,Matches
53,Rodrigo Bentancur,uy URU,MF,Tottenham,27,1997,18.3,40,22,19,17,4,19,40,47.5,21,25,8,17,40,80,38,1,Matches
54,Daniel Bentley,eng ENG,GK,Wolves,31,1993,2,0,0,0,0,0,0,0,,0,0,0,0,0,0,1,0,Matches
55,Sander Berge,no NOR,MF,Fulham,26,1998,24.7,50,30,23,23,4,27,39,69.2,12,27,8,19,21,71,38,1,Matches
56,Lucas Bergvall,se SWE,MF,Tottenham,18,2006,13.5,39,19,14,20,5,17,32,53.1,15,18,8,10,24,63,22,3,Matches
57,Victor Bernth Kristiansen,dk DEN,DF,Leicester City,21,2002,27.6,87,51,56,26,5,49,91,53.8,42,38,15,23,42,129,75,3,Matches
58,Beto,gw GNB,FW,Everton,26,1998,17,14,6,2,8,4,5,8,62.5,3,12,2,10,4,18,24,1,Matches
59,Philip Billing,dk DEN,MF,Bournemouth,28,1996,2,14,5,7,6,1,3,4,75,1,3,0,3,5,19,2,0,Matches
60,Yves Bissouma,ml MLI,MF,Tottenham,27,1996,15.6,49,31,20,25,4,19,34,55.9,15,11,6,5,18,67,40,4,Matches
61,Oscar Bobb,no NOR,FW,Manchester City,21,2003,0.2,0,0,0,0,0,0,0,,0,0,0,0,0,0,0,0,Matches
62,Lamare Bogarde,nl NED,"DF,MF",Aston Villa,20,2004,5.3,14,6,6,6,2,10,16,62.5,6,5,3,2,1,15,13,0,Matches
63,Willy Boly,ci CIV,DF,Nott'ham Forest,33,1991,1.7,6,1,5,1,0,4,4,100,0,4,2,2,3,9,12,0,Matches
64,Sven Botman,nl NED,DF,Newcastle Utd,24,2000,4.6,12,9,6,5,1,7,9,77.8,2,5,4,1,5,17,25,1,Matches
65,Jarrod Bowen,eng ENG,"FW,MF",West Ham,27,1996,33,41,26,13,12,16,19,40,47.5,21,22,4,18,16,57,25,0,Matches
66,Conor Bradley,nir NIR,DF,Liverpool,21,2003,8.4,14,10,7,5,2,11,22,50,11,9,2,7,4,18,31,0,Matches
67,Jarrad Branthwaite,eng ENG,DF,Everton,22,2002,27.9,36,20,26,10,0,20,28,71.4,8,31,23,8,27,63,191,4,Matches
68,James Bree,eng ENG,DF,Southampton,26,1997,11.9,19,14,8,10,1,10,25,40,15,10,3,7,9,28,29,0,Matches
69,Ben Brereton,cl CHI,FW,Southampton,25,1999,5,3,2,0,2,1,1,9,11.1,8,2,1,1,0,3,4,0,Matches
70,Nathan Broadhead,wls WAL,"MF,FW",Ipswich Town,26,1998,7.8,9,4,3,6,0,3,12,25,9,8,1,7,4,13,5,0,Matches
71,Armando Broja,al ALB,FW,Everton,22,2001,3.7,3,1,1,1,1,0,0,,0,3,0,3,1,4,4,0,Matches
72,David Brooks,wls WAL,"FW,MF",Bournemouth,27,1997,10.7,14,6,2,8,4,2,16,12.5,14,18,2,16,5,19,9,1,Matches
73,Emi Buendía,ar ARG,"MF,FW",Aston Villa,27,1996,1.1,6,6,3,2,1,0,5,0,5,5,1,4,0,6,2,0,Matches
74,Santiago Bueno,uy URU,DF,Wolves,25,1998,18.7,41,21,22,18,1,17,22,77.3,5,36,21,15,15,56,70,0,Matches
75,Facundo Buonanotte,ar ARG,"FW,MF",Leicester City,19,2004,16.9,53,32,17,22,14,21,67,31.3,46,34,6,28,12,65,14,0,Matches
Rk,Player,Nation,Pos,Squad,Age,Born,90s,Tkl,TklW,Def 3rd,Mid 3rd,Att 3rd,Tkl,Att,Tkl%,Lost,Blocks,Sh,Pass,Int,Tkl+Int,Clr,Err,Matches
76,Cameron Burgess,au AUS,DF,Ipswich Town,28,1995,17.1,17,12,14,3,0,9,11,81.8,2,20,15,5,14,31,128,3,Matches
77,Dan Burn,eng ENG,DF,Newcastle Utd,32,1992,37,39,24,22,15,2,20,36,55.6,16,36,26,10,27,66,197,4,Matches
78,Wes Burns,wls WAL,"FW,DF",Ipswich Town,29,1994,10.3,13,11,1,9,3,4,10,40,6,7,2,5,10,23,13,2,Matches
79,Nathan Butler-Oyedeji,eng ENG,FW,Arsenal,21,2003,0.1,0,0,0,0,0,0,0,,0,0,0,0,0,0,0,0,Matches
80,Moisés Caicedo,ec ECU,"MF,DF",Chelsea,22,2001,37.2,114,73,44,54,16,54,86,62.8,32,49,10,39,49,163,60,1,Matches
81,Tom Cairney,sct SCO,MF,Fulham,33,1991,7,13,5,5,2,6,4,7,57.1,3,7,1,6,4,17,3,1,Matches
82,Jens Cajuste,se SWE,MF,Ipswich Town,24,1999,21.8,44,22,19,23,2,21,49,42.9,28,25,10,15,28,72,33,2,Matches
83,Riccardo Calafiori,it ITA,DF,Arsenal,22,2002,10.9,27,19,15,10,2,18,29,62.1,11,12,6,6,9,36,25,0,Matches
84,Dominic Calvert-Lewin,eng ENG,FW,Everton,27,1997,17.9,9,7,1,4,4,2,6,33.3,4,7,2,5,7,16,23,0,Matches
85,Diego Carlos,br BRA,DF,Aston Villa,31,1993,9.2,8,3,6,1,1,4,6,66.7,2,13,7,6,5,13,36,2,Matches
86,Fabio Carvalho,pt POR,"FW,MF",Brentford,21,2002,5.1,13,9,4,4,5,6,13,46.2,7,6,1,5,3,16,2,0,Matches
87,Casemiro,br BRA,MF,Manchester Utd,32,1992,16.6,83,50,50,23,10,45,74,60.8,29,39,10,29,14,97,51,3,Matches
88,Kaelan Casey,eng ENG,DF,West Ham,19,2004,0,0,0,0,0,0,0,0,,0,0,0,0,0,0,1,0,Matches
89,Matty Cash,pl POL,DF,Aston Villa,26,1997,23,56,32,29,21,6,31,43,72.1,12,22,8,14,23,79,70,2,Matches
90,Eiran Cashin,ie IRL,DF,Brighton,22,2001,0.2,0,0,0,0,0,0,1,0,1,0,0,0,0,0,2,0,Matches
91,Timothy Castagne,be BEL,DF,Fulham,28,1995,18.3,46,29,28,15,3,26,45,57.8,19,15,6,9,22,68,83,0,Matches
92,Trevoh Chalobah,eng ENG,DF,Crystal Palace,25,1999,11.8,20,16,7,12,1,12,23,52.2,11,19,9,10,19,39,57,3,Matches
93,Trevoh Chalobah,eng ENG,DF,Chelsea,25,1999,10.1,11,7,5,6,0,7,8,87.5,1,6,3,3,10,21,48,1,Matches
94,Conor Chaplin,eng ENG,"MF,FW",Ipswich Town,27,1997,9.5,15,5,6,6,3,6,14,42.9,8,8,1,7,4,19,3,0,Matches
95,Youssef Chermiti,pt POR,"FW,MF",Everton,20,2004,0.5,0,0,0,0,0,0,1,0,1,0,0,0,0,0,0,0,Matches
96,Federico Chiesa,it ITA,FW,Liverpool,26,1997,1.2,1,0,0,1,0,0,2,0,2,1,0,1,0,1,1,1,Matches
97,Ben Chilwell,eng ENG,DF,Crystal Palace,27,1996,2.9,7,6,4,3,0,1,5,20,4,6,2,4,6,13,16,0,Matches
98,Chiquinho,pt POR,MF,Wolves,24,2000,0.1,0,0,0,0,0,0,0,,0,0,0,0,0,0,0,0,Matches
99,Hamza Choudhury,bd BAN,"MF,DF",Leicester City,26,1997,1.5,1,1,1,0,0,1,3,33.3,2,4,2,2,5,6,2,0,Matches
100,Ryan Christie,sct SCO,MF,Bournemouth,29,1995,23.5,54,33,19,27,8,27,64,42.2,37,44,11,33,30,84,51,3,Matches
Rk,Player,Nation,Pos,Squad,Age,Born,90s,Tkl,TklW,Def 3rd,Mid 3rd,Att 3rd,Tkl,Att,Tkl%,Lost,Blocks,Sh,Pass,Int,Tkl+Int,Clr,Err,Matches
101,Harry Clarke,eng ENG,DF,Ipswich Town,23,2001,4.2,5,3,3,2,0,3,6,50,3,5,4,1,4,9,14,3,Matches
102,Jack Clarke,eng ENG,"FW,MF",Ipswich Town,23,2000,13.1,32,20,11,10,11,17,34,50,17,9,0,9,7,39,29,2,Matches
103,Nathaniel Clyne,eng ENG,"DF,MF",Crystal Palace,33,1991,5.4,12,8,8,3,1,6,11,54.5,5,4,2,2,3,15,14,1,Matches
104,Conor Coady,eng ENG,DF,Leicester City,31,1993,19,13,9,6,6,1,3,6,50,3,32,24,8,13,26,71,2,Matches
105,Séamus Coleman,ie IRL,DF,Everton,35,1988,2.4,3,2,2,1,0,3,4,75,1,5,3,2,1,4,8,0,Matches
106,Nathan Collins,ie IRL,DF,Brentford,23,2001,38,40,24,23,12,5,22,36,61.1,14,77,57,20,34,74,226,3,Matches
107,Toby Collyer,eng ENG,MF,Manchester Utd,20,2004,2,12,9,6,6,0,5,6,83.3,1,2,1,1,2,14,3,0,Matches
108,Levi Colwill,eng ENG,DF,Chelsea,21,2003,35,47,34,25,19,3,18,27,66.7,9,37,25,12,33,80,118,4,Matches
109,Lewis Cook,eng ENG,"MF,DF",Bournemouth,27,1997,33.1,81,42,41,36,4,37,67,55.2,30,30,11,19,41,122,70,0,Matches
110,Maxwel Cornet,ci CIV,FW,Southampton,27,1996,0.8,5,5,1,4,0,0,4,0,4,0,0,0,0,5,2,0,Matches
111,Vladimír Coufal,cz CZE,DF,West Ham,31,1992,11.9,22,15,13,7,2,10,22,45.5,12,13,11,2,8,30,39,1,Matches
112,Woyo Coulibaly,ml MLI,DF,Leicester City,25,1999,1.2,6,4,4,2,0,2,2,100,0,3,1,2,5,11,1,0,Matches
113,Aaron Cresswell,eng ENG,DF,West Ham,34,1989,9.2,11,7,5,5,1,9,11,81.8,2,9,4,5,8,19,37,0,Matches
114,Marc Cucurella,es ESP,DF,Chelsea,26,1998,33.2,67,45,31,31,5,32,61,52.5,29,49,16,33,28,95,95,3,Matches
115,Jorge Cuenca,es ESP,DF,Fulham,24,1999,3.9,6,2,5,1,0,3,8,37.5,5,4,4,0,2,8,26,0,Matches
116,Matheus Cunha,br BRA,"MF,FW",Wolves,25,1999,28.9,38,22,17,16,5,13,39,33.3,26,21,1,20,17,55,23,0,Matches
117,Patson Daka,zm ZAM,"FW,MF",Leicester City,25,1998,8.2,19,10,6,9,4,7,18,38.9,11,7,1,6,1,20,12,0,Matches
118,Diogo Dalot,pt POR,DF,Manchester Utd,25,1999,31.3,68,40,40,22,6,34,52,65.4,18,22,9,13,37,105,72,0,Matches
119,Mikkel Damsgaard,dk DEN,"MF,FW",Brentford,24,2000,32.3,83,44,27,29,27,31,81,38.3,50,40,3,37,27,110,31,2,Matches
120,Danilo,br BRA,"MF,FW",Nott'ham Forest,23,2001,3.1,8,4,7,1,0,3,6,50,3,2,1,1,4,12,3,0,Matches
121,Jayden Danns,eng ENG,MF,Liverpool,18,2006,0.1,0,0,0,0,0,0,1,0,1,0,0,0,0,0,0,0,Matches
122,Kevin Danso,at AUT,DF,Tottenham,25,1998,9.4,7,5,4,3,0,6,11,54.5,5,15,14,1,6,13,71,1,Matches
123,Ben Davies,wls WAL,DF,Tottenham,31,1993,14.8,17,11,8,8,1,9,17,52.9,8,28,19,9,12,29,81,1,Matches
124,Leif Davis,eng ENG,DF,Ipswich Town,24,2000,30.5,46,27,33,9,4,30,48,62.5,18,25,8,17,25,71,77,3,Matches
125,Craig Dawson,eng ENG,DF,Wolves,34,1990,10.8,15,3,8,6,1,12,15,80,3,16,11,5,9,24,52,1,Matches
Rk,Player,Nation,Pos,Squad,Age,Born,90s,Tkl,TklW,Def 3rd,Mid 3rd,Att 3rd,Tkl,Att,Tkl%,Lost,Blocks,Sh,Pass,Int,Tkl+Int,Clr,Err,Matches
126,Kevin De Bruyne,be BEL,"MF,FW",Manchester City,33,1991,18.9,17,9,7,5,5,5,23,21.7,18,8,0,8,7,24,10,1,Matches
127,Bobby De Cordova-Reid,jm JAM,FW,Leicester City,31,1993,8.3,9,4,3,6,0,4,14,28.6,10,6,1,5,0,9,10,0,Matches
128,Liam Delap,eng ENG,FW,Ipswich Town,21,2003,28.8,11,8,3,3,5,2,15,13.3,13,8,0,8,2,13,28,0,Matches
129,Sepp van den Berg,nl NED,DF,Brentford,22,2001,28.7,39,24,25,10,4,19,29,65.5,10,52,38,14,21,60,134,3,Matches
130,Justin Devenny,nir NIR,MF,Crystal Palace,20,2003,5.6,17,12,7,9,1,8,19,42.1,11,6,1,5,0,17,11,0,Matches
131,Kiernan Dewsbury-Hall,eng ENG,"MF,FW",Chelsea,25,1998,2.9,8,5,1,1,6,4,6,66.7,2,2,0,2,2,10,9,1,Matches
132,Amad Diallo,ci CIV,"MF,FW",Manchester Utd,22,2002,21.1,38,31,9,20,9,19,32,59.4,13,15,2,13,11,49,19,1,Matches
133,Rúben Dias,pt POR,DF,Manchester City,27,1997,25.2,17,11,7,9,1,7,13,53.8,6,23,20,3,20,37,71,4,Matches
134,Luis Díaz,co COL,FW,Liverpool,27,1997,26.7,39,26,13,20,6,15,39,38.5,24,19,0,19,7,46,7,1,Matches
135,Tyler Dibling,eng ENG,"FW,MF",Southampton,18,2006,20.8,34,20,13,18,3,16,26,61.5,10,19,5,14,8,42,16,1,Matches
136,Lucas Digne,fr FRA,DF,Aston Villa,31,1993,26.1,65,38,40,16,9,44,66,66.7,22,23,4,19,25,90,89,1,Matches
137,Issa Diop,fr FRA,DF,Fulham,27,1997,14.9,26,12,18,8,0,13,18,72.2,5,10,7,3,9,35,72,2,Matches
138,Axel Disasi,fr FRA,DF,Aston Villa,26,1998,5.4,8,5,7,1,0,3,7,42.9,4,4,1,3,5,13,18,0,Matches
139,Axel Disasi,fr FRA,DF,Chelsea,26,1998,4,7,4,5,1,1,6,11,54.5,5,4,1,3,2,9,11,1,Matches
140,Roman Dixon,eng ENG,DF,Everton,19,2004,1,5,5,3,2,0,4,4,100,0,1,0,1,1,6,3,0,Matches
141,Nasser Djiga,bf BFA,DF,Wolves,21,2002,0.7,0,0,0,0,0,0,1,0,1,0,0,0,2,2,4,1,Matches
142,Matt Doherty,ie IRL,DF,Wolves,32,1992,23.4,38,21,25,13,0,17,25,68,8,28,15,13,22,60,102,3,Matches
143,Jeremy Doku,be BEL,"FW,MF",Manchester City,22,2002,16.8,31,22,9,12,10,8,15,53.3,7,11,1,10,4,35,2,0,Matches
144,Nicolás Domínguez,ar ARG,"MF,FW",Nott'ham Forest,26,1998,21.8,86,45,40,35,11,36,76,47.4,40,38,12,26,29,115,54,1,Matches
145,Patrick Dorgu,dk DEN,DF,Manchester Utd,19,2004,9.4,31,24,15,14,2,16,23,69.6,7,11,0,11,4,35,23,2,Matches
146,Alfie Dorrington,eng ENG,DF,Tottenham,19,2005,0.2,0,0,0,0,0,0,0,,0,0,0,0,0,0,0,0,Matches
147,Abdoulaye Doucouré,ml MLI,MF,Everton,31,1993,28.5,48,28,21,20,7,14,43,32.6,29,31,6,25,10,58,20,1,Matches
148,Cheick Doucouré,ml MLI,MF,Crystal Palace,24,2000,5,16,8,6,8,2,5,11,45.5,6,4,0,4,11,27,10,1,Matches
149,Flynn Downes,eng ENG,MF,Southampton,25,1999,23.9,49,25,23,21,5,15,36,41.7,21,28,9,19,32,81,51,4,Matches
150,Tommy Doyle,eng ENG,MF,Wolves,22,2001,5.4,11,6,6,3,2,6,15,40,9,11,5,6,5,16,11,1,Matches
Rk,Player,Nation,Pos,Squad,Age,Born,90s,Tkl,TklW,Def 3rd,Mid 3rd,Att 3rd,Tkl,Att,Tkl%,Lost,Blocks,Sh,Pass,Int,Tkl+Int,Clr,Err,Matches
151,Radu Drăgușin,ro ROU,DF,Tottenham,22,2002,13.9,10,6,8,2,0,6,12,50,6,22,16,6,15,25,49,4,Matches
152,Martin Dúbravka,sk SVK,GK,Newcastle Utd,35,1989,10,0,0,0,0,0,0,0,,0,0,0,0,0,0,3,0,Matches
153,Lewis Dunk,eng ENG,DF,Brighton,32,1991,23.1,17,10,8,7,2,11,19,57.9,8,28,18,10,13,30,79,2,Matches
154,Jáder Durán,co COL,FW,Aston Villa,20,2003,7.1,8,7,1,2,5,1,4,25,3,5,0,5,0,8,13,0,Matches
155,Claudio Echeverri,ar ARG,FW,Manchester City,18,2006,0.1,1,0,0,1,0,1,1,100,0,0,0,0,0,1,0,0,Matches
156,Ederson,br BRA,GK,Manchester City,30,1993,25.8,0,0,0,0,0,0,2,0,2,0,0,0,1,1,11,4,Matches
157,George Edmundson,eng ENG,DF,Ipswich Town,26,1997,0,0,0,0,0,0,0,0,,0,0,0,0,0,0,0,0,Matches
158,Odsonne Édouard,fr FRA,"MF,FW",Crystal Palace,26,1998,1.3,1,0,0,1,0,0,2,0,2,1,0,1,0,1,1,0,Matches
159,Odsonne Édouard,fr FRA,FW,Leicester City,26,1998,0.3,1,1,1,0,0,0,0,,0,0,0,0,0,1,1,0,Matches
160,Samuel Edozie,eng ENG,"DF,FW",Southampton,21,2003,0.7,3,1,0,1,2,2,2,100,0,0,0,0,0,3,0,0,Matches
161,Ronnie Edwards,eng ENG,DF,Southampton,21,2003,0.1,0,0,0,0,0,0,0,,0,1,1,0,0,0,0,0,Matches
162,Anthony Elanga,se SWE,"FW,MF",Nott'ham Forest,22,2002,27.8,19,14,8,8,3,5,17,29.4,12,11,1,10,6,25,25,0,Matches
163,Harvey Elliott,eng ENG,MF,Liverpool,21,2003,4.1,5,3,3,1,1,2,8,25,6,7,2,5,1,6,3,1,Matches
164,Yunus Emre Konak,tr TUR,"FW,MF",Brentford,18,2006,0.5,4,4,0,4,0,1,2,50,1,2,0,2,0,4,0,0,Matches
165,Julio Enciso,py PAR,"MF,FW",Ipswich Town,20,2004,9.7,12,9,3,6,3,4,11,36.4,7,8,1,7,1,13,6,0,Matches
166,Julio Enciso,py PAR,"MF,FW",Brighton,20,2004,3.3,0,0,0,0,0,0,2,0,2,2,0,2,0,0,1,0,Matches
167,Wataru Endo,jp JPN,"MF,DF",Liverpool,31,1993,3,12,8,7,5,0,6,10,60,4,8,1,7,6,18,9,0,Matches
168,Christian Eriksen,dk DEN,MF,Manchester Utd,32,1992,11.8,19,9,4,12,3,11,27,40.7,16,15,5,10,7,26,8,0,Matches
169,Romain Esse,eng ENG,MF,Crystal Palace,19,2005,1.5,9,6,4,3,2,5,5,100,0,2,0,2,1,10,2,0,Matches
170,Pervis Estupiñán,ec ECU,DF,Brighton,26,1998,26.7,65,43,33,25,7,34,51,66.7,17,20,5,15,37,102,65,2,Matches
171,Evanilson,br BRA,FW,Bournemouth,24,1999,25.8,16,10,6,5,5,8,12,66.7,4,11,2,9,1,17,21,0,Matches
172,Jake Evans,,FW,Leicester City,,,0.3,1,1,0,0,1,0,1,0,1,0,0,0,0,1,1,0,Matches
173,Jonny Evans,nir NIR,DF,Manchester Utd,36,1988,3.5,8,6,4,4,0,3,6,50,3,3,2,1,5,13,15,0,Matches
174,Eberechi Eze,eng ENG,"MF,FW",Crystal Palace,26,1998,28.8,39,22,14,16,9,17,36,47.2,19,27,0,27,11,50,10,3,Matches
175,Łukasz Fabiański,pl POL,GK,West Ham,39,1985,12.9,0,0,0,0,0,0,1,0,1,0,0,0,0,0,5,1,Matches
Rk,Player,Nation,Pos,Squad,Age,Born,90s,Tkl,TklW,Def 3rd,Mid 3rd,Att 3rd,Tkl,Att,Tkl%,Lost,Blocks,Sh,Pass,Int,Tkl+Int,Clr,Err,Matches
176,Wout Faes,be BEL,DF,Leicester City,26,1998,31.3,42,26,26,14,2,25,48,52.1,23,48,35,13,26,68,185,4,Matches
177,Abdul Fatawu Issahaku,gh GHA,FW,Leicester City,20,2004,6.4,21,15,13,2,6,11,19,57.9,8,7,0,7,4,25,12,0,Matches
178,João Félix,pt POR,"FW,MF",Chelsea,24,1999,4.1,8,3,2,5,1,5,9,55.6,4,2,0,2,3,11,2,0,Matches
179,Evan Ferguson,ie IRL,FW,West Ham,19,2004,1.7,3,1,0,1,2,0,0,,0,2,1,1,1,4,1,0,Matches
180,Evan Ferguson,ie IRL,FW,Brighton,19,2004,2.7,4,3,0,3,1,2,5,40,3,3,1,2,0,4,4,0,Matches
181,Bruno Fernandes,pt POR,MF,Manchester Utd,29,1994,33.5,84,50,27,38,19,34,85,40,51,35,6,29,26,110,35,3,Matches
182,Mateus Fernandes,pt POR,MF,Southampton,20,2004,32.3,89,48,45,28,16,33,72,45.8,39,43,8,35,28,117,35,7,Matches
183,Enzo Fernández,ar ARG,MF,Chelsea,23,2001,32.7,65,33,17,30,18,31,84,36.9,53,43,7,36,13,78,23,4,Matches
184,Mark Flekken,nl NED,GK,Brentford,31,1993,36.4,4,4,4,0,0,3,9,33.3,6,2,0,2,0,4,26,4,Matches
185,Phil Foden,eng ENG,"MF,FW",Manchester City,24,2000,19.7,13,5,5,4,4,7,18,38.9,11,13,1,12,9,22,7,1,Matches
186,Wesley Fofana,fr FRA,DF,Chelsea,23,2000,13,13,12,6,7,0,6,14,42.9,8,14,9,5,14,27,55,2,Matches
187,Carlos Forbs,pt POR,"MF,FW",Wolves,20,2004,2.7,8,5,5,2,1,4,6,66.7,2,3,0,3,1,9,2,1,Matches
188,Fraser Forster,eng ENG,GK,Tottenham,36,1988,7,0,0,0,0,0,0,1,0,1,0,0,0,0,0,7,3,Matches
189,Matheus França,br BRA,"MF,FW",Crystal Palace,20,2004,0.6,2,0,0,2,0,0,0,,0,1,1,0,1,3,1,0,Matches
190,Ryan Fraser,sct SCO,"FW,DF",Southampton,30,1994,3.4,6,2,2,4,0,4,6,66.7,2,1,1,0,1,7,9,0,Matches
191,Tyler Fredricson,eng ENG,DF,Manchester Utd,19,2005,1.8,5,3,3,2,0,1,2,50,1,2,0,2,1,6,11,0,Matches
192,Niclas Füllkrug,de GER,FW,West Ham,31,1993,8.8,4,3,0,1,3,3,4,75,1,1,0,1,1,5,16,0,Matches
193,Cody Gakpo,nl NED,FW,Liverpool,25,1999,21.5,28,16,6,13,9,13,25,52,12,23,3,20,12,40,19,1,Matches
194,Idrissa Gana Gueye,sn SEN,MF,Everton,34,1989,34,133,80,61,55,17,58,99,58.6,41,48,9,39,48,181,36,1,Matches
195,Andrés García,es ESP,"DF,MF",Aston Villa,21,2003,3.5,9,5,5,3,1,4,8,50,4,2,0,2,2,11,10,2,Matches
196,Alejandro Garnacho,ar ARG,"MF,FW",Manchester Utd,20,2004,24.4,30,18,11,6,13,12,37,32.4,25,19,0,19,13,43,11,2,Matches
197,James Garner,eng ENG,"MF,DF",Everton,23,2001,17.7,47,31,25,20,2,24,41,58.5,17,20,4,16,23,70,37,0,Matches
198,Tyrique George,eng ENG,FW,Chelsea,18,2006,2,2,0,2,0,0,2,3,66.7,1,1,0,1,2,4,1,0,Matches
199,Morgan Gibbs-White,eng ENG,MF,Nott'ham Forest,24,2000,31.1,43,22,14,23,6,17,33,51.5,16,18,5,13,23,66,29,1,Matches
200,Billy Gilmour,sct SCO,MF,Brighton,23,2001,1.1,3,3,2,1,0,3,4,75,1,1,0,1,0,3,1,0,Matches
Rk,Player,Nation,Pos,Squad,Age,Born,90s,Tkl,TklW,Def 3rd,Mid 3rd,Att 3rd,Tkl,Att,Tkl%,Lost,Blocks,Sh,Pass,Int,Tkl+Int,Clr,Err,Matches
201,Ben Godfrey,eng ENG,DF,Ipswich Town,26,1998,1.8,1,0,1,0,0,1,1,100,0,1,1,0,2,3,3,0,Matches
202,Martial Godo,eng ENG,"FW,DF",Fulham,21,2003,0.3,0,0,0,0,0,0,0,,0,1,0,1,1,1,0,0,Matches
203,Michael Golding,eng ENG,MF,Leicester City,18,2006,0,0,0,0,0,0,0,0,,0,0,0,0,0,0,0,0,Matches
204,João Gomes,br BRA,MF,Wolves,23,2001,33,116,71,55,53,8,48,110,43.6,62,42,4,38,25,141,33,0,Matches
205,Rodrigo Gomes,pt POR,"DF,FW",Wolves,21,2003,9,23,15,14,9,0,12,21,57.1,9,8,1,7,7,30,20,1,Matches
206,Toti Gomes,pt POR,DF,Wolves,25,1999,29,61,43,42,15,4,37,46,80.4,9,29,17,12,25,86,152,5,Matches
207,Diego Gómez,py PAR,MF,Brighton,21,2003,5.7,21,13,11,8,2,12,22,54.5,10,13,0,13,8,29,10,1,Matches
208,Joe Gomez,eng ENG,DF,Liverpool,27,1997,5.8,13,10,5,7,1,11,16,68.8,5,9,6,3,7,20,20,2,Matches
209,Nicolás González,es ESP,MF,Manchester City,22,2002,8.4,16,6,5,7,4,6,11,54.5,5,9,0,9,8,24,21,0,Matches
210,Anthony Gordon,eng ENG,"FW,MF",Newcastle Utd,23,2001,27,32,18,9,18,5,12,37,32.4,25,25,2,23,7,39,9,3,Matches
211,Ryan Gravenberch,nl NED,MF,Liverpool,22,2002,35.1,69,35,27,29,13,32,56,57.1,24,35,10,25,60,129,59,2,Matches
212,Archie Gray,eng ENG,"DF,MF",Tottenham,18,2006,19.5,16,8,4,8,4,7,17,41.2,10,22,11,11,19,35,50,2,Matches
213,Jack Grealish,eng ENG,"FW,MF",Manchester City,28,1995,8,9,5,4,2,3,2,5,40,3,12,2,10,2,11,6,1,Matches
214,Jacob Greaves,eng ENG,DF,Ipswich Town,23,2000,24.5,40,21,20,17,3,22,35,62.9,13,41,26,15,21,61,148,3,Matches
215,Brajan Gruda,de GER,"MF,FW",Brighton,20,2004,7.6,16,8,6,6,4,7,14,50,7,8,0,8,2,18,5,1,Matches
216,Albert Grønbaek,dk DEN,"FW,MF",Southampton,23,2001,1.6,4,1,1,1,2,3,10,30,7,1,1,0,0,4,1,0,Matches
217,Gonçalo Guedes,pt POR,"MF,FW",Wolves,27,1996,11.1,16,5,2,6,8,4,16,25,12,11,0,11,5,21,4,0,Matches
218,Marc Guéhi,eng ENG,DF,Crystal Palace,24,2000,34,61,34,36,23,2,31,47,66,16,55,23,32,28,89,163,2,Matches
219,Luis Guilherme,br BRA,"MF,FW",West Ham,18,2006,1.7,1,0,1,0,0,0,3,0,3,7,0,7,3,4,2,0,Matches
220,Bruno Guimarães,br BRA,MF,Newcastle Utd,26,1997,36.3,83,47,41,30,12,33,69,47.8,36,36,10,26,29,112,44,5,Matches
221,Marc Guiu,es ESP,FW,Chelsea,18,2006,0.8,1,1,0,1,0,1,1,100,0,0,0,0,0,1,0,0,Matches
222,İlkay Gündoğan,de GER,MF,Manchester City,33,1990,24.7,25,13,5,15,5,10,24,41.7,14,15,0,15,13,38,23,0,Matches
223,Malo Gusto,fr FRA,DF,Chelsea,21,2003,20.7,45,29,27,15,3,25,48,52.1,23,29,8,21,24,69,49,5,Matches
224,Joško Gvardiol,hr CRO,DF,Manchester City,22,2002,36.4,58,39,25,21,12,21,40,52.5,19,42,20,22,44,102,122,8,Matches
225,Erling Haaland,no NOR,FW,Manchester City,24,2000,30.4,11,6,3,3,5,3,8,37.5,5,12,1,11,5,16,23,0,Matches
Rk,Player,Nation,Pos,Squad,Age,Born,90s,Tkl,TklW,Def 3rd,Mid 3rd,Att 3rd,Tkl,Att,Tkl%,Lost,Blocks,Sh,Pass,Int,Tkl+Int,Clr,Err,Matches
226,Lewis Hall,eng ENG,DF,Newcastle Utd,19,2004,24.3,58,41,28,22,8,40,74,54.1,34,33,18,15,18,76,75,3,Matches
227,Ali Al Hamadi,iq IRQ,FW,Ipswich Town,22,2002,1.5,1,0,0,0,1,0,2,0,2,0,0,0,0,1,2,0,Matches
228,Marcus Harness,eng ENG,MF,Ipswich Town,28,1996,0.5,1,0,0,0,1,0,3,0,3,2,1,1,0,1,1,0,Matches
229,Jack Harrison,eng ENG,FW,Everton,27,1996,23.1,32,22,12,12,8,15,46,32.6,31,18,2,16,10,42,35,2,Matches
230,Taylor Harwood-Bellis,eng ENG,DF,Southampton,22,2002,31.4,28,20,13,12,3,19,35,54.3,16,65,43,22,30,58,141,6,Matches
231,Kai Havertz,de GER,"FW,MF",Arsenal,25,1999,20.8,16,9,3,6,7,4,15,26.7,11,23,4,19,6,22,33,1,Matches
232,Ayden Heaven,eng ENG,DF,Manchester Utd,17,2006,1.9,4,3,1,3,0,2,2,100,0,2,2,0,4,8,9,0,Matches
233,Jan Paul van Hecke,nl NED,DF,Brighton,24,2000,32.9,45,29,24,19,2,23,41,56.1,18,37,22,15,24,69,142,2,Matches
234,Hwang Hee-chan,kr KOR,"MF,FW",Wolves,28,1996,7.3,6,4,2,1,3,2,6,33.3,4,9,0,9,2,8,11,0,Matches
235,Dean Henderson,eng ENG,GK,Crystal Palace,27,1997,38,2,1,2,0,0,2,6,33.3,4,0,0,0,0,2,22,0,Matches
236,Rico Henry,eng ENG,DF,Brentford,27,1997,1.1,2,2,1,0,1,0,4,0,4,4,1,3,1,3,2,0,Matches
237,Mads Hermansen,dk DEN,GK,Leicester City,24,2000,26.5,1,1,1,0,0,1,1,100,0,1,0,1,0,1,13,4,Matches
238,Son Heung-min,kr KOR,FW,Tottenham,32,1992,23.4,17,9,3,8,6,5,27,18.5,22,11,0,11,5,22,17,1,Matches
239,James Hill,eng ENG,DF,Bournemouth,22,2002,5,15,8,6,6,3,3,11,27.3,8,5,0,5,9,24,31,0,Matches
240,Jack Hinshelwood,eng ENG,"MF,DF",Brighton,19,2005,20.5,27,19,8,10,9,11,27,40.7,16,10,3,7,16,43,37,1,Matches
241,George Hirst,sct SCO,FW,Ipswich Town,25,1999,7.3,3,3,1,0,2,1,4,25,3,1,1,0,2,5,10,0,Matches
242,Mason Holgate,jm JAM,"FW,DF",Everton,27,1996,0.1,0,0,0,0,0,0,0,,0,0,0,0,0,0,0,0,Matches
243,Harry Howell,eng ENG,FW,Brighton,15,2008,0.1,1,1,1,0,0,1,2,50,1,1,0,1,0,1,0,0,Matches
244,Callum Hudson-Odoi,eng ENG,"FW,MF",Nott'ham Forest,23,2000,24.4,22,14,8,8,6,12,18,66.7,6,11,0,11,13,35,12,1,Matches
245,Will Hughes,eng ENG,MF,Crystal Palace,29,1995,23.4,66,36,20,33,13,28,62,45.2,34,31,14,17,22,88,28,3,Matches
246,Dean Huijsen,es ESP,DF,Bournemouth,19,2005,27,36,26,19,16,1,18,29,62.1,11,40,29,11,51,87,198,4,Matches
247,Omari Hutchinson,eng ENG,"MF,FW",Ipswich Town,20,2003,28.7,32,13,14,10,8,13,48,27.1,35,27,2,25,11,43,15,1,Matches
248,Rasmus Højlund,dk DEN,FW,Manchester Utd,21,2003,22.3,3,1,0,2,1,0,5,0,5,6,0,6,2,5,6,0,Matches
249,Igor,br BRA,DF,Brighton,26,1998,10.7,5,5,2,2,1,4,10,40,6,24,14,10,4,9,39,1,Matches
250,Danny Ings,eng ENG,"FW,MF",West Ham,32,1992,3.2,4,2,2,2,0,1,3,33.3,2,5,0,5,1,5,4,0,Matches
Rk,Player,Nation,Pos,Squad,Age,Born,90s,Tkl,TklW,Def 3rd,Mid 3rd,Att 3rd,Tkl,Att,Tkl%,Lost,Blocks,Sh,Pass,Int,Tkl+Int,Clr,Err,Matches
251,Tim Iroegbunam,eng ENG,MF,Everton,21,2003,6.4,29,14,14,10,5,14,23,60.9,9,18,4,14,16,45,12,1,Matches
252,Andy Irving,sct SCO,MF,West Ham,24,2000,1.8,7,4,3,3,1,1,5,20,4,5,1,4,1,8,5,0,Matches
253,Alexander Isak,se SWE,FW,Newcastle Utd,24,1999,30.6,12,5,2,3,7,5,15,33.3,10,18,2,16,3,15,17,1,Matches
254,Alex Iwobi,ng NGA,"FW,MF",Fulham,28,1996,33.1,44,25,14,21,9,22,34,64.7,12,26,1,25,14,58,29,1,Matches
255,Nicolas Jackson,sn SEN,FW,Chelsea,23,2001,24.7,22,13,6,7,9,5,10,50,5,15,2,13,3,25,15,0,Matches
256,Reece James,eng ENG,"DF,MF",Chelsea,24,1999,11.8,10,9,6,3,1,3,9,33.3,6,14,6,8,13,23,23,4,Matches
257,Vitaly Janelt,de GER,MF,Brentford,26,1998,25,38,22,14,13,11,21,36,58.3,15,33,9,24,27,65,53,1,Matches
258,Vitezslav Jaros,cz CZE,GK,Liverpool,23,2001,0.1,0,0,0,0,0,0,0,,0,0,0,0,0,0,0,0,Matches
259,Daniel Jebbison,ca CAN,FW,Bournemouth,20,2003,1.3,5,3,3,2,0,4,6,66.7,2,2,1,1,1,6,1,0,Matches
260,Mathias Jensen,dk DEN,MF,Brentford,28,1996,9.6,14,10,6,6,2,8,16,50,8,15,4,11,8,22,13,2,Matches
261,Gabriel Jesus,br BRA,FW,Arsenal,27,1997,6.8,10,6,4,3,3,4,9,44.4,5,10,1,9,4,14,8,0,Matches
262,Raúl Jiménez,mx MEX,FW,Fulham,33,1991,27.7,35,24,9,17,9,8,22,36.4,14,21,5,16,10,45,23,3,Matches
263,Kim Jisoo,kr KOR,DF,Brentford,19,2004,0.3,0,0,0,0,0,0,0,,0,0,0,0,0,0,2,0,Matches
264,João Pedro,br BRA,"FW,MF",Brighton,22,2001,21.6,16,12,6,6,4,4,11,36.4,7,12,0,12,9,25,12,0,Matches
265,Joelinton,br BRA,"MF,FW",Newcastle Utd,27,1996,26.6,57,35,23,23,11,25,44,56.8,19,37,7,30,23,80,47,2,Matches
266,Ben Johnson,eng ENG,"DF,FW",Ipswich Town,24,2000,15,38,22,23,12,3,20,41,48.8,21,22,5,17,13,51,54,1,Matches
267,Brennan Johnson,wls WAL,FW,Tottenham,23,2001,24.2,39,26,9,20,10,16,34,47.1,18,25,3,22,4,43,14,0,Matches
268,Sam Johnstone,eng ENG,GK,Wolves,31,1993,7,0,0,0,0,0,0,1,0,1,0,0,0,0,0,7,0,Matches
269,Curtis Jones,eng ENG,"MF,DF",Liverpool,23,2001,19,39,22,6,23,10,17,27,63,10,22,9,13,7,46,10,3,Matches
270,Jorginho,it ITA,MF,Arsenal,32,1991,7.8,12,4,1,7,4,8,20,40,12,3,0,3,7,19,2,2,Matches
271,Diogo Jota,pt POR,FW,Liverpool,27,1996,13.3,14,8,2,8,4,7,19,36.8,12,9,0,9,8,22,6,0,Matches
272,James Justin,eng ENG,DF,Leicester City,26,1998,32.4,58,37,29,23,6,32,55,58.2,23,48,17,31,46,104,141,3,Matches
273,Filip Jørgensen,dk DEN,GK,Chelsea,22,2002,6,0,0,0,0,0,0,0,,0,0,0,0,0,0,0,3,Matches
274,Ferdi Kadioglu,tr TUR,"DF,MF",Brighton,24,1999,4.3,10,6,4,5,1,6,15,40,9,2,2,0,8,18,17,0,Matches
275,Daichi Kamada,jp JPN,MF,Crystal Palace,27,1996,17.4,47,29,19,24,4,14,41,34.1,27,22,5,17,18,65,14,0,Matches
Rk,Player,Nation,Pos,Squad,Age,Born,90s,Tkl,TklW,Def 3rd,Mid 3rd,Att 3rd,Tkl,Att,Tkl%,Lost,Blocks,Sh,Pass,Int,Tkl+Int,Clr,Err,Matches
276,Boubacar Kamara,fr FRA,MF,Aston Villa,24,1999,19.2,50,21,28,18,4,29,56,51.8,27,19,7,12,19,69,51,3,Matches
277,Joachim Kayi Sanda,fr FRA,DF,Southampton,17,2006,0.2,0,0,0,0,0,0,0,,0,0,0,0,2,2,0,0,Matches
278,Michael Kayode,it ITA,DF,Brentford,20,2004,5.9,17,11,12,5,0,9,13,69.2,4,3,0,3,7,24,19,0,Matches
279,Michael Keane,eng ENG,DF,Everton,31,1993,11.7,12,9,8,2,2,8,15,53.3,7,14,10,4,16,28,65,2,Matches
280,Caoimhín Kelleher,ie IRL,GK,Liverpool,25,1998,10,0,0,0,0,0,0,0,,0,0,0,0,0,0,1,2,Matches
281,Lloyd Kelly,eng ENG,DF,Newcastle Utd,25,1998,3.4,5,4,4,1,0,1,1,100,0,6,4,2,1,6,17,0,Matches
282,Milos Kerkez,hu HUN,DF,Bournemouth,20,2003,37.1,52,26,25,20,7,24,38,63.2,14,38,11,27,45,97,106,4,Matches
283,Bilal El Khannouss,ma MAR,"MF,FW",Leicester City,20,2004,24.2,50,30,16,29,5,17,32,53.1,15,22,4,18,6,56,10,3,Matches
284,Abdukodir Khusanov,uz UZB,DF,Manchester City,20,2004,5.6,5,4,4,1,0,2,3,66.7,1,5,4,1,3,8,29,1,Matches
285,Max Kilman,eng ENG,DF,West Ham,27,1997,37.2,39,24,16,20,3,23,27,85.2,4,58,40,18,38,77,212,6,Matches
286,Joshua King,eng ENG,MF,Fulham,17,2007,1.4,7,5,3,4,0,0,3,0,3,3,0,3,1,8,1,0,Matches
287,Tom King,wls WAL,GK,Wolves,29,1995,0,0,0,0,0,0,0,0,,0,0,0,0,0,0,0,0,Matches
288,Antonín Kinský,cz CZE,GK,Tottenham,21,2003,6,3,1,3,0,0,1,1,100,0,0,0,0,0,3,9,1,Matches
289,Jakub Kiwior,pl POL,DF,Arsenal,24,2000,12.5,22,8,13,7,2,11,15,73.3,4,13,8,5,6,28,58,3,Matches
290,Justin Kluivert,nl NED,MF,Bournemouth,25,1999,26,23,11,4,11,8,4,22,18.2,18,24,0,24,14,37,24,1,Matches
291,Ibrahima Konaté,fr FRA,DF,Liverpool,25,1999,28.4,40,26,25,13,2,25,35,71.4,10,29,15,14,17,57,133,3,Matches
292,Ezri Konsa,eng ENG,DF,Aston Villa,26,1997,32.6,34,18,20,10,4,20,25,80,5,20,11,9,24,58,114,4,Matches
293,Mateo Kovačić,hr CRO,MF,Manchester City,30,1994,24.4,69,38,23,38,8,31,65,47.7,34,20,0,20,24,93,21,1,Matches
294,Caleb Kporha,eng ENG,DF,Crystal Palace,18,2006,0.1,2,1,2,0,0,2,2,100,0,0,0,0,0,2,1,0,Matches
295,Emil Krafth,se SWE,DF,Newcastle Utd,29,1994,3.8,4,2,2,1,1,2,3,66.7,1,5,4,1,2,6,16,0,Matches
296,Mohammed Kudus,gh GHA,"FW,MF",West Ham,23,2000,28.8,38,23,9,18,11,10,27,37,17,24,1,23,4,42,8,2,Matches
297,Dejan Kulusevski,se SWE,"MF,FW",Tottenham,24,2000,26.5,45,23,17,13,15,19,51,37.3,32,34,5,29,13,58,10,1,Matches
298,Maxence Lacroix,fr FRA,DF,Crystal Palace,24,2000,34.6,68,41,52,15,1,32,47,68.1,15,48,22,26,54,122,207,2,Matches
299,Adam Lallana,eng ENG,MF,Southampton,36,1988,4,8,5,4,4,0,2,12,16.7,10,4,1,3,5,13,5,0,Matches
300,Tariq Lamptey,gh GHA,DF,Brighton,23,2000,9.6,17,11,8,9,0,9,25,36,16,15,7,8,7,24,23,1,Matches
Rk,Player,Nation,Pos,Squad,Age,Born,90s,Tkl,TklW,Def 3rd,Mid 3rd,Att 3rd,Tkl,Att,Tkl%,Lost,Blocks,Sh,Pass,Int,Tkl+Int,Clr,Err,Matches
301,Will Lankshear,eng ENG,"FW,MF",Tottenham,19,2005,0.1,0,0,0,0,0,0,0,,0,0,0,0,0,0,0,0,Matches
302,Roméo Lavia,be BEL,MF,Chelsea,20,2004,8.9,22,13,5,13,4,10,21,47.6,11,6,0,6,16,38,10,1,Matches
303,Mario Lemina,ga GAB,"MF,DF",Wolves,30,1993,15.2,51,31,27,19,5,20,29,69,9,12,7,5,27,78,50,3,Matches
304,Bernd Leno,de GER,GK,Fulham,32,1992,38,2,2,2,0,0,2,2,100,0,1,0,1,0,2,11,5,Matches
305,Jefferson Lerma,co COL,"MF,DF",Crystal Palace,29,1994,25.3,35,17,15,16,4,19,36,52.8,17,38,18,20,42,77,80,1,Matches
306,Rico Lewis,eng ENG,"DF,MF",Manchester City,19,2004,21,30,19,13,12,5,13,21,61.9,8,28,7,21,13,43,45,1,Matches
307,Keane Lewis-Potter,eng ENG,"DF,FW",Brentford,23,2001,34.4,49,27,26,16,7,31,50,62,19,28,10,18,21,70,76,3,Matches
308,Myles Lewis-Skelly,eng ENG,DF,Arsenal,17,2006,15.2,22,14,10,9,3,10,11,90.9,1,4,1,3,7,29,27,0,Matches
309,Matthijs de Ligt,nl NED,DF,Manchester Utd,24,1999,23.6,30,22,17,12,1,23,32,71.9,9,29,21,8,33,63,96,0,Matches
310,Pedro Lima,br BRA,DF,Wolves,18,2006,0.8,1,0,0,0,1,1,3,33.3,2,0,0,0,2,3,5,0,Matches
311,Victor Lindelöf,se SWE,DF,Manchester Utd,30,1994,7.8,7,2,5,1,1,3,4,75,1,6,4,2,8,15,36,2,Matches
312,Jesper Lindstrøm,dk DEN,FW,Everton,24,2000,13.8,45,25,24,19,2,19,55,34.5,36,15,3,12,12,57,17,0,Matches
313,Valentino Livramento,eng ENG,DF,Newcastle Utd,21,2002,31.6,54,36,35,15,4,32,59,54.2,27,37,11,26,23,77,108,1,Matches
314,Sean Longstaff,eng ENG,MF,Newcastle Utd,26,1997,8.9,27,16,10,9,8,18,27,66.7,9,17,5,12,7,34,8,0,Matches
315,Saša Lukić,rs SRB,MF,Fulham,27,1996,26,68,39,22,40,6,23,55,41.8,32,20,7,13,28,96,35,1,Matches
316,Joe Lumley,eng ENG,GK,Southampton,29,1995,3,0,0,0,0,0,0,0,,0,0,0,0,0,0,3,3,Matches
317,Massimo Luongo,au AUS,MF,Ipswich Town,31,1992,2.2,9,6,6,2,1,5,8,62.5,3,4,2,2,2,11,2,0,Matches
318,Ian Maatsen,nl NED,DF,Aston Villa,22,2002,12.7,29,17,17,9,3,17,24,70.8,7,13,0,13,15,44,39,3,Matches
319,Alexis Mac Allister,ar ARG,MF,Liverpool,25,1998,28.9,95,58,28,51,16,55,104,52.9,49,61,6,55,22,117,29,1,Matches
320,James Maddison,eng ENG,MF,Tottenham,27,1996,20.1,31,19,8,16,7,9,29,31,20,15,4,11,12,43,19,1,Matches
321,Noni Madueke,eng ENG,FW,Chelsea,22,2002,22.6,25,18,8,12,5,14,38,36.8,24,17,0,17,10,35,11,0,Matches
322,Gabriel Magalhães,br BRA,DF,Arsenal,26,1997,26.3,25,15,12,8,5,12,16,75,4,42,29,13,16,41,93,2,Matches
323,Edmond-Paris Maghoma,eng ENG,"MF,FW",Brentford,23,2001,1.3,2,1,0,2,0,1,3,33.3,2,2,2,0,1,3,2,0,Matches
324,Harry Maguire,eng ENG,DF,Manchester Utd,31,1993,19.5,30,15,23,6,1,17,23,73.9,6,15,12,3,40,70,78,1,Matches
325,Kobbie Mainoo,eng ENG,MF,Manchester Utd,19,2005,18.3,46,29,18,14,14,24,40,60,16,16,2,14,19,65,14,1,Matches
Rk,Player,Nation,Pos,Squad,Age,Born,90s,Tkl,TklW,Def 3rd,Mid 3rd,Att 3rd,Tkl,Att,Tkl%,Lost,Blocks,Sh,Pass,Int,Tkl+Int,Clr,Err,Matches
326,Tyrell Malacia,nl NED,DF,Manchester Utd,24,1999,1.1,2,1,2,0,0,1,2,50,1,0,0,0,1,3,1,1,Matches
327,Donyell Malen,nl NED,FW,Aston Villa,25,1999,3.4,7,4,3,3,1,1,4,25,3,2,0,2,0,7,1,0,Matches
328,Mateus Mane,,MF,Wolves,,,0,0,0,0,0,0,0,0,,0,1,0,1,0,0,0,0,Matches
329,Orel Mangala,be BEL,MF,Everton,26,1998,14,16,8,3,11,2,5,8,62.5,3,8,3,5,21,37,24,1,Matches
330,Ryan Manning,ie IRL,"DF,MF",Southampton,28,1996,16.2,28,17,16,10,2,14,26,53.8,12,20,11,9,17,45,47,0,Matches
331,Solly March,eng ENG,"FW,MF",Brighton,30,1994,1.9,6,3,2,2,2,5,8,62.5,3,3,0,3,2,8,2,1,Matches
332,Omar Marmoush,eg EGY,"FW,MF",Manchester City,25,1999,13.1,13,8,2,9,2,8,16,50,8,15,1,14,6,19,3,0,Matches
333,Gabriel Martinelli,br BRA,"FW,MF",Arsenal,23,2001,25.4,23,15,9,6,8,7,23,30.4,16,15,0,15,5,28,19,0,Matches
334,Emiliano Martínez,ar ARG,GK,Aston Villa,31,1992,35.5,3,3,3,0,0,2,2,100,0,1,0,1,0,3,17,6,Matches
335,Lisandro Martínez,ar ARG,DF,Manchester Utd,26,1998,19.5,40,24,25,12,3,21,36,58.3,15,22,8,14,32,72,57,1,Matches
336,Pape Matar Sarr,sn SEN,MF,Tottenham,21,2002,21.3,49,36,19,23,7,12,25,48,13,26,10,16,30,79,25,1,Matches
337,Jean-Philippe Mateta,fr FRA,FW,Crystal Palace,27,1997,29.4,18,12,5,11,2,3,16,18.8,13,19,4,15,2,20,23,0,Matches
338,Stephy Mavididi,eng ENG,FW,Leicester City,26,1998,17.9,34,19,16,10,8,14,42,33.3,28,26,2,24,11,45,15,0,Matches
339,Konstantinos Mavropanos,gr GRE,DF,West Ham,26,1997,22.7,35,24,24,10,1,16,27,59.3,11,25,18,7,40,75,126,1,Matches
340,Noussair Mazraoui,ma MAR,DF,Manchester Utd,26,1997,31.5,115,68,58,42,15,59,94,62.8,35,36,9,27,34,149,95,1,Matches
341,Bryan Mbeumo,cm CMR,FW,Brentford,24,1999,37.9,49,31,18,15,16,21,35,60,14,26,3,23,14,63,55,1,Matches
342,James Mcatee,eng ENG,"MF,FW",Manchester City,21,2002,3.9,5,2,0,4,1,1,7,14.3,6,8,0,8,2,7,1,0,Matches
343,Kasey McAteer,ie IRL,FW,Leicester City,22,2001,9.5,23,16,11,9,3,14,29,48.3,15,18,2,16,5,28,15,0,Matches
344,Alex McCarthy,eng ENG,GK,Southampton,34,1989,5,0,0,0,0,0,0,0,,0,0,0,0,0,0,1,4,Matches
345,John McGinn,sct SCO,"MF,FW",Aston Villa,29,1994,24.7,33,24,10,14,9,13,31,41.9,18,22,2,20,14,47,18,3,Matches
346,Dwight McNeil,eng ENG,"MF,FW",Everton,24,1999,15.2,13,8,6,5,2,9,21,42.9,12,7,0,7,6,19,2,1,Matches
347,Scott McTominay,sct SCO,MF,Manchester Utd,27,1996,0.2,0,0,0,0,0,0,1,0,1,0,0,0,0,0,1,0,Matches
348,Ben Mee,eng ENG,DF,Brentford,34,1989,2,2,2,0,2,0,1,1,100,0,3,3,0,4,6,7,0,Matches
349,Jayden Meghoma,eng ENG,DF,Brentford,18,2006,0.1,0,0,0,0,0,0,0,,0,0,0,0,0,0,0,0,Matches
350,Mikel Merino,es ESP,"MF,FW",Arsenal,28,1996,17.6,46,28,7,26,13,20,36,55.6,16,18,5,13,15,61,26,2,Matches
Rk,Player,Nation,Pos,Squad,Age,Born,90s,Tkl,TklW,Def 3rd,Mid 3rd,Att 3rd,Tkl,Att,Tkl%,Lost,Blocks,Sh,Pass,Int,Tkl+Int,Clr,Err,Matches
351,Shumaira Mheuka,eng ENG,MF,Chelsea,16,2007,0,0,0,0,0,0,0,0,,0,0,0,0,0,0,0,0,Matches
352,Nikola Milenković,rs SRB,DF,Nott'ham Forest,26,1997,37,51,29,36,13,2,27,34,79.4,7,41,24,17,27,78,209,1,Matches
353,Lewis Miley,eng ENG,MF,Newcastle Utd,18,2006,3.5,14,11,5,7,2,7,14,50,7,5,1,4,2,16,5,2,Matches
354,James Milner,eng ENG,MF,Brighton,38,1986,1.9,5,2,1,3,1,3,3,100,0,4,2,2,2,7,2,1,Matches
355,Tyrone Mings,eng ENG,DF,Aston Villa,31,1993,12.4,7,6,6,1,0,2,2,100,0,13,11,2,7,14,61,1,Matches
356,Yankuba Minteh,gm GAM,"FW,MF",Brighton,20,2004,20.4,48,35,25,13,10,17,45,37.8,28,22,0,22,11,59,31,0,Matches
357,Tyrick Mitchell,eng ENG,DF,Crystal Palace,24,1999,34.4,91,55,57,27,7,25,46,54.3,21,68,12,56,19,110,108,2,Matches
358,Kaoru Mitoma,jp JPN,"FW,MF",Brighton,27,1997,28.9,45,27,15,14,16,19,49,38.8,30,48,3,45,14,59,10,0,Matches
359,Jakub Moder,pl POL,MF,Brighton,25,1999,0.1,1,0,1,0,0,0,2,0,2,0,0,0,0,1,3,0,Matches
360,Jeremy Monga,,"FW,MF",Leicester City,,,1.2,2,1,0,1,1,1,1,100,0,3,2,1,0,2,1,0,Matches
361,Mikey Moore,eng ENG,FW,Tottenham,16,2007,4.1,2,1,2,0,0,0,4,0,4,2,0,2,1,3,4,0,Matches
362,Morato,br BRA,DF,Nott'ham Forest,23,2001,10.1,22,14,18,3,1,13,21,61.9,8,14,5,9,10,32,78,2,Matches
363,Álex Moreno,es ESP,"DF,MF",Nott'ham Forest,31,1993,10.6,25,18,20,5,0,15,39,38.5,24,11,5,6,15,40,43,0,Matches
364,Sam Morsy,eg EGY,MF,Ipswich Town,32,1991,30.6,68,41,40,24,4,27,62,43.5,35,34,13,21,29,97,47,5,Matches
365,Yerson Mosquera,co COL,DF,Wolves,23,2001,4.9,11,7,9,2,0,9,14,64.3,5,13,10,3,10,21,14,0,Matches
366,Mason Mount,eng ENG,MF,Manchester Utd,25,1999,6.9,15,5,5,8,2,9,12,75,3,11,1,10,4,19,4,0,Matches
367,Divin Mubama,eng ENG,FW,Manchester City,19,2004,0.3,0,0,0,0,0,0,0,,0,0,0,0,0,0,0,0,Matches
368,Mykhailo Mudryk,ua UKR,FW,Chelsea,23,2001,1.7,2,2,2,0,0,0,0,,0,3,1,2,0,2,1,0,Matches
369,Marshall Munetsi,zw ZIM,"MF,FW",Wolves,28,1996,12,24,10,7,11,6,13,23,56.5,10,14,1,13,6,30,18,0,Matches
370,Rodrigo Muniz,br BRA,FW,Fulham,23,2001,10.7,10,5,3,5,2,4,4,100,0,9,2,7,5,15,14,0,Matches
371,Daniel Muñoz,co COL,DF,Crystal Palace,28,1996,35.9,123,80,57,41,25,55,97,56.7,42,40,6,34,44,167,108,1,Matches
372,Arijanet Muric,xk KVX,GK,Ipswich Town,25,1998,18,0,0,0,0,0,0,2,0,2,0,0,0,0,0,10,5,Matches
373,Murillo,br BRA,DF,Nott'ham Forest,22,2002,35.4,53,36,38,12,3,27,46,58.7,19,69,45,24,36,89,249,3,Matches
374,Jacob Murphy,eng ENG,FW,Newcastle Utd,29,1995,26.2,28,19,10,12,6,20,44,45.5,24,31,0,31,13,41,35,1,Matches
375,Vitaliy Mykolenko,ua UKR,DF,Everton,25,1999,34.2,63,38,39,14,10,29,56,51.8,27,25,10,15,44,107,145,2,Matches
Rk,Player,Nation,Pos,Squad,Age,Born,90s,Tkl,TklW,Def 3rd,Mid 3rd,Att 3rd,Tkl,Att,Tkl%,Lost,Blocks,Sh,Pass,Int,Tkl+Int,Clr,Err,Matches
376,Iliman Ndiaye,sn SEN,FW,Everton,24,2000,27,53,28,20,16,17,22,49,44.9,27,30,5,25,20,73,24,1,Matches
377,Wilfred Ndidi,ng NGA,MF,Leicester City,27,1996,25.8,85,51,45,32,8,30,61,49.2,31,47,19,28,31,116,80,0,Matches
378,Kosta Nedeljković,rs SRB,DF,Aston Villa,18,2005,1.4,7,5,1,3,3,2,3,66.7,1,1,0,1,0,7,3,0,Matches
379,Reiss Nelson,eng ENG,FW,Arsenal,24,1999,0,1,0,0,1,0,0,1,0,1,0,0,0,0,1,1,0,Matches
380,Reiss Nelson,eng ENG,FW,Fulham,24,1999,5.4,8,6,3,3,2,5,13,38.5,8,11,0,11,5,13,2,0,Matches
381,Neto,br BRA,GK,Bournemouth,35,1989,2,0,0,0,0,0,0,0,,0,0,0,0,0,0,1,1,Matches
382,Pedro Neto,pt POR,FW,Chelsea,24,2000,25.2,23,9,9,9,5,9,21,42.9,12,14,2,12,9,32,6,0,Matches
383,Eddie Nketiah,eng ENG,"FW,MF",Crystal Palace,25,1999,11.5,15,8,7,4,4,7,13,53.8,6,10,1,9,3,18,12,0,Matches
384,Christopher Nkunku,fr FRA,FW,Chelsea,26,1997,10.2,12,8,3,4,5,6,8,75,2,9,2,7,7,19,10,0,Matches
385,Gustavo Nunes,br BRA,"FW,MF",Brentford,18,2005,0.1,3,2,2,0,1,2,2,100,0,0,0,0,0,3,2,0,Matches
386,Matheus Nunes,pt POR,"DF,MF",Manchester City,25,1998,18.6,35,22,15,14,6,16,38,42.1,22,17,4,13,15,50,38,2,Matches
387,Darwin Núñez,uy URU,FW,Liverpool,25,1999,12.6,21,18,11,4,6,7,18,38.9,11,6,0,6,4,25,12,0,Matches
388,Ethan Nwaneri,eng ENG,"FW,MF",Arsenal,17,2007,9.9,11,7,4,4,3,7,21,33.3,14,8,2,6,2,13,4,1,Matches
389,Christian Nørgaard,dk DEN,MF,Brentford,30,1994,31.3,79,49,37,35,7,48,81,59.3,33,52,20,32,49,128,70,1,Matches
390,Jake O'Brien,ie IRL,DF,Everton,23,2001,17.5,26,17,21,5,0,17,25,68,8,17,4,13,4,30,93,0,Matches
391,Matt O'Riley,dk DEN,MF,Brighton,23,2000,10.4,16,9,4,8,4,4,13,30.8,9,7,3,4,13,29,9,1,Matches
392,Dara O'Shea,ie IRL,DF,Ipswich Town,25,1999,34.7,49,31,33,13,3,22,34,64.7,12,62,50,12,33,82,225,4,Matches
393,Chidozie Obi-Martin,dk DEN,FW,Manchester Utd,16,2007,1.8,2,1,0,0,2,2,2,100,0,0,0,0,0,2,1,0,Matches
394,Wilson Odobert,fr FRA,"FW,MF",Tottenham,19,2004,9.4,14,5,5,4,5,8,14,57.1,6,6,0,6,4,18,5,1,Matches
395,Chiedozie Ogbene,ie IRL,FW,Ipswich Town,27,1997,2.6,7,3,1,2,4,2,4,50,2,1,0,1,1,8,3,0,Matches
396,Caleb Okoli,it ITA,DF,Leicester City,23,2001,12.5,25,14,8,15,2,11,18,61.1,7,24,14,10,15,40,79,3,Matches
397,Robin Olsen,se SWE,GK,Aston Villa,34,1990,2.5,1,0,1,0,0,1,1,100,0,0,0,0,0,1,2,1,Matches
398,Amadou Onana,be BEL,MF,Aston Villa,22,2001,18,55,30,23,26,6,16,29,55.2,13,16,7,9,26,81,41,3,Matches
399,André Onana,cm CMR,GK,Manchester Utd,28,1996,34,2,2,2,0,0,2,4,50,2,0,0,0,0,2,11,4,Matches
400,Paul Onuachu,ng NGA,FW,Southampton,30,1994,11.7,7,2,1,5,1,3,7,42.9,4,7,2,5,1,8,16,1,Matches
Rk,Player,Nation,Pos,Squad,Age,Born,90s,Tkl,TklW,Def 3rd,Mid 3rd,Att 3rd,Tkl,Att,Tkl%,Lost,Blocks,Sh,Pass,Int,Tkl+Int,Clr,Err,Matches
401,Frank Onyeka,ng NGA,MF,Brentford,26,1998,0.3,0,0,0,0,0,0,0,,0,0,0,0,0,0,0,0,Matches
402,Lewis Orford,eng ENG,MF,West Ham,18,2006,0.5,0,0,0,0,0,0,0,,0,1,0,1,1,1,0,0,Matches
403,Stefan Ortega,de GER,GK,Manchester City,31,1992,12.2,0,0,0,0,0,0,1,0,1,0,0,0,0,0,11,1,Matches
404,William Osula,dk DEN,FW,Newcastle Utd,20,2003,1.5,2,0,1,0,1,0,2,0,2,0,0,0,4,6,2,0,Matches
405,Dango Ouattara,bf BFA,FW,Bournemouth,22,2002,22.3,35,26,14,11,10,17,41,41.5,24,36,10,26,11,46,51,0,Matches
406,Nico O’Reilly,eng ENG,DF,Manchester City,19,2005,5.9,9,4,3,3,3,4,8,50,4,5,1,4,4,13,12,0,Matches
407,Alex Palmer,eng ENG,GK,Ipswich Town,27,1996,13,0,0,0,0,0,0,0,,0,0,0,0,0,0,12,0,Matches
408,Cole Palmer,eng ENG,"MF,FW",Chelsea,22,2002,35.5,34,20,12,10,12,12,27,44.4,15,16,1,15,11,45,20,1,Matches
409,Emerson Palmieri,it ITA,DF,West Ham,29,1994,23.5,60,31,37,18,5,27,48,56.3,21,32,8,24,21,81,59,0,Matches
410,Lucas Paquetá,br BRA,"MF,FW",West Ham,26,1997,26.4,66,37,25,30,11,27,55,49.1,28,29,4,25,18,84,37,6,Matches
411,Thomas Partey,gh GHA,"MF,DF",Arsenal,31,1993,31.1,89,53,26,39,24,46,76,60.5,30,29,9,20,35,124,49,4,Matches
412,Nathan Patterson,sct SCO,DF,Everton,22,2001,3.9,11,6,7,4,0,7,14,50,7,2,0,2,2,13,7,0,Matches
413,Andreas Pereira,br BRA,MF,Fulham,28,1996,22.4,24,13,8,11,5,10,42,23.8,32,17,2,15,8,32,17,3,Matches
414,Ricardo Pereira,pt POR,DF,Leicester City,30,1993,4.3,13,8,4,6,3,7,14,50,7,8,3,5,4,17,11,0,Matches
415,Kalvin Phillips,eng ENG,MF,Ipswich Town,28,1995,13.7,35,19,8,20,7,15,39,38.5,24,35,6,29,19,54,37,2,Matches
416,Jaden Philogene Bidace,eng ENG,"FW,MF",Aston Villa,22,2002,3.7,11,5,4,7,0,4,6,66.7,2,5,0,5,3,14,2,1,Matches
417,Jaden Philogene Bidace,eng ENG,"FW,DF",Ipswich Town,22,2002,5.3,14,7,6,6,2,8,15,53.3,7,11,1,10,10,24,9,1,Matches
418,Jordan Pickford,eng ENG,GK,Everton,30,1994,38,1,0,1,0,0,1,2,50,1,0,0,0,1,2,30,2,Matches
419,Ethan Pinnock,jm JAM,DF,Brentford,31,1993,21.3,35,19,15,16,4,13,24,54.2,11,29,18,11,24,59,142,4,Matches
420,Daniel Podence,pt POR,"MF,FW",Wolves,28,1995,0.5,0,0,0,0,0,0,1,0,1,0,0,0,0,0,0,0,Matches
421,Alfie Pond,eng ENG,DF,Wolves,20,2004,0,0,0,0,0,0,0,0,,0,0,0,0,0,0,0,0,Matches
422,Nick Pope,eng ENG,GK,Newcastle Utd,32,1992,28,0,0,0,0,0,0,0,,0,1,0,1,1,1,32,5,Matches
423,Pedro Porro,es ESP,DF,Tottenham,24,1999,29,66,49,34,22,10,44,77,57.1,33,44,17,27,36,102,84,2,Matches
424,Jarell Quansah,eng ENG,DF,Liverpool,21,2003,5.5,12,8,8,4,0,7,10,70,3,10,7,3,7,19,28,1,Matches
425,Aaron Ramsdale,eng ENG,GK,Southampton,26,1998,30,0,0,0,0,0,0,3,0,3,0,0,0,2,2,10,3,Matches
Rk,Player,Nation,Pos,Squad,Age,Born,90s,Tkl,TklW,Def 3rd,Mid 3rd,Att 3rd,Tkl,Att,Tkl%,Lost,Blocks,Sh,Pass,Int,Tkl+Int,Clr,Err,Matches
426,Jacob Ramsey,eng ENG,"FW,MF",Aston Villa,23,2001,18,30,15,14,10,6,10,20,50,10,23,4,19,8,38,8,1,Matches
427,Marcus Rashford,eng ENG,"FW,MF",Manchester Utd,26,1997,10.9,7,4,2,2,3,3,9,33.3,6,8,0,8,4,11,7,0,Matches
428,Marcus Rashford,eng ENG,FW,Aston Villa,26,1997,4.9,10,7,2,3,5,4,6,66.7,2,2,0,2,1,11,3,0,Matches
429,David Raya,es ESP,GK,Arsenal,28,1995,38,0,0,0,0,0,0,2,0,2,0,0,0,2,2,21,9,Matches
430,Harrison Reed,eng ENG,MF,Fulham,29,1995,1.2,6,3,3,2,1,1,3,33.3,2,1,0,1,1,7,3,0,Matches
431,Remy Rees-Dottin,eng ENG,FW,Bournemouth,18,2006,0,0,0,0,0,0,0,0,,0,0,0,0,0,0,0,0,Matches
432,Sergio Reguilón,es ESP,DF,Tottenham,27,1996,2.2,4,3,1,3,0,2,5,40,3,7,0,7,4,8,8,0,Matches
433,Vitor Reis,br BRA,DF,Manchester City,18,2006,0,0,0,0,0,0,0,0,,0,0,0,0,0,0,1,0,Matches
434,Chadi Riad,ma MAR,DF,Crystal Palace,21,2003,1,5,2,2,2,1,2,3,66.7,1,0,0,0,2,7,0,0,Matches
435,Declan Rice,eng ENG,MF,Arsenal,25,1999,31.4,53,25,22,25,6,17,41,41.5,24,27,13,14,25,78,51,0,Matches
436,Chris Richards,us USA,DF,Crystal Palace,24,2000,21.4,47,30,24,18,5,24,41,58.5,17,40,14,26,19,66,121,0,Matches
437,Richarlison,br BRA,FW,Tottenham,27,1997,5.6,5,3,0,4,1,0,3,0,3,1,1,0,0,5,8,0,Matches
438,Andrew Robertson,sct SCO,DF,Liverpool,30,1994,27.6,39,22,25,10,4,31,51,60.8,20,10,4,6,21,60,54,2,Matches
439,Antonee Robinson,us USA,DF,Fulham,26,1997,35.2,95,61,57,31,7,45,95,47.4,50,43,9,34,62,157,133,2,Matches
440,Jay Robinson,eng ENG,"MF,FW",Southampton,17,2007,1.5,4,1,3,0,1,1,1,100,0,0,0,0,0,4,1,0,Matches
441,Rodri,es ESP,MF,Manchester City,28,1996,0.8,2,1,1,1,0,0,0,,0,1,0,1,1,3,1,0,Matches
442,Guido Rodríguez,ar ARG,MF,West Ham,30,1994,12.8,36,19,21,15,0,17,33,51.5,16,23,9,14,13,49,35,1,Matches
443,Mads Roerslev,dk DEN,DF,Brentford,25,1999,12.2,18,8,14,3,1,11,28,39.3,17,12,5,7,4,22,35,0,Matches
444,Morgan Rogers,eng ENG,"FW,MF",Aston Villa,22,2002,34.6,43,22,15,15,13,24,47,51.1,23,26,7,19,6,49,20,2,Matches
445,Cristian Romero,ar ARG,DF,Tottenham,26,1998,15.7,35,29,26,8,1,21,30,70,9,18,3,15,21,56,57,2,Matches
446,Georginio Rutter,fr FRA,"MF,FW",Brighton,22,2002,18.4,39,15,13,18,8,14,36,38.9,22,20,3,17,10,49,13,2,Matches
447,José Sá,pt POR,GK,Wolves,31,1993,29,2,2,2,0,0,2,2,100,0,0,0,0,0,2,15,1,Matches
448,Bukayo Saka,eng ENG,"FW,MF",Arsenal,22,2001,19.2,29,15,9,11,9,13,24,54.2,11,22,0,22,3,32,8,0,Matches
449,Mohamed Salah,eg EGY,FW,Liverpool,32,1992,37.5,21,11,7,5,9,8,17,47.1,9,12,0,12,9,30,5,0,Matches
450,William Saliba,fr FRA,DF,Arsenal,23,2001,33.8,62,37,37,23,2,21,28,75,7,25,15,10,21,83,119,7,Matches
Rk,Player,Nation,Pos,Squad,Age,Born,90s,Tkl,TklW,Def 3rd,Mid 3rd,Att 3rd,Tkl,Att,Tkl%,Lost,Blocks,Sh,Pass,Int,Tkl+Int,Clr,Err,Matches
451,Robert Sánchez,es ESP,GK,Chelsea,26,1997,32,0,0,0,0,0,0,1,0,1,0,0,0,2,2,24,10,Matches
452,Jadon Sancho,eng ENG,FW,Chelsea,24,2000,19.6,13,7,3,3,7,5,12,41.7,7,11,0,11,2,15,8,2,Matches
453,Ibrahim Sangaré,ci CIV,MF,Nott'ham Forest,26,1997,6.6,28,14,8,17,3,8,17,47.1,9,10,4,6,6,34,13,1,Matches
454,Pablo Sarabia,es ESP,"MF,FW",Wolves,32,1992,9,16,8,4,8,4,10,16,62.5,6,10,0,10,4,20,7,1,Matches
455,Jeremy Sarmiento,ec ECU,MF,Brighton,22,2002,0.1,0,0,0,0,0,0,0,,0,0,0,0,0,0,0,0,Matches
456,Ismaila Sarr,sn SEN,MF,Crystal Palace,26,1998,30.1,22,10,10,9,3,8,25,32,17,27,8,19,9,31,40,0,Matches
457,Sávio,br BRA,"FW,MF",Manchester City,20,2004,19.6,23,17,5,10,8,10,19,52.6,9,14,2,12,6,29,9,1,Matches
458,Oliver Scarles,eng ENG,"DF,FW",West Ham,18,2005,7.4,21,11,17,3,1,14,22,63.6,8,14,2,12,11,32,26,0,Matches
459,Dane Scarlett,eng ENG,"FW,MF",Tottenham,20,2004,0.4,1,0,0,1,0,0,0,,0,0,0,0,0,1,1,0,Matches
460,Kevin Schade,de GER,FW,Brentford,22,2001,25.5,39,25,17,10,12,13,23,56.5,10,19,4,15,5,44,34,0,Matches
461,Fabian Schär,ch SUI,DF,Newcastle Utd,32,1991,32.6,36,21,16,18,2,14,35,40,21,38,25,13,45,81,138,3,Matches
462,Jeffrey Schlupp,gh GHA,"MF,DF",Crystal Palace,31,1992,1.1,2,0,1,0,1,0,3,0,3,6,0,6,0,2,2,0,Matches
463,Alex Scott,eng ENG,MF,Bournemouth,20,2003,8.4,27,14,11,8,8,19,42,45.2,23,17,4,13,10,37,15,0,Matches
464,Matz Sels,be BEL,GK,Nott'ham Forest,32,1992,38,1,1,1,0,0,1,1,100,0,0,0,0,0,1,26,1,Matches
465,Nélson Semedo,pt POR,DF,Wolves,30,1993,32.1,62,36,32,21,9,34,57,59.6,23,32,10,22,23,85,104,3,Matches
466,Antoine Semenyo,gh GHA,FW,Bournemouth,24,2000,35.6,55,35,17,25,13,16,43,37.2,27,67,9,58,11,66,39,2,Matches
467,Marcos Senesi,ar ARG,DF,Bournemouth,27,1997,12.3,39,21,23,14,2,14,31,45.2,17,16,7,9,14,53,58,0,Matches
468,Ryan Sessegnon,eng ENG,"FW,DF",Fulham,24,2000,6.4,27,13,11,11,5,9,20,45,11,13,1,12,3,30,18,0,Matches
469,Luke Shaw,eng ENG,DF,Manchester Utd,29,1995,3.9,4,3,2,2,0,2,2,100,0,6,1,5,2,6,7,0,Matches
470,Zain Silcott-Duberry,ms MSR,FW,Bournemouth,19,2005,0,1,1,0,0,1,1,1,100,0,0,0,0,0,1,0,0,Matches
471,Bernardo Silva,pt POR,"MF,FW",Manchester City,29,1994,29.7,56,37,17,30,9,25,56,44.6,31,36,7,29,23,79,32,3,Matches
472,Jota Silva,pt POR,"FW,MF",Nott'ham Forest,24,1999,9.5,27,14,12,13,2,6,27,22.2,21,9,1,8,12,39,17,0,Matches
473,Eric da Silva Moreira,de GER,"MF,DF",Nott'ham Forest,18,2006,0.3,2,2,2,0,0,2,6,33.3,4,0,0,0,1,3,0,0,Matches
474,Jahmai Simpson-Pusey,eng ENG,DF,Manchester City,18,2005,1.1,1,0,1,0,0,0,1,0,1,1,1,0,0,1,2,0,Matches
475,Luis Sinisterra,co COL,"FW,MF",Bournemouth,25,1999,2.6,7,2,3,2,2,0,4,0,4,3,0,3,1,8,8,0,Matches
Rk,Player,Nation,Pos,Squad,Age,Born,90s,Tkl,TklW,Def 3rd,Mid 3rd,Att 3rd,Tkl,Att,Tkl%,Lost,Blocks,Sh,Pass,Int,Tkl+Int,Clr,Err,Matches
476,Oliver Skipp,eng ENG,MF,Leicester City,23,2000,12.5,21,4,6,12,3,9,15,60,6,23,7,16,11,32,11,2,Matches
477,William Smallbone,ie IRL,MF,Southampton,24,2000,7.7,20,13,9,9,2,7,22,31.8,15,8,0,8,2,22,14,2,Matches
478,Adam Smith,eng ENG,DF,Bournemouth,33,1991,17.7,24,12,11,7,6,14,27,51.9,13,13,5,8,15,39,49,1,Matches
479,Emile Smith Rowe,eng ENG,MF,Fulham,24,2000,22.7,31,18,7,14,10,8,24,33.3,16,22,2,20,11,42,16,0,Matches
480,Dominic Solanke,eng ENG,FW,Tottenham,26,1997,24.5,18,11,1,12,5,4,16,25,12,20,9,11,1,19,23,0,Matches
481,Carlos Soler,es ESP,"MF,FW",West Ham,27,1997,15.7,16,11,9,6,1,7,23,30.4,16,19,6,13,8,24,21,2,Matches
482,Julio Soler,ar ARG,"DF,FW",Bournemouth,19,2005,0.1,1,1,1,0,0,1,1,100,0,1,0,1,0,1,0,0,Matches
483,Ramón Sosa,py PAR,"FW,MF",Nott'ham Forest,24,1999,3.3,5,3,3,0,2,1,5,20,4,9,0,9,4,9,5,0,Matches
484,Tomáš Souček,cz CZE,MF,West Ham,29,1995,28.5,46,21,20,23,3,26,44,59.1,18,41,21,20,20,66,85,1,Matches
485,Boubakary Soumaré,fr FRA,MF,Leicester City,25,1999,24.1,37,20,24,12,1,21,33,63.6,12,22,10,12,27,64,34,4,Matches
486,Djed Spence,eng ENG,DF,Tottenham,23,2000,19.9,47,34,25,15,7,23,30,76.7,7,28,9,19,21,68,74,2,Matches
487,Jay Stansfield,eng ENG,MF,Fulham,21,2002,0,0,0,0,0,0,0,0,,0,0,0,0,0,0,0,0,Matches
488,Jason Steele,eng ENG,GK,Brighton,33,1990,2,0,0,0,0,0,0,0,,0,0,0,0,0,0,1,0,Matches
489,Jack Stephens,eng ENG,DF,Southampton,30,1994,15.4,34,20,25,9,0,17,30,56.7,13,20,13,7,13,47,53,2,Matches
490,Raheem Sterling,eng ENG,"FW,MF",Arsenal,29,1994,5.5,9,4,1,3,5,5,10,50,5,3,0,3,1,10,4,0,Matches
491,Ross Stewart,sct SCO,FW,Southampton,28,1996,4.3,6,4,1,1,4,3,8,37.5,5,3,0,3,1,7,7,0,Matches
492,Jakub Stolarczyk,pl POL,GK,Leicester City,23,2000,10,2,1,2,0,0,1,2,50,1,0,0,0,0,2,6,1,Matches
493,John Stones,eng ENG,"DF,MF",Manchester City,30,1994,6.1,6,2,3,2,1,5,5,100,0,5,3,2,4,10,19,1,Matches
494,Jørgen Strand Larsen,no NOR,FW,Wolves,24,2000,28.7,10,6,2,3,5,4,27,14.8,23,19,4,15,6,16,29,0,Matches
495,Yukinari Sugawara,jp JPN,"DF,MF",Southampton,24,2000,17.3,31,18,16,14,1,19,31,61.3,12,21,10,11,11,42,53,3,Matches
496,Kamaldeen Sulemana,gh GHA,"FW,MF",Southampton,22,2002,15.6,22,17,9,5,8,10,15,66.7,5,16,4,12,6,28,9,0,Matches
497,Crysencio Summerville,nl NED,"FW,MF",West Ham,22,2001,8.7,13,7,2,8,3,3,9,33.3,6,13,4,9,0,13,7,0,Matches
498,Sammie Szmodics,ie IRL,"FW,MF",Ipswich Town,28,1995,11,16,10,4,10,2,7,26,26.9,19,10,2,8,6,22,14,0,Matches
499,Dominik Szoboszlai,hu HUN,MF,Liverpool,23,2000,27.7,38,20,14,19,5,17,45,37.8,28,39,5,34,9,47,19,2,Matches
500,Matt Targett,eng ENG,DF,Newcastle Utd,28,1995,0.2,0,0,0,0,0,0,1,0,1,0,0,0,1,1,1,0,Matches
Rk,Player,Nation,Pos,Squad,Age,Born,90s,Tkl,TklW,Def 3rd,Mid 3rd,Att 3rd,Tkl,Att,Tkl%,Lost,Blocks,Sh,Pass,Int,Tkl+Int,Clr,Err,Matches
501,James Tarkowski,eng ENG,DF,Everton,31,1992,32.5,64,40,39,22,3,24,39,61.5,15,57,42,15,41,105,213,4,Matches
502,Marcus Tavernier,eng ENG,"FW,MF",Bournemouth,25,1999,21.5,43,24,15,19,9,10,27,37,17,16,3,13,5,48,11,0,Matches
503,Charlie Taylor,eng ENG,DF,Southampton,30,1993,4,7,5,4,3,0,5,7,71.4,2,8,5,3,5,12,31,1,Matches
504,Jack Taylor,ie IRL,MF,Ipswich Town,26,1998,9.6,20,10,6,11,3,12,27,44.4,15,12,3,9,9,29,24,0,Matches
505,Mathys Tel,fr FRA,FW,Tottenham,19,2005,10.1,16,6,5,6,5,5,13,38.5,8,8,1,7,2,18,8,2,Matches
506,Kenny Tete,nl NED,DF,Fulham,28,1995,19.7,56,38,29,14,13,23,38,60.5,15,31,12,19,32,88,67,0,Matches
507,Thiago,br BRA,"FW,MF",Brentford,23,2001,1.9,5,3,2,1,2,0,1,0,1,3,0,3,2,7,3,1,Matches
508,Luke Thomas,eng ENG,DF,Leicester City,23,2001,12.3,31,25,23,5,3,21,41,51.2,20,15,6,9,21,52,49,1,Matches
509,Youri Tielemans,be BEL,MF,Aston Villa,27,1997,33.6,84,58,32,44,8,40,73,54.8,33,38,16,22,23,107,47,4,Matches
510,Kieran Tierney,sct SCO,"DF,FW",Arsenal,27,1997,2.9,7,5,4,1,2,4,6,66.7,2,0,0,0,3,10,9,0,Matches
511,Jurriën Timber,nl NED,DF,Arsenal,23,2001,26.9,58,38,17,30,11,18,27,66.7,9,19,4,15,22,80,44,1,Matches
512,Jean-Clair Todibo,fr FRA,DF,West Ham,24,1999,20.3,47,28,30,15,2,26,36,72.2,10,25,13,12,26,73,83,3,Matches
513,Harry Toffolo,eng ENG,DF,Nott'ham Forest,28,1995,1.5,5,3,3,1,1,3,4,75,1,2,2,0,2,7,12,0,Matches
514,Takehiro Tomiyasu,jp JPN,DF,Arsenal,25,1998,0.1,0,0,0,0,0,0,0,,0,0,0,0,0,0,1,0,Matches
515,Sandro Tonali,it ITA,MF,Newcastle Utd,24,2000,29.2,51,32,22,23,6,25,51,49,26,34,11,23,34,85,33,2,Matches
516,Pau Torres,es ESP,DF,Aston Villa,27,1997,22.4,21,15,11,8,2,10,17,58.8,7,16,11,5,10,31,75,2,Matches
517,Conor Townsend,eng ENG,DF,Ipswich Town,31,1993,3.7,11,8,9,2,0,8,11,72.7,3,8,6,2,4,15,16,0,Matches
518,Adama Traoré,es ESP,"FW,MF",Fulham,28,1996,19.7,20,13,9,6,5,5,13,38.5,8,7,0,7,1,21,6,4,Matches
519,Boubacar Traoré,ml MLI,MF,Wolves,22,2001,0,2,0,0,2,0,1,1,100,0,0,0,0,0,2,0,0,Matches
520,Mark Travers,ie IRL,GK,Bournemouth,25,1999,5,0,0,0,0,0,0,0,,0,0,0,0,0,0,5,0,Matches
521,Ryan Trevitt,eng ENG,MF,Brentford,21,2003,0,1,1,1,0,0,0,0,,0,0,0,0,0,1,0,0,Matches
522,Kieran Trippier,eng ENG,DF,Newcastle Utd,33,1990,14.5,38,21,18,14,6,22,36,61.1,14,11,3,8,12,50,49,0,Matches
523,Leandro Trossard,be BEL,FW,Arsenal,29,1994,28.3,31,20,6,16,9,12,34,35.3,22,32,0,32,9,40,18,0,Matches
524,Kostas Tsimikas,gr GRE,DF,Liverpool,28,1996,9.3,31,20,15,11,5,14,23,60.9,9,5,2,3,11,42,20,0,Matches
525,Axel Tuanzebe,cd COD,DF,Ipswich Town,26,1997,19,31,19,21,4,6,17,26,65.4,9,21,10,11,23,54,56,1,Matches
Rk,Player,Nation,Pos,Squad,Age,Born,90s,Tkl,TklW,Def 3rd,Mid 3rd,Att 3rd,Tkl,Att,Tkl%,Lost,Blocks,Sh,Pass,Int,Tkl+Int,Clr,Err,Matches
526,Destiny Udogie,it ITA,DF,Tottenham,21,2002,21.4,75,47,42,26,7,33,48,68.8,15,40,6,34,22,97,36,1,Matches
527,Manuel Ugarte,uy URU,MF,Manchester Utd,23,2001,19.8,77,49,34,34,9,30,68,44.1,38,33,4,29,27,104,17,2,Matches
528,Lesley Ugochukwu,fr FRA,MF,Southampton,20,2004,18.4,50,24,16,30,4,18,36,50,18,27,10,17,14,64,23,2,Matches
529,Enes Ünal,tr TUR,"FW,MF",Bournemouth,27,1997,3.8,1,0,0,0,1,0,3,0,3,1,0,1,0,1,6,0,Matches
530,Hákon Valdimarsson,is ISL,GK,Brentford,22,2001,1.6,0,0,0,0,0,0,0,,0,0,0,0,0,0,2,0,Matches
531,Virgil van Dijk,nl NED,DF,Liverpool,33,1991,37,38,20,17,19,2,13,22,59.1,9,27,16,11,56,94,190,4,Matches
532,Jamie Vardy,eng ENG,FW,Leicester City,37,1987,31.4,19,13,7,7,5,4,13,30.8,9,8,4,4,5,24,24,0,Matches
533,Renato Veiga,pt POR,"DF,MF",Chelsea,21,2003,2,9,6,6,3,0,4,12,33.3,8,3,1,2,1,10,2,0,Matches
534,Joël Veltman,nl NED,DF,Brighton,32,1992,18.9,43,29,24,16,3,31,52,59.6,21,22,7,15,19,62,66,0,Matches
535,Micky van de Ven,nl NED,DF,Tottenham,23,2001,11.3,10,6,5,4,1,8,14,57.1,6,12,8,4,10,20,39,1,Matches
536,Bart Verbruggen,nl NED,GK,Brighton,21,2002,36,0,0,0,0,0,0,3,0,3,1,0,1,0,0,29,5,Matches
537,Jannik Vestergaard,dk DEN,DF,Leicester City,31,1992,15.5,22,10,16,6,0,9,15,60,6,21,14,7,16,38,74,1,Matches
538,Guglielmo Vicario,it ITA,GK,Tottenham,27,1996,24,0,0,0,0,0,0,0,,0,0,0,0,1,1,14,6,Matches
539,Carlos Vinícius,br BRA,"MF,FW",Fulham,29,1995,0.2,0,0,0,0,0,0,1,0,1,1,0,1,0,0,0,0,Matches
540,Kyle Walker,eng ENG,DF,Manchester City,34,1990,10.8,17,10,7,7,3,14,26,53.8,12,13,4,9,3,20,13,1,Matches
541,Kyle Walker-Peters,eng ENG,DF,Southampton,27,1997,32.4,44,29,22,15,7,16,35,45.7,19,27,15,12,19,63,90,1,Matches
542,Christian Walton,eng ENG,GK,Ipswich Town,28,1995,7,0,0,0,0,0,0,1,0,1,0,0,0,0,0,2,1,Matches
543,Aaron Wan-Bissaka,cd COD,DF,West Ham,26,1997,35,70,49,33,32,5,23,32,71.9,9,37,11,26,66,136,125,0,Matches
544,Danny Ward,wls WAL,GK,Leicester City,31,1993,1.5,0,0,0,0,0,0,0,,0,0,0,0,0,0,1,0,Matches
545,Joel Ward,eng ENG,DF,Crystal Palace,34,1989,0.8,2,0,0,2,0,0,0,,0,0,0,0,0,2,3,0,Matches
546,James Ward-Prowse,eng ENG,MF,West Ham,29,1994,11.5,20,14,8,8,4,7,19,36.8,12,6,3,3,8,28,15,0,Matches
547,James Ward-Prowse,eng ENG,MF,Nott'ham Forest,29,1994,4.4,4,1,1,3,0,2,2,100,0,3,2,1,5,9,8,0,Matches
548,Ollie Watkins,eng ENG,FW,Aston Villa,28,1995,28.9,10,7,0,6,4,3,11,27.3,8,11,3,8,8,18,15,2,Matches
549,Adam Webster,eng ENG,DF,Brighton,29,1995,9.9,10,6,5,4,1,6,14,42.9,8,16,9,7,20,30,41,2,Matches
550,Danny Welbeck,eng ENG,FW,Brighton,33,1990,23.5,26,16,6,15,5,8,20,40,12,19,4,15,5,31,14,0,Matches
Rk,Player,Nation,Pos,Squad,Age,Born,90s,Tkl,TklW,Def 3rd,Mid 3rd,Att 3rd,Tkl,Att,Tkl%,Lost,Blocks,Sh,Pass,Int,Tkl+Int,Clr,Err,Matches
551,Welington,br BRA,DF,Southampton,23,2001,5.4,21,9,15,5,1,12,19,63.2,7,5,1,4,7,28,36,0,Matches
552,Timo Werner,de GER,"FW,MF",Tottenham,28,1996,5.7,6,4,3,3,0,3,13,23.1,10,10,1,9,1,7,7,0,Matches
553,Adam Wharton,eng ENG,MF,Crystal Palace,20,2004,14.6,34,14,14,16,4,17,44,38.6,27,11,2,9,20,54,27,0,Matches
554,Ben White,eng ENG,DF,Arsenal,26,1997,13.3,20,14,10,4,6,16,38,42.1,22,10,8,2,16,36,44,0,Matches
555,Mats Wieffer,nl NED,"DF,MF",Brighton,24,1999,11.3,58,34,27,27,4,32,47,68.1,15,18,2,16,17,75,28,3,Matches
556,Neco Williams,wls WAL,DF,Nott'ham Forest,23,2001,28.8,90,57,63,19,8,53,86,61.6,33,42,10,32,31,121,137,3,Matches
557,Willian,br BRA,"FW,MF",Fulham,35,1988,2.9,4,2,0,3,1,2,6,33.3,4,0,0,0,1,5,1,0,Matches
558,Joe Willock,eng ENG,"MF,FW",Newcastle Utd,24,1999,12.1,30,17,15,12,3,18,31,58.1,13,24,6,18,6,36,7,0,Matches
559,Callum Wilson,eng ENG,FW,Newcastle Utd,32,1992,4.1,2,2,0,1,1,0,2,0,2,2,0,2,1,3,1,0,Matches
560,Harry Wilson,wls WAL,"FW,MF",Fulham,27,1997,12.9,20,14,13,3,4,12,18,66.7,6,15,1,14,7,27,10,1,Matches
561,Harry Winks,eng ENG,MF,Leicester City,28,1996,17.1,24,11,12,10,2,13,30,43.3,17,19,7,12,9,33,20,0,Matches
562,Ben Winterburn,eng ENG,"MF,FW",Bournemouth,19,2004,0.3,0,0,0,0,0,0,1,0,1,0,0,0,2,2,0,0,Matches
563,Yoane Wissa,cd COD,FW,Brentford,27,1996,32.4,22,12,6,8,8,11,27,40.7,16,29,8,21,8,30,21,3,Matches
564,Chris Wood,nz NZL,FW,Nott'ham Forest,32,1991,32.9,6,5,2,2,2,3,11,27.3,8,12,7,5,5,11,29,1,Matches
565,Nathan Wood-Gordon,eng ENG,DF,Southampton,22,2002,8.6,14,8,8,5,1,8,11,72.7,3,9,6,3,5,19,39,2,Matches
566,Luke Woolfenden,eng ENG,DF,Ipswich Town,25,1998,13.2,9,6,5,4,0,2,5,40,3,21,14,7,19,28,76,0,Matches
567,Yehor Yarmoliuk,ua UKR,MF,Brentford,20,2004,16.1,49,28,21,21,7,28,55,50.9,27,26,9,17,13,62,33,0,Matches
568,Ryan Yates,eng ENG,MF,Nott'ham Forest,26,1997,21.3,42,21,24,14,4,17,37,45.9,20,38,10,28,26,68,61,1,Matches
569,Leny Yoro,fr FRA,DF,Manchester Utd,18,2005,12.9,29,11,19,9,1,13,19,68.4,6,5,3,2,18,47,43,0,Matches
570,Ashley Young,eng ENG,DF,Everton,39,1985,20.8,58,33,25,25,8,35,57,61.4,22,14,4,10,25,83,64,2,Matches
571,Illia Zabarnyi,ua UKR,DF,Bournemouth,21,2002,34.5,52,36,31,20,1,34,50,68,16,33,20,13,41,93,182,2,Matches
572,Oleksandr Zinchenko,ua UKR,"DF,MF",Arsenal,27,1996,5.9,6,1,1,3,2,3,8,37.5,5,8,1,7,5,11,10,0,Matches
573,Joshua Zirkzee,nl NED,"FW,MF",Manchester Utd,23,2001,15.6,14,8,3,8,3,5,10,50,5,15,4,11,6,20,8,1,Matches
574,Martin Ødegaard,no NOR,MF,Arsenal,25,1998,25.8,19,11,9,7,3,4,25,16,21,5,0,5,6,25,6,1,Matches