,,,,,,,,SCA,,SCA Types,,,,,,GCA,,GCA Types,,,,,,
Rk,Player,Nation,Pos,Squad,Age,Born,90s,SCA,SCA90,PassLive,PassDead,TO,Sh,Fld,Def,GCA,GCA90,PassLive,PassDead,TO,Sh,Fld,Def,Matches
1,Max Aarons,eng ENG,DF,Bournemouth,24,2000,1,2,2.09,2,0,0,0,0,0,0,0,0,0,0,0,0,0,Matches
2,Joshua Acheampong,eng ENG,DF,Chelsea,18,2006,1.9,2,1.06,2,0,0,0,0,0,0,0,0,0,0,0,0,0,Matches
3,Tyler Adams,us USA,MF,Bournemouth,25,1999,21.8,41,1.88,35,0,0,1,1,4,4,0.18,3,0,0,0,0,1,Matches
4,Tosin Adarabioyo,eng ENG,DF,Chelsea,26,1997,15.7,15,0.96,8,0,0,6,0,1,1,0.06,0,0,0,1,0,0,Matches
5,Simon Adingra,ci CIV,"FW,MF",Brighton,22,2002,12.2,47,3.86,33,0,6,8,0,0,7,0.57,5,0,1,1,0,0,Matches
6,Emmanuel Agbadou,ci CIV,DF,Wolves,27,1997,15.7,17,1.09,15,2,0,0,0,0,3,0.19,2,1,0,0,0,0,Matches
7,Asher Agbinone,eng ENG,MF,Crystal Palace,18,2005,0.1,1,15,1,0,0,0,0,0,0,0,0,0,0,0,0,0,Matches
8,Ola Aina,ng NGA,DF,Nott'ham Forest,27,1996,33.3,62,1.86,49,5,3,1,3,1,4,0.12,3,0,0,0,0,1,Matches
9,Rayan Aït-Nouri,dz ALG,DF,Wolves,23,2001,34.5,91,2.63,56,15,8,7,4,1,12,0.35,10,1,0,0,0,1,Matches
10,Kristoffer Ajer,no NOR,DF,Brentford,26,1998,16,18,1.13,15,0,1,2,0,0,2,0.13,2,0,0,0,0,0,Matches
11,Manuel Akanji,ch SUI,DF,Manchester City,29,1995,22.4,37,1.65,37,0,0,0,0,0,3,0.13,3,0,0,0,0,0,Matches
12,Nathan Aké,nl NED,DF,Manchester City,29,1995,7.5,8,1.06,8,0,0,0,0,0,0,0,0,0,0,0,0,0,Matches
13,Carlos Alcaraz,ar ARG,MF,Southampton,21,2002,0.1,1,9,1,0,0,0,0,0,0,0,0,0,0,0,0,0,Matches
14,Carlos Alcaraz,ar ARG,"FW,MF",Everton,21,2002,8.5,33,3.89,24,2,3,3,1,0,6,0.71,5,0,0,1,0,0,Matches
15,Trent Alexander-Arnold,eng ENG,DF,Liverpool,25,1998,26.3,98,3.73,74,15,5,4,0,0,10,0.38,9,1,0,0,0,0,Matches
16,Alisson,br BRA,GK,Liverpool,31,1992,27.9,7,0.25,7,0,0,0,0,0,1,0.04,1,0,0,0,0,0,Matches
17,Miguel Almirón,py PAR,FW,Newcastle Utd,30,1994,1.7,8,4.59,6,0,1,1,0,0,0,0,0,0,0,0,0,0,Matches
18,Olabade Aluko,,DF,Leicester City,,,0,0,0,0,0,0,0,0,0,0,0,0,0,0,0,0,0,Matches
19,Edson Álvarez,mx MEX,MF,West Ham,26,1997,19.7,28,1.42,24,0,2,1,1,0,2,0.1,2,0,0,0,0,0,Matches
20,Will Alves,eng ENG,FW,Leicester City,19,2005,0,0,0,0,0,0,0,0,0,0,0,0,0,0,0,0,0,Matches
21,Harry Amass,eng ENG,DF,Manchester Utd,17,2007,3.8,8,2.08,7,0,0,1,0,0,0,0,0,0,0,0,0,0,Matches
22,Samuel Amo-Ameyaw,eng ENG,"FW,DF",Southampton,18,2006,0.3,2,6.43,1,0,0,0,1,0,0,0,0,0,0,0,0,0,Matches
23,Mathis Amougou,fr FRA,MF,Chelsea,18,2006,0.1,0,0,0,0,0,0,0,0,0,0,0,0,0,0,0,0,Matches
24,Joachim Andersen,dk DEN,DF,Crystal Palace,28,1996,1,1,1,1,0,0,0,0,0,0,0,0,0,0,0,0,0,Matches
25,Joachim Andersen,dk DEN,DF,Fulham,28,1996,28.7,35,1.23,27,1,0,7,0,0,2,0.07,1,1,0,0,0,0,Matches
Rk,Player,Nation,Pos,Squad,Age,Born,90s,SCA,SCA90,PassLive,PassDead,TO,Sh,Fld,Def,GCA,GCA90,PassLive,PassDead,TO,Sh,Fld,Def,Matches
26,Elliot Anderson,eng ENG,MF,Nott'ham Forest,21,2002,30.3,87,2.87,43,20,7,8,4,5,10,0.33,4,3,0,1,1,1,Matches
27,André,br BRA,MF,Wolves,23,2001,27.5,49,1.78,41,3,1,0,0,4,3,0.11,2,1,0,0,0,0,Matches
28,Michail Antonio,jm JAM,FW,West Ham,34,1990,9.3,22,2.37,14,0,1,5,1,1,4,0.43,0,0,0,4,0,0,Matches
29,Antony,br BRA,"DF,MF",Manchester Utd,24,2000,1.6,8,5.11,6,0,1,0,1,0,0,0,0,0,0,0,0,0,Matches
30,Julian Araujo,mx MEX,DF,Bournemouth,22,2001,5.5,5,0.91,5,0,0,0,0,0,0,0,0,0,0,0,0,0,Matches
31,Cameron Archer,eng ENG,FW,Southampton,23,2001,16,20,1.25,10,0,4,5,1,0,0,0,0,0,0,0,0,0,Matches
32,Alphonse Areola,fr FRA,GK,West Ham,31,1993,25.1,3,0.12,2,1,0,0,0,0,0,0,0,0,0,0,0,0,Matches
33,Joe Aribo,ng NGA,"MF,DF",Southampton,28,1996,22.4,37,1.66,32,0,2,1,2,0,1,0.04,1,0,0,0,0,0,Matches
34,Adam Armstrong,eng ENG,"FW,MF",Southampton,27,1997,13.9,19,1.37,12,1,2,4,0,0,4,0.29,1,0,0,3,0,0,Matches
35,Harrison Armstrong,eng ENG,MF,Everton,17,2007,0.5,1,1.87,1,0,0,0,0,0,0,0,0,0,0,0,0,0,Matches
36,Kepa Arrizabalaga,es ESP,GK,Bournemouth,29,1994,31,4,0.13,2,2,0,0,0,0,0,0,0,0,0,0,0,0,Matches
37,Marco Asensio,es ESP,MF,Aston Villa,28,1996,8.3,35,4.24,22,7,1,1,3,1,3,0.36,2,0,0,1,0,0,Matches
38,Brandon Austin,eng ENG,GK,Tottenham,25,1999,1,0,0,0,0,0,0,0,0,0,0,0,0,0,0,0,0,Matches
39,Taiwo Awoniyi,ng NGA,FW,Nott'ham Forest,26,1997,4.6,9,1.95,5,0,1,2,1,0,1,0.22,0,0,0,1,0,0,Matches
40,Yasin Ayari,se SWE,MF,Brighton,20,2003,21.8,61,2.79,36,13,3,3,4,2,6,0.27,4,2,0,0,0,0,Matches
41,Jordan Ayew,gh GHA,"FW,MF",Crystal Palace,32,1991,0.2,1,4.29,1,0,0,0,0,0,0,0,0,0,0,0,0,0,Matches
42,Jordan Ayew,gh GHA,"FW,MF",Leicester City,32,1991,18.2,41,2.25,24,8,3,4,1,1,2,0.11,1,0,0,1,0,0,Matches
43,Benoît Badiashile,fr FRA,DF,Chelsea,23,2001,3.7,0,0,0,0,0,0,0,0,0,0,0,0,0,0,0,0,Matches
44,Leon Bailey,jm JAM,"FW,MF",Aston Villa,26,1997,12.7,38,3.01,23,1,8,3,3,0,4,0.32,4,0,0,0,0,0,Matches
45,Carlos Baleba,cm CMR,MF,Brighton,20,2004,29.6,66,2.23,55,0,2,5,1,3,4,0.14,2,0,0,0,1,1,Matches
46,Ross Barkley,eng ENG,MF,Aston Villa,30,1993,6.5,18,2.78,15,1,2,0,0,0,3,0.46,3,0,0,0,0,0,Matches
47,Harvey Barnes,eng ENG,FW,Newcastle Utd,26,1997,19.5,64,3.27,44,1,7,6,6,0,9,0.46,6,0,1,1,1,0,Matches
48,Calvin Bassey,ng NGA,DF,Fulham,24,1999,34.2,23,0.67,19,1,2,0,0,1,3,0.09,2,0,0,0,0,1,Matches
49,Altay Bayındır,tr TUR,GK,Manchester Utd,26,1998,4,0,0,0,0,0,0,0,0,0,0,0,0,0,0,0,0,Matches
50,Jan Bednarek,pl POL,DF,Southampton,28,1996,28.1,16,0.57,15,0,0,1,0,0,0,0,0,0,0,0,0,0,Matches
Rk,Player,Nation,Pos,Squad,Age,Born,90s,SCA,SCA90,PassLive,PassDead,TO,Sh,Fld,Def,GCA,GCA90,PassLive,PassDead,TO,Sh,Fld,Def,Matches
51,Armel Bella Kotchap,de GER,DF,Southampton,22,2001,3.7,2,0.54,1,0,0,0,0,1,0,0,0,0,0,0,0,0,Matches
52,Jean-Ricner Bellegarde,ht HAI,"MF,FW",Wolves,26,1998,18.6,57,3.06,35,5,4,4,7,2,11,0.59,8,1,0,0,1,1,Matches
53,Rodrigo Bentancur,uy URU,MF,Tottenham,27,1997,18.3,45,2.46,36,0,1,5,1,2,3,0.16,3,0,0,0,0,0,Matches
54,Daniel Bentley,eng ENG,GK,Wolves,31,1993,2,0,0,0,0,0,0,0,0,0,0,0,0,0,0,0,0,Matches
55,Sander Berge,no NOR,MF,Fulham,26,1998,24.7,48,1.94,43,1,1,1,0,2,2,0.08,2,0,0,0,0,0,Matches
56,Lucas Bergvall,se SWE,MF,Tottenham,18,2006,13.5,22,1.63,16,4,0,2,0,0,4,0.3,3,0,0,1,0,0,Matches
57,Victor Bernth Kristiansen,dk DEN,DF,Leicester City,21,2002,27.6,42,1.52,33,6,1,0,2,0,3,0.11,3,0,0,0,0,0,Matches
58,Beto,gw GNB,FW,Everton,26,1998,17,26,1.52,16,0,3,3,4,0,1,0.06,1,0,0,0,0,0,Matches
59,Philip Billing,dk DEN,MF,Bournemouth,28,1996,2,16,7.83,13,0,0,1,0,2,0,0,0,0,0,0,0,0,Matches
60,Yves Bissouma,ml MLI,MF,Tottenham,27,1996,15.6,16,1.02,15,0,0,0,0,1,0,0,0,0,0,0,0,0,Matches
61,Oscar Bobb,no NOR,FW,Manchester City,21,2003,0.2,2,11.25,1,0,1,0,0,0,0,0,0,0,0,0,0,0,Matches
62,Lamare Bogarde,nl NED,"DF,MF",Aston Villa,20,2004,5.3,10,1.89,8,1,0,0,0,1,1,0.19,1,0,0,0,0,0,Matches
63,Willy Boly,ci CIV,DF,Nott'ham Forest,33,1991,1.7,0,0,0,0,0,0,0,0,0,0,0,0,0,0,0,0,Matches
64,Sven Botman,nl NED,DF,Newcastle Utd,24,2000,4.6,4,0.87,1,0,0,3,0,0,0,0,0,0,0,0,0,0,Matches
65,Jarrod Bowen,eng ENG,"FW,MF",West Ham,27,1996,33,113,3.42,70,13,6,13,9,2,15,0.45,11,2,1,1,0,0,Matches
66,Conor Bradley,nir NIR,DF,Liverpool,21,2003,8.4,19,2.27,13,0,5,0,1,0,4,0.48,3,0,1,0,0,0,Matches
67,Jarrad Branthwaite,eng ENG,DF,Everton,22,2002,27.9,13,0.47,11,1,0,0,1,0,2,0.07,1,1,0,0,0,0,Matches
68,James Bree,eng ENG,DF,Southampton,26,1997,11.9,16,1.34,13,2,0,1,0,0,1,0.08,1,0,0,0,0,0,Matches
69,Ben Brereton,cl CHI,FW,Southampton,25,1999,5,9,1.8,7,0,0,0,2,0,0,0,0,0,0,0,0,0,Matches
70,Nathan Broadhead,wls WAL,"MF,FW",Ipswich Town,26,1998,7.8,22,2.82,15,0,6,1,0,0,2,0.26,1,0,1,0,0,0,Matches
71,Armando Broja,al ALB,FW,Everton,22,2001,3.7,7,1.89,7,0,0,0,0,0,0,0,0,0,0,0,0,0,Matches
72,David Brooks,wls WAL,"FW,MF",Bournemouth,27,1997,10.7,46,4.31,36,6,2,2,0,0,2,0.19,1,0,0,1,0,0,Matches
73,Emi Buendía,ar ARG,"MF,FW",Aston Villa,27,1996,1.1,3,2.76,2,0,0,1,0,0,0,0,0,0,0,0,0,0,Matches
74,Santiago Bueno,uy URU,DF,Wolves,25,1998,18.7,12,0.64,10,1,0,0,0,1,4,0.21,3,0,0,0,0,1,Matches
75,Facundo Buonanotte,ar ARG,"FW,MF",Leicester City,19,2004,16.9,51,3.01,27,11,9,1,3,0,5,0.3,1,2,2,0,0,0,Matches
Rk,Player,Nation,Pos,Squad,Age,Born,90s,SCA,SCA90,PassLive,PassDead,TO,Sh,Fld,Def,GCA,GCA90,PassLive,PassDead,TO,Sh,Fld,Def,Matches
76,Cameron Burgess,au AUS,DF,Ipswich Town,28,1995,17.1,14,0.82,14,0,0,0,0,0,3,0.18,3,0,0,0,0,0,Matches
77,Dan Burn,eng ENG,DF,Newcastle Utd,32,1992,37,27,0.73,21,1,0,4,1,0,4,0.11,3,1,0,0,0,0,Matches
78,Wes Burns,wls WAL,"FW,DF",Ipswich Town,29,1994,10.3,16,1.55,12,0,1,1,2,0,1,0.1,1,0,0,0,0,0,Matches
79,Nathan Butler-Oyedeji,eng ENG,FW,Arsenal,21,2003,0.1,0,0,0,0,0,0,0,0,0,0,0,0,0,0,0,0,Matches
80,Moisés Caicedo,ec ECU,"MF,DF",Chelsea,22,2001,37.2,98,2.63,86,0,2,0,3,7,9,0.24,6,0,0,0,2,1,Matches
81,Tom Cairney,sct SCO,MF,Fulham,33,1991,7,33,4.71,28,2,0,2,1,0,3,0.43,3,0,0,0,0,0,Matches
82,Jens Cajuste,se SWE,MF,Ipswich Town,24,1999,21.8,36,1.65,28,2,4,0,1,1,2,0.09,1,0,1,0,0,0,Matches
83,Riccardo Calafiori,it ITA,DF,Arsenal,22,2002,10.9,13,1.19,11,0,1,1,0,0,2,0.18,2,0,0,0,0,0,Matches
84,Dominic Calvert-Lewin,eng ENG,FW,Everton,27,1997,17.9,26,1.46,14,0,4,3,3,2,4,0.22,1,0,2,0,1,0,Matches
85,Diego Carlos,br BRA,DF,Aston Villa,31,1993,9.2,4,0.43,3,0,0,1,0,0,0,0,0,0,0,0,0,0,Matches
86,Fabio Carvalho,pt POR,"FW,MF",Brentford,21,2002,5.1,10,1.97,7,0,1,2,0,0,1,0.2,1,0,0,0,0,0,Matches
87,Casemiro,br BRA,MF,Manchester Utd,32,1992,16.6,53,3.19,49,1,0,3,0,0,4,0.24,4,0,0,0,0,0,Matches
88,Kaelan Casey,eng ENG,DF,West Ham,19,2004,0,0,0,0,0,0,0,0,0,0,0,0,0,0,0,0,0,Matches
89,Matty Cash,pl POL,DF,Aston Villa,26,1997,23,25,1.09,22,1,1,0,0,1,4,0.17,3,0,0,0,0,1,Matches
90,Eiran Cashin,ie IRL,DF,Brighton,22,2001,0.2,1,4.5,1,0,0,0,0,0,0,0,0,0,0,0,0,0,Matches
91,Timothy Castagne,be BEL,DF,Fulham,28,1995,18.3,25,1.36,21,0,1,2,1,0,3,0.16,2,0,0,1,0,0,Matches
92,Trevoh Chalobah,eng ENG,DF,Crystal Palace,25,1999,11.8,11,0.93,10,0,1,0,0,0,0,0,0,0,0,0,0,0,Matches
93,Trevoh Chalobah,eng ENG,DF,Chelsea,25,1999,10.1,13,1.29,10,0,0,2,0,1,3,0.3,1,0,0,1,0,1,Matches
94,Conor Chaplin,eng ENG,"MF,FW",Ipswich Town,27,1997,9.5,22,2.32,19,3,0,0,0,0,1,0.11,1,0,0,0,0,0,Matches
95,Youssef Chermiti,pt POR,"FW,MF",Everton,20,2004,0.5,0,0,0,0,0,0,0,0,0,0,0,0,0,0,0,0,Matches
96,Federico Chiesa,it ITA,FW,Liverpool,26,1997,1.2,6,5,6,0,0,0,0,0,1,0.83,1,0,0,0,0,0,Matches
97,Ben Chilwell,eng ENG,DF,Crystal Palace,27,1996,2.9,8,2.77,6,1,0,1,0,0,0,0,0,0,0,0,0,0,Matches
98,Chiquinho,pt POR,MF,Wolves,24,2000,0.1,2,25.71,2,0,0,0,0,0,0,0,0,0,0,0,0,0,Matches
99,Hamza Choudhury,bd BAN,"MF,DF",Leicester City,26,1997,1.5,3,2.05,2,0,1,0,0,0,0,0,0,0,0,0,0,0,Matches
100,Ryan Christie,sct SCO,MF,Bournemouth,29,1995,23.5,85,3.62,72,7,0,3,2,1,9,0.38,8,1,0,0,0,0,Matches
Rk,Player,Nation,Pos,Squad,Age,Born,90s,SCA,SCA90,PassLive,PassDead,TO,Sh,Fld,Def,GCA,GCA90,PassLive,PassDead,TO,Sh,Fld,Def,Matches
101,Harry Clarke,eng ENG,DF,Ipswich Town,23,2001,4.2,1,0.24,1,0,0,0,0,0,0,0,0,0,0,0,0,0,Matches
102,Jack Clarke,eng ENG,"FW,MF",Ipswich Town,23,2000,13.1,50,3.81,42,2,3,0,0,3,5,0.38,4,1,0,0,0,0,Matches
103,Nathaniel Clyne,eng ENG,"DF,MF",Crystal Palace,33,1991,5.4,3,0.56,3,0,0,0,0,0,0,0,0,0,0,0,0,0,Matches
104,Conor Coady,eng ENG,DF,Leicester City,31,1993,19,6,0.32,6,0,0,0,0,0,0,0,0,0,0,0,0,0,Matches
105,Séamus Coleman,ie IRL,DF,Everton,35,1988,2.4,2,0.84,1,0,1,0,0,0,1,0.42,1,0,0,0,0,0,Matches
106,Nathan Collins,ie IRL,DF,Brentford,23,2001,38,30,0.79,22,2,1,3,2,0,8,0.21,4,1,0,1,2,0,Matches
107,Toby Collyer,eng ENG,MF,Manchester Utd,20,2004,2,5,2.5,4,0,0,1,0,0,0,0,0,0,0,0,0,0,Matches
108,Levi Colwill,eng ENG,DF,Chelsea,21,2003,35,38,1.09,34,2,0,1,0,1,3,0.09,2,0,0,0,0,1,Matches
109,Lewis Cook,eng ENG,"MF,DF",Bournemouth,27,1997,33.1,89,2.69,69,18,0,2,0,0,5,0.15,2,1,0,2,0,0,Matches
110,Maxwel Cornet,ci CIV,FW,Southampton,27,1996,0.8,0,0,0,0,0,0,0,0,0,0,0,0,0,0,0,0,Matches
111,Vladimír Coufal,cz CZE,DF,West Ham,31,1992,11.9,18,1.52,14,4,0,0,0,0,1,0.08,0,1,0,0,0,0,Matches
112,Woyo Coulibaly,ml MLI,DF,Leicester City,25,1999,1.2,0,0,0,0,0,0,0,0,0,0,0,0,0,0,0,0,Matches
113,Aaron Cresswell,eng ENG,DF,West Ham,34,1989,9.2,15,1.64,7,8,0,0,0,0,0,0,0,0,0,0,0,0,Matches
114,Marc Cucurella,es ESP,DF,Chelsea,26,1998,33.2,51,1.54,44,4,0,2,1,0,5,0.15,4,1,0,0,0,0,Matches
115,Jorge Cuenca,es ESP,DF,Fulham,24,1999,3.9,1,0.26,1,0,0,0,0,0,0,0,0,0,0,0,0,0,Matches
116,Matheus Cunha,br BRA,"MF,FW",Wolves,25,1999,28.9,132,4.57,75,14,19,9,12,3,16,0.55,10,0,4,0,1,1,Matches
117,Patson Daka,zm ZAM,"FW,MF",Leicester City,25,1998,8.2,10,1.23,7,0,2,1,0,0,1,0.12,0,0,1,0,0,0,Matches
118,Diogo Dalot,pt POR,DF,Manchester Utd,25,1999,31.3,74,2.37,57,5,7,4,0,1,5,0.16,3,0,1,1,0,0,Matches
119,Mikkel Damsgaard,dk DEN,"MF,FW",Brentford,24,2000,32.3,120,3.71,92,14,6,2,1,5,21,0.65,15,3,1,0,1,1,Matches
120,Danilo,br BRA,"MF,FW",Nott'ham Forest,23,2001,3.1,7,2.31,7,0,0,0,0,0,2,0.66,2,0,0,0,0,0,Matches
121,Jayden Danns,eng ENG,MF,Liverpool,18,2006,0.1,0,0,0,0,0,0,0,0,0,0,0,0,0,0,0,0,Matches
122,Kevin Danso,at AUT,DF,Tottenham,25,1998,9.4,9,0.96,8,0,0,1,0,0,2,0.21,2,0,0,0,0,0,Matches
123,Ben Davies,wls WAL,DF,Tottenham,31,1993,14.8,8,0.54,7,0,0,0,0,1,0,0,0,0,0,0,0,0,Matches
124,Leif Davis,eng ENG,DF,Ipswich Town,24,2000,30.5,93,3.05,46,39,3,3,1,1,4,0.13,3,0,1,0,0,0,Matches
125,Craig Dawson,eng ENG,DF,Wolves,34,1990,10.8,7,0.65,6,0,0,1,0,0,2,0.19,1,0,0,1,0,0,Matches
Rk,Player,Nation,Pos,Squad,Age,Born,90s,SCA,SCA90,PassLive,PassDead,TO,Sh,Fld,Def,GCA,GCA90,PassLive,PassDead,TO,Sh,Fld,Def,Matches
126,Kevin De Bruyne,be BEL,"MF,FW",Manchester City,33,1991,18.9,113,5.97,73,26,3,6,3,2,11,0.58,9,1,0,1,0,0,Matches
127,Bobby De Cordova-Reid,jm JAM,FW,Leicester City,31,1993,8.3,13,1.57,8,0,0,3,2,0,3,0.36,1,0,0,1,1,0,Matches
128,Liam Delap,eng ENG,FW,Ipswich Town,21,2003,28.8,62,2.15,28,0,12,7,13,2,7,0.24,3,0,2,0,2,0,Matches
129,Sepp van den Berg,nl NED,DF,Brentford,22,2001,28.7,22,0.77,19,0,0,2,1,0,2,0.07,1,0,0,0,1,0,Matches
130,Justin Devenny,nir NIR,MF,Crystal Palace,20,2003,5.6,15,2.66,12,2,0,1,0,0,1,0.18,1,0,0,0,0,0,Matches
131,Kiernan Dewsbury-Hall,eng ENG,"MF,FW",Chelsea,25,1998,2.9,5,1.7,5,0,0,0,0,0,1,0.34,1,0,0,0,0,0,Matches
132,Amad Diallo,ci CIV,"MF,FW",Manchester Utd,22,2002,21.1,97,4.59,65,9,10,3,6,4,18,0.85,7,0,4,1,2,4,Matches
133,Rúben Dias,pt POR,DF,Manchester City,27,1997,25.2,26,1.03,17,0,0,7,0,2,1,0.04,1,0,0,0,0,0,Matches
134,Luis Díaz,co COL,FW,Liverpool,27,1997,26.7,117,4.39,88,0,16,9,4,0,16,0.6,13,0,1,0,2,0,Matches
135,Tyler Dibling,eng ENG,"FW,MF",Southampton,18,2006,20.8,56,2.69,34,1,11,5,5,0,4,0.19,2,0,1,1,0,0,Matches
136,Lucas Digne,fr FRA,DF,Aston Villa,31,1993,26.1,66,2.53,42,18,1,4,0,1,5,0.19,5,0,0,0,0,0,Matches
137,Issa Diop,fr FRA,DF,Fulham,27,1997,14.9,6,0.4,5,0,0,1,0,0,0,0,0,0,0,0,0,0,Matches
138,Axel Disasi,fr FRA,DF,Aston Villa,26,1998,5.4,9,1.65,7,0,1,0,0,1,0,0,0,0,0,0,0,0,Matches
139,Axel Disasi,fr FRA,DF,Chelsea,26,1998,4,2,0.49,2,0,0,0,0,0,0,0,0,0,0,0,0,0,Matches
140,Roman Dixon,eng ENG,DF,Everton,19,2004,1,0,0,0,0,0,0,0,0,0,0,0,0,0,0,0,0,Matches
141,Nasser Djiga,bf BFA,DF,Wolves,21,2002,0.7,0,0,0,0,0,0,0,0,0,0,0,0,0,0,0,0,Matches
142,Matt Doherty,ie IRL,DF,Wolves,32,1992,23.4,25,1.07,19,3,1,1,1,0,3,0.13,3,0,0,0,0,0,Matches
143,Jeremy Doku,be BEL,"FW,MF",Manchester City,22,2002,16.8,79,4.69,60,1,13,1,3,1,14,0.83,11,0,3,0,0,0,Matches
144,Nicolás Domínguez,ar ARG,"MF,FW",Nott'ham Forest,26,1998,21.8,38,1.74,29,1,0,3,3,2,0,0,0,0,0,0,0,0,Matches
145,Patrick Dorgu,dk DEN,DF,Manchester Utd,19,2004,9.4,24,2.57,21,0,0,0,2,1,1,0.11,0,0,0,0,1,0,Matches
146,Alfie Dorrington,eng ENG,DF,Tottenham,19,2005,0.2,0,0,0,0,0,0,0,0,0,0,0,0,0,0,0,0,Matches
147,Abdoulaye Doucouré,ml MLI,MF,Everton,31,1993,28.5,58,2.04,52,0,3,2,0,1,3,0.11,2,0,0,0,0,1,Matches
148,Cheick Doucouré,ml MLI,MF,Crystal Palace,24,2000,5,9,1.79,5,0,0,2,1,1,3,0.6,1,0,0,1,1,0,Matches
149,Flynn Downes,eng ENG,MF,Southampton,25,1999,23.9,31,1.3,27,2,0,1,0,1,2,0.08,1,1,0,0,0,0,Matches
150,Tommy Doyle,eng ENG,MF,Wolves,22,2001,5.4,17,3.13,11,4,1,1,0,0,3,0.55,2,0,1,0,0,0,Matches
Rk,Player,Nation,Pos,Squad,Age,Born,90s,SCA,SCA90,PassLive,PassDead,TO,Sh,Fld,Def,GCA,GCA90,PassLive,PassDead,TO,Sh,Fld,Def,Matches
151,Radu Drăgușin,ro ROU,DF,Tottenham,22,2002,13.9,8,0.58,8,0,0,0,0,0,1,0.07,1,0,0,0,0,0,Matches
152,Martin Dúbravka,sk SVK,GK,Newcastle Utd,35,1989,10,0,0,0,0,0,0,0,0,0,0,0,0,0,0,0,0,Matches
153,Lewis Dunk,eng ENG,DF,Brighton,32,1991,23.1,19,0.82,17,0,0,2,0,0,3,0.13,2,0,0,1,0,0,Matches
154,Jáder Durán,co COL,FW,Aston Villa,20,2003,7.1,18,2.54,9,0,0,4,3,2,1,0.14,0,0,0,0,0,1,Matches
155,Claudio Echeverri,ar ARG,FW,Manchester City,18,2006,0.1,0,0,0,0,0,0,0,0,0,0,0,0,0,0,0,0,Matches
156,Ederson,br BRA,GK,Manchester City,30,1993,25.8,6,0.23,6,0,0,0,0,0,4,0.16,4,0,0,0,0,0,Matches
157,George Edmundson,eng ENG,DF,Ipswich Town,26,1997,0,0,0,0,0,0,0,0,0,0,0,0,0,0,0,0,0,Matches
158,Odsonne Édouard,fr FRA,"MF,FW",Crystal Palace,26,1998,1.3,1,0.78,1,0,0,0,0,0,0,0,0,0,0,0,0,0,Matches
159,Odsonne Édouard,fr FRA,FW,Leicester City,26,1998,0.3,2,6.21,2,0,0,0,0,0,0,0,0,0,0,0,0,0,Matches
160,Samuel Edozie,eng ENG,"DF,FW",Southampton,21,2003,0.7,4,5.54,3,0,0,0,1,0,0,0,0,0,0,0,0,0,Matches
161,Ronnie Edwards,eng ENG,DF,Southampton,21,2003,0.1,0,0,0,0,0,0,0,0,0,0,0,0,0,0,0,0,Matches
162,Anthony Elanga,se SWE,"FW,MF",Nott'ham Forest,22,2002,27.8,102,3.67,56,23,5,7,11,0,18,0.65,10,4,1,0,3,0,Matches
163,Harvey Elliott,eng ENG,MF,Liverpool,21,2003,4.1,21,5.11,17,3,1,0,0,0,3,0.73,3,0,0,0,0,0,Matches
164,Yunus Emre Konak,tr TUR,"FW,MF",Brentford,18,2006,0.5,0,0,0,0,0,0,0,0,0,0,0,0,0,0,0,0,Matches
165,Julio Enciso,py PAR,"MF,FW",Ipswich Town,20,2004,9.7,29,3,16,4,6,2,0,1,4,0.41,2,1,1,0,0,0,Matches
166,Julio Enciso,py PAR,"MF,FW",Brighton,20,2004,3.3,12,3.69,5,1,3,1,2,0,0,0,0,0,0,0,0,0,Matches
167,Wataru Endo,jp JPN,"MF,DF",Liverpool,31,1993,3,6,1.96,6,0,0,0,0,0,0,0,0,0,0,0,0,0,Matches
168,Christian Eriksen,dk DEN,MF,Manchester Utd,32,1992,11.8,56,4.74,38,15,0,3,0,0,7,0.59,5,2,0,0,0,0,Matches
169,Romain Esse,eng ENG,MF,Crystal Palace,19,2005,1.5,8,5.18,6,0,1,0,1,0,3,1.94,1,0,1,0,1,0,Matches
170,Pervis Estupiñán,ec ECU,DF,Brighton,26,1998,26.7,58,2.17,39,13,0,2,4,0,4,0.15,3,0,0,0,1,0,Matches
171,Evanilson,br BRA,FW,Bournemouth,24,1999,25.8,61,2.37,39,0,3,10,9,0,8,0.31,2,0,1,1,4,0,Matches
172,Jake Evans,,FW,Leicester City,,,0.3,0,0,0,0,0,0,0,0,0,0,0,0,0,0,0,0,Matches
173,Jonny Evans,nir NIR,DF,Manchester Utd,36,1988,3.5,2,0.57,2,0,0,0,0,0,0,0,0,0,0,0,0,0,Matches
174,Eberechi Eze,eng ENG,"MF,FW",Crystal Palace,26,1998,28.8,135,4.69,72,29,11,13,9,1,10,0.35,9,1,0,0,0,0,Matches
175,Łukasz Fabiański,pl POL,GK,West Ham,39,1985,12.9,3,0.23,2,1,0,0,0,0,0,0,0,0,0,0,0,0,Matches
Rk,Player,Nation,Pos,Squad,Age,Born,90s,SCA,SCA90,PassLive,PassDead,TO,Sh,Fld,Def,GCA,GCA90,PassLive,PassDead,TO,Sh,Fld,Def,Matches
176,Wout Faes,be BEL,DF,Leicester City,26,1998,31.3,17,0.54,15,0,0,1,0,1,0,0,0,0,0,0,0,0,Matches
177,Abdul Fatawu Issahaku,gh GHA,FW,Leicester City,20,2004,6.4,17,2.64,10,0,2,1,4,0,3,0.47,2,0,0,1,0,0,Matches
178,João Félix,pt POR,"FW,MF",Chelsea,24,1999,4.1,18,4.38,12,0,2,3,1,0,3,0.73,1,0,1,0,1,0,Matches
179,Evan Ferguson,ie IRL,FW,West Ham,19,2004,1.7,4,2.31,2,0,1,1,0,0,0,0,0,0,0,0,0,0,Matches
180,Evan Ferguson,ie IRL,FW,Brighton,19,2004,2.7,4,1.47,3,0,1,0,0,0,0,0,0,0,0,0,0,0,Matches
181,Bruno Fernandes,pt POR,MF,Manchester Utd,29,1994,33.5,193,5.76,136,37,5,6,7,2,13,0.39,10,2,0,1,0,0,Matches
182,Mateus Fernandes,pt POR,MF,Southampton,20,2004,32.3,78,2.41,44,14,6,6,6,2,7,0.22,4,2,0,0,0,1,Matches
183,Enzo Fernández,ar ARG,MF,Chelsea,23,2001,32.7,147,4.49,116,16,2,4,4,5,16,0.49,13,2,0,1,0,0,Matches
184,Mark Flekken,nl NED,GK,Brentford,31,1993,36.4,10,0.27,6,4,0,0,0,0,2,0.05,0,2,0,0,0,0,Matches
185,Phil Foden,eng ENG,"MF,FW",Manchester City,24,2000,19.7,88,4.46,58,18,3,6,3,0,9,0.46,5,1,0,3,0,0,Matches
186,Wesley Fofana,fr FRA,DF,Chelsea,23,2000,13,15,1.15,12,1,1,1,0,0,0,0,0,0,0,0,0,0,Matches
187,Carlos Forbs,pt POR,"MF,FW",Wolves,20,2004,2.7,5,1.89,3,0,2,0,0,0,1,0.38,1,0,0,0,0,0,Matches
188,Fraser Forster,eng ENG,GK,Tottenham,36,1988,7,0,0,0,0,0,0,0,0,0,0,0,0,0,0,0,0,Matches
189,Matheus França,br BRA,"MF,FW",Crystal Palace,20,2004,0.6,3,4.91,2,0,0,1,0,0,0,0,0,0,0,0,0,0,Matches
190,Ryan Fraser,sct SCO,"FW,DF",Southampton,30,1994,3.4,5,1.47,5,0,0,0,0,0,0,0,0,0,0,0,0,0,Matches
191,Tyler Fredricson,eng ENG,DF,Manchester Utd,19,2005,1.8,3,1.63,3,0,0,0,0,0,0,0,0,0,0,0,0,0,Matches
192,Niclas Füllkrug,de GER,FW,West Ham,31,1993,8.8,22,2.5,20,0,0,2,0,0,2,0.23,1,0,0,1,0,0,Matches
193,Cody Gakpo,nl NED,FW,Liverpool,25,1999,21.5,80,3.72,57,0,9,7,5,2,8,0.37,3,0,3,1,1,0,Matches
194,Idrissa Gana Gueye,sn SEN,MF,Everton,34,1989,34,60,1.76,52,0,1,2,3,2,4,0.12,4,0,0,0,0,0,Matches
195,Andrés García,es ESP,"DF,MF",Aston Villa,21,2003,3.5,3,0.85,3,0,0,0,0,0,0,0,0,0,0,0,0,0,Matches
196,Alejandro Garnacho,ar ARG,"MF,FW",Manchester Utd,20,2004,24.4,83,3.4,64,1,3,9,6,0,6,0.25,4,0,0,1,1,0,Matches
197,James Garner,eng ENG,"MF,DF",Everton,23,2001,17.7,39,2.2,27,11,0,0,0,1,5,0.28,4,1,0,0,0,0,Matches
198,Tyrique George,eng ENG,FW,Chelsea,18,2006,2,7,3.44,6,0,1,0,0,0,1,0.49,1,0,0,0,0,0,Matches
199,Morgan Gibbs-White,eng ENG,MF,Nott'ham Forest,24,2000,31.1,115,3.69,94,0,3,8,5,5,19,0.61,13,0,0,4,1,1,Matches
200,Billy Gilmour,sct SCO,MF,Brighton,23,2001,1.1,3,2.76,3,0,0,0,0,0,0,0,0,0,0,0,0,0,Matches
Rk,Player,Nation,Pos,Squad,Age,Born,90s,SCA,SCA90,PassLive,PassDead,TO,Sh,Fld,Def,GCA,GCA90,PassLive,PassDead,TO,Sh,Fld,Def,Matches
201,Ben Godfrey,eng ENG,DF,Ipswich Town,26,1998,1.8,1,0.57,1,0,0,0,0,0,0,0,0,0,0,0,0,0,Matches
202,Martial Godo,eng ENG,"FW,DF",Fulham,21,2003,0.3,1,3.91,1,0,0,0,0,0,0,0,0,0,0,0,0,0,Matches
203,Michael Golding,eng ENG,MF,Leicester City,18,2006,0,0,0,0,0,0,0,0,0,0,0,0,0,0,0,0,0,Matches
204,João Gomes,br BRA,MF,Wolves,23,2001,33,67,2.03,53,1,5,2,2,4,4,0.12,4,0,0,0,0,0,Matches
205,Rodrigo Gomes,pt POR,"DF,FW",Wolves,21,2003,9,22,2.45,18,1,2,1,0,0,1,0.11,0,1,0,0,0,0,Matches
206,Toti Gomes,pt POR,DF,Wolves,25,1999,29,21,0.72,20,0,0,1,0,0,1,0.03,1,0,0,0,0,0,Matches
207,Diego Gómez,py PAR,MF,Brighton,21,2003,5.7,19,3.32,14,3,0,1,1,0,4,0.7,2,1,0,0,1,0,Matches
208,Joe Gomez,eng ENG,DF,Liverpool,27,1997,5.8,5,0.87,5,0,0,0,0,0,1,0.17,1,0,0,0,0,0,Matches
209,Nicolás González,es ESP,MF,Manchester City,22,2002,8.4,15,1.77,13,0,0,1,1,0,3,0.35,2,0,0,0,1,0,Matches
210,Anthony Gordon,eng ENG,"FW,MF",Newcastle Utd,23,2001,27,101,3.74,73,10,7,3,8,0,12,0.44,9,1,1,0,1,0,Matches
211,Ryan Gravenberch,nl NED,MF,Liverpool,22,2002,35.1,68,1.94,60,0,5,2,0,1,6,0.17,6,0,0,0,0,0,Matches
212,Archie Gray,eng ENG,"DF,MF",Tottenham,18,2006,19.5,6,0.31,5,1,0,0,0,0,0,0,0,0,0,0,0,0,Matches
213,Jack Grealish,eng ENG,"FW,MF",Manchester City,28,1995,8,47,5.86,41,1,3,0,1,1,2,0.25,1,0,0,0,0,1,Matches
214,Jacob Greaves,eng ENG,DF,Ipswich Town,23,2000,24.5,20,0.82,16,1,0,1,1,1,1,0.04,1,0,0,0,0,0,Matches
215,Brajan Gruda,de GER,"MF,FW",Brighton,20,2004,7.6,39,5.1,29,6,3,0,1,0,6,0.78,4,2,0,0,0,0,Matches
216,Albert Grønbaek,dk DEN,"FW,MF",Southampton,23,2001,1.6,2,1.26,1,0,0,1,0,0,0,0,0,0,0,0,0,0,Matches
217,Gonçalo Guedes,pt POR,"MF,FW",Wolves,27,1996,11.1,30,2.71,27,0,2,0,1,0,8,0.72,7,0,1,0,0,0,Matches
218,Marc Guéhi,eng ENG,DF,Crystal Palace,24,2000,34,44,1.29,36,0,0,4,2,2,5,0.15,4,0,0,0,0,1,Matches
219,Luis Guilherme,br BRA,"MF,FW",West Ham,18,2006,1.7,10,6,6,1,1,1,1,0,0,0,0,0,0,0,0,0,Matches
220,Bruno Guimarães,br BRA,MF,Newcastle Utd,26,1997,36.3,133,3.66,119,3,3,1,4,3,18,0.5,17,1,0,0,0,0,Matches
221,Marc Guiu,es ESP,FW,Chelsea,18,2006,0.8,1,1.22,1,0,0,0,0,0,0,0,0,0,0,0,0,0,Matches
222,İlkay Gündoğan,de GER,MF,Manchester City,33,1990,24.7,88,3.56,67,11,5,4,1,0,13,0.53,10,1,0,1,1,0,Matches
223,Malo Gusto,fr FRA,DF,Chelsea,21,2003,20.7,58,2.8,57,0,0,1,0,0,4,0.19,4,0,0,0,0,0,Matches
224,Joško Gvardiol,hr CRO,DF,Manchester City,22,2002,36.4,76,2.09,69,1,2,3,1,0,7,0.19,6,0,1,0,0,0,Matches
225,Erling Haaland,no NOR,FW,Manchester City,24,2000,30.4,71,2.34,51,0,8,10,2,0,9,0.3,6,0,2,1,0,0,Matches
Rk,Player,Nation,Pos,Squad,Age,Born,90s,SCA,SCA90,PassLive,PassDead,TO,Sh,Fld,Def,GCA,GCA90,PassLive,PassDead,TO,Sh,Fld,Def,Matches
226,Lewis Hall,eng ENG,DF,Newcastle Utd,19,2004,24.3,63,2.59,44,18,0,0,1,0,6,0.25,5,1,0,0,0,0,Matches
227,Ali Al Hamadi,iq IRQ,FW,Ipswich Town,22,2002,1.5,8,5.37,4,0,3,0,1,0,0,0,0,0,0,0,0,0,Matches
228,Marcus Harness,eng ENG,MF,Ipswich Town,28,1996,0.5,2,4,2,0,0,0,0,0,0,0,0,0,0,0,0,0,Matches
229,Jack Harrison,eng ENG,FW,Everton,27,1996,23.1,57,2.47,38,9,4,2,4,0,4,0.17,1,0,0,1,2,0,Matches
230,Taylor Harwood-Bellis,eng ENG,DF,Southampton,22,2002,31.4,37,1.18,32,0,0,3,1,1,2,0.06,1,0,0,1,0,0,Matches
231,Kai Havertz,de GER,"FW,MF",Arsenal,25,1999,20.8,42,2.02,35,0,1,6,0,0,3,0.14,2,0,0,1,0,0,Matches
232,Ayden Heaven,eng ENG,DF,Manchester Utd,17,2006,1.9,4,2.12,0,0,1,2,1,0,0,0,0,0,0,0,0,0,Matches
233,Jan Paul van Hecke,nl NED,DF,Brighton,24,2000,32.9,52,1.58,46,2,0,3,1,0,3,0.09,3,0,0,0,0,0,Matches
234,Hwang Hee-chan,kr KOR,"MF,FW",Wolves,28,1996,7.3,9,1.22,8,0,0,1,0,0,1,0.14,1,0,0,0,0,0,Matches
235,Dean Henderson,eng ENG,GK,Crystal Palace,27,1997,38,4,0.11,3,1,0,0,0,0,0,0,0,0,0,0,0,0,Matches
236,Rico Henry,eng ENG,DF,Brentford,27,1997,1.1,2,1.84,2,0,0,0,0,0,1,0.92,1,0,0,0,0,0,Matches
237,Mads Hermansen,dk DEN,GK,Leicester City,24,2000,26.5,3,0.11,3,0,0,0,0,0,0,0,0,0,0,0,0,0,Matches
238,Son Heung-min,kr KOR,FW,Tottenham,32,1992,23.4,117,4.99,87,8,10,7,5,0,15,0.64,13,0,0,1,1,0,Matches
239,James Hill,eng ENG,DF,Bournemouth,22,2002,5,8,1.61,5,2,0,0,0,1,1,0.2,1,0,0,0,0,0,Matches
240,Jack Hinshelwood,eng ENG,"MF,DF",Brighton,19,2005,20.5,35,1.71,28,4,0,2,1,0,3,0.15,3,0,0,0,0,0,Matches
241,George Hirst,sct SCO,FW,Ipswich Town,25,1999,7.3,9,1.22,7,0,0,1,1,0,3,0.41,2,0,0,1,0,0,Matches
242,Mason Holgate,jm JAM,"FW,DF",Everton,27,1996,0.1,0,0,0,0,0,0,0,0,0,0,0,0,0,0,0,0,Matches
243,Harry Howell,eng ENG,FW,Brighton,15,2008,0.1,0,0,0,0,0,0,0,0,0,0,0,0,0,0,0,0,Matches
244,Callum Hudson-Odoi,eng ENG,"FW,MF",Nott'ham Forest,23,2000,24.4,94,3.86,74,3,10,3,4,0,11,0.45,7,0,2,0,2,0,Matches
245,Will Hughes,eng ENG,MF,Crystal Palace,29,1995,23.4,67,2.86,42,17,1,2,5,0,6,0.26,2,3,0,1,0,0,Matches
246,Dean Huijsen,es ESP,DF,Bournemouth,19,2005,27,43,1.59,40,1,0,1,1,0,3,0.11,3,0,0,0,0,0,Matches
247,Omari Hutchinson,eng ENG,"MF,FW",Ipswich Town,20,2003,28.7,81,2.82,59,0,9,6,5,2,6,0.21,6,0,0,0,0,0,Matches
248,Rasmus Højlund,dk DEN,FW,Manchester Utd,21,2003,22.3,34,1.53,22,0,3,5,4,0,1,0.04,0,0,0,0,1,0,Matches
249,Igor,br BRA,DF,Brighton,26,1998,10.7,14,1.31,12,0,1,0,1,0,0,0,0,0,0,0,0,0,Matches
250,Danny Ings,eng ENG,"FW,MF",West Ham,32,1992,3.2,12,3.8,7,0,1,3,1,0,2,0.63,0,0,0,1,1,0,Matches
Rk,Player,Nation,Pos,Squad,Age,Born,90s,SCA,SCA90,PassLive,PassDead,TO,Sh,Fld,Def,GCA,GCA90,PassLive,PassDead,TO,Sh,Fld,Def,Matches
251,Tim Iroegbunam,eng ENG,MF,Everton,21,2003,6.4,10,1.57,6,0,1,0,1,2,1,0.16,1,0,0,0,0,0,Matches
252,Andy Irving,sct SCO,MF,West Ham,24,2000,1.8,5,2.68,4,0,1,0,0,0,0,0,0,0,0,0,0,0,Matches
253,Alexander Isak,se SWE,FW,Newcastle Utd,24,1999,30.6,92,3.01,70,1,8,9,2,2,14,0.46,11,0,1,0,1,1,Matches
254,Alex Iwobi,ng NGA,"FW,MF",Fulham,28,1996,33.1,122,3.68,106,0,8,6,2,0,16,0.48,13,0,2,1,0,0,Matches
255,Nicolas Jackson,sn SEN,FW,Chelsea,23,2001,24.7,69,2.8,42,0,9,7,9,2,10,0.41,7,0,2,1,0,0,Matches
256,Reece James,eng ENG,"DF,MF",Chelsea,24,1999,11.8,18,1.52,11,5,1,1,0,0,3,0.25,1,0,1,1,0,0,Matches
257,Vitaly Janelt,de GER,MF,Brentford,26,1998,25,32,1.28,31,1,0,0,0,0,3,0.12,3,0,0,0,0,0,Matches
258,Vitezslav Jaros,cz CZE,GK,Liverpool,23,2001,0.1,0,0,0,0,0,0,0,0,0,0,0,0,0,0,0,0,Matches
259,Daniel Jebbison,ca CAN,FW,Bournemouth,20,2003,1.3,6,4.54,4,0,1,0,1,0,0,0,0,0,0,0,0,0,Matches
260,Mathias Jensen,dk DEN,MF,Brentford,28,1996,9.6,41,4.28,29,11,1,0,0,0,5,0.52,2,2,1,0,0,0,Matches
261,Gabriel Jesus,br BRA,FW,Arsenal,27,1997,6.8,18,2.66,10,0,1,5,1,1,4,0.59,1,0,0,3,0,0,Matches
262,Raúl Jiménez,mx MEX,FW,Fulham,33,1991,27.7,66,2.38,48,1,2,9,5,1,7,0.25,4,0,0,1,1,1,Matches
263,Kim Jisoo,kr KOR,DF,Brentford,19,2004,0.3,0,0,0,0,0,0,0,0,0,0,0,0,0,0,0,0,Matches
264,João Pedro,br BRA,"FW,MF",Brighton,22,2001,21.6,72,3.32,56,0,3,2,10,1,9,0.42,6,0,0,0,3,0,Matches
265,Joelinton,br BRA,"MF,FW",Newcastle Utd,27,1996,26.6,61,2.29,46,2,1,5,1,6,9,0.34,7,0,0,1,0,1,Matches
266,Ben Johnson,eng ENG,"DF,FW",Ipswich Town,24,2000,15,24,1.6,12,9,0,1,2,0,5,0.33,4,0,0,1,0,0,Matches
267,Brennan Johnson,wls WAL,FW,Tottenham,23,2001,24.2,46,1.9,30,0,6,4,5,1,7,0.29,5,0,1,0,1,0,Matches
268,Sam Johnstone,eng ENG,GK,Wolves,31,1993,7,2,0.29,2,0,0,0,0,0,0,0,0,0,0,0,0,0,Matches
269,Curtis Jones,eng ENG,"MF,DF",Liverpool,23,2001,19,52,2.74,45,1,0,4,2,0,8,0.42,5,1,0,1,1,0,Matches
270,Jorginho,it ITA,MF,Arsenal,32,1991,7.8,12,1.54,10,0,0,0,2,0,0,0,0,0,0,0,0,0,Matches
271,Diogo Jota,pt POR,FW,Liverpool,27,1996,13.3,37,2.79,24,0,6,5,1,1,9,0.68,5,0,2,1,1,0,Matches
272,James Justin,eng ENG,DF,Leicester City,26,1998,32.4,33,1.02,21,2,1,4,5,0,2,0.06,2,0,0,0,0,0,Matches
273,Filip Jørgensen,dk DEN,GK,Chelsea,22,2002,6,1,0.17,1,0,0,0,0,0,0,0,0,0,0,0,0,0,Matches
274,Ferdi Kadioglu,tr TUR,"DF,MF",Brighton,24,1999,4.3,13,3.03,11,0,0,0,1,1,2,0.47,2,0,0,0,0,0,Matches
275,Daichi Kamada,jp JPN,MF,Crystal Palace,27,1996,17.4,52,2.99,37,6,1,3,2,3,3,0.17,2,1,0,0,0,0,Matches
Rk,Player,Nation,Pos,Squad,Age,Born,90s,SCA,SCA90,PassLive,PassDead,TO,Sh,Fld,Def,GCA,GCA90,PassLive,PassDead,TO,Sh,Fld,Def,Matches
276,Boubacar Kamara,fr FRA,MF,Aston Villa,24,1999,19.2,27,1.41,20,1,1,2,1,2,2,0.1,2,0,0,0,0,0,Matches
277,Joachim Kayi Sanda,fr FRA,DF,Southampton,17,2006,0.2,0,0,0,0,0,0,0,0,0,0,0,0,0,0,0,0,Matches
278,Michael Kayode,it ITA,DF,Brentford,20,2004,5.9,19,3.24,9,7,1,1,1,0,3,0.51,3,0,0,0,0,0,Matches
279,Michael Keane,eng ENG,DF,Everton,31,1993,11.7,6,0.51,6,0,0,0,0,0,0,0,0,0,0,0,0,0,Matches
280,Caoimhín Kelleher,ie IRL,GK,Liverpool,25,1998,10,3,0.3,3,0,0,0,0,0,1,0.1,1,0,0,0,0,0,Matches
281,Lloyd Kelly,eng ENG,DF,Newcastle Utd,25,1998,3.4,2,0.59,2,0,0,0,0,0,1,0.3,1,0,0,0,0,0,Matches
282,Milos Kerkez,hu HUN,DF,Bournemouth,20,2003,37.1,83,2.24,67,4,2,2,5,3,9,0.24,7,0,1,0,0,1,Matches
283,Bilal El Khannouss,ma MAR,"MF,FW",Leicester City,20,2004,24.2,78,3.22,54,9,8,4,3,0,7,0.29,5,1,0,1,0,0,Matches
284,Abdukodir Khusanov,uz UZB,DF,Manchester City,20,2004,5.6,5,0.89,5,0,0,0,0,0,0,0,0,0,0,0,0,0,Matches
285,Max Kilman,eng ENG,DF,West Ham,27,1997,37.2,32,0.86,28,0,2,0,0,2,5,0.13,3,0,1,0,0,1,Matches
286,Joshua King,eng ENG,MF,Fulham,17,2007,1.4,8,5.54,6,0,1,1,0,0,2,1.38,2,0,0,0,0,0,Matches
287,Tom King,wls WAL,GK,Wolves,29,1995,0,0,0,0,0,0,0,0,0,0,0,0,0,0,0,0,0,Matches
288,Antonín Kinský,cz CZE,GK,Tottenham,21,2003,6,1,0.17,1,0,0,0,0,0,0,0,0,0,0,0,0,0,Matches
289,Jakub Kiwior,pl POL,DF,Arsenal,24,2000,12.5,8,0.64,7,0,1,0,0,0,0,0,0,0,0,0,0,0,Matches
290,Justin Kluivert,nl NED,MF,Bournemouth,25,1999,26,101,3.88,73,8,7,7,5,1,12,0.46,11,0,0,0,1,0,Matches
291,Ibrahima Konaté,fr FRA,DF,Liverpool,25,1999,28.4,31,1.09,26,0,0,4,0,1,7,0.25,6,0,0,0,0,1,Matches
292,Ezri Konsa,eng ENG,DF,Aston Villa,26,1997,32.6,24,0.74,19,2,1,2,0,0,3,0.09,3,0,0,0,0,0,Matches
293,Mateo Kovačić,hr CRO,MF,Manchester City,30,1994,24.4,73,2.99,59,0,4,5,4,1,8,0.33,6,0,1,1,0,0,Matches
294,Caleb Kporha,eng ENG,DF,Crystal Palace,18,2006,0.1,0,0,0,0,0,0,0,0,0,0,0,0,0,0,0,0,Matches
295,Emil Krafth,se SWE,DF,Newcastle Utd,29,1994,3.8,3,0.79,2,0,0,1,0,0,0,0,0,0,0,0,0,0,Matches
296,Mohammed Kudus,gh GHA,"FW,MF",West Ham,23,2000,28.8,107,3.72,74,1,16,12,2,2,10,0.35,6,0,1,3,0,0,Matches
297,Dejan Kulusevski,se SWE,"MF,FW",Tottenham,24,2000,26.5,128,4.82,95,12,15,3,3,0,9,0.34,7,1,1,0,0,0,Matches
298,Maxence Lacroix,fr FRA,DF,Crystal Palace,24,2000,34.6,28,0.81,23,1,0,4,0,0,4,0.12,2,1,0,1,0,0,Matches
299,Adam Lallana,eng ENG,MF,Southampton,36,1988,4,9,2.24,8,0,0,0,1,0,2,0.5,2,0,0,0,0,0,Matches
300,Tariq Lamptey,gh GHA,DF,Brighton,23,2000,9.6,17,1.78,14,1,0,0,1,1,3,0.31,2,0,0,0,0,1,Matches
Rk,Player,Nation,Pos,Squad,Age,Born,90s,SCA,SCA90,PassLive,PassDead,TO,Sh,Fld,Def,GCA,GCA90,PassLive,PassDead,TO,Sh,Fld,Def,Matches
301,Will Lankshear,eng ENG,"FW,MF",Tottenham,19,2005,0.1,0,0,0,0,0,0,0,0,0,0,0,0,0,0,0,0,Matches
302,Roméo Lavia,be BEL,MF,Chelsea,20,2004,8.9,14,1.58,13,0,0,0,0,1,2,0.23,2,0,0,0,0,0,Matches
303,Mario Lemina,ga GAB,"MF,DF",Wolves,30,1993,15.2,26,1.71,21,0,2,2,0,1,5,0.33,5,0,0,0,0,0,Matches
304,Bernd Leno,de GER,GK,Fulham,32,1992,38,6,0.16,6,0,0,0,0,0,2,0.05,2,0,0,0,0,0,Matches
305,Jefferson Lerma,co COL,"MF,DF",Crystal Palace,29,1994,25.3,47,1.86,37,5,1,3,0,1,3,0.12,3,0,0,0,0,0,Matches
306,Rico Lewis,eng ENG,"DF,MF",Manchester City,19,2004,21,31,1.47,30,0,0,0,1,0,3,0.14,3,0,0,0,0,0,Matches
307,Keane Lewis-Potter,eng ENG,"DF,FW",Brentford,23,2001,34.4,71,2.07,56,0,5,3,6,1,8,0.23,6,0,0,0,2,0,Matches
308,Myles Lewis-Skelly,eng ENG,DF,Arsenal,17,2006,15.2,29,1.91,21,0,1,1,6,0,0,0,0,0,0,0,0,0,Matches
309,Matthijs de Ligt,nl NED,DF,Manchester Utd,24,1999,23.6,14,0.59,12,0,0,2,0,0,1,0.04,1,0,0,0,0,0,Matches
310,Pedro Lima,br BRA,DF,Wolves,18,2006,0.8,4,5.14,2,0,0,0,0,2,0,0,0,0,0,0,0,0,Matches
311,Victor Lindelöf,se SWE,DF,Manchester Utd,30,1994,7.8,4,0.51,4,0,0,0,0,0,0,0,0,0,0,0,0,0,Matches
312,Jesper Lindstrøm,dk DEN,FW,Everton,24,2000,13.8,46,3.35,30,7,2,3,3,1,1,0.07,1,0,0,0,0,0,Matches
313,Valentino Livramento,eng ENG,DF,Newcastle Utd,21,2002,31.6,45,1.43,43,0,0,1,1,0,2,0.06,2,0,0,0,0,0,Matches
314,Sean Longstaff,eng ENG,MF,Newcastle Utd,26,1997,8.9,14,1.58,12,0,1,1,0,0,2,0.23,1,0,0,1,0,0,Matches
315,Saša Lukić,rs SRB,MF,Fulham,27,1996,26,55,2.11,36,12,0,5,1,1,4,0.15,3,0,0,1,0,0,Matches
316,Joe Lumley,eng ENG,GK,Southampton,29,1995,3,0,0,0,0,0,0,0,0,0,0,0,0,0,0,0,0,Matches
317,Massimo Luongo,au AUS,MF,Ipswich Town,31,1992,2.2,0,0,0,0,0,0,0,0,0,0,0,0,0,0,0,0,Matches
318,Ian Maatsen,nl NED,DF,Aston Villa,22,2002,12.7,52,4.11,38,3,5,5,0,1,7,0.55,6,0,1,0,0,0,Matches
319,Alexis Mac Allister,ar ARG,MF,Liverpool,25,1998,28.9,120,4.15,83,24,2,6,2,3,15,0.52,10,3,0,2,0,0,Matches
320,James Maddison,eng ENG,MF,Tottenham,27,1996,20.1,95,4.73,66,13,7,3,6,0,18,0.9,12,2,3,1,0,0,Matches
321,Noni Madueke,eng ENG,FW,Chelsea,22,2002,22.6,79,3.5,57,0,10,7,4,1,8,0.35,5,0,0,1,1,1,Matches
322,Gabriel Magalhães,br BRA,DF,Arsenal,26,1997,26.3,35,1.33,31,0,0,3,1,0,6,0.23,4,0,0,1,1,0,Matches
323,Edmond-Paris Maghoma,eng ENG,"MF,FW",Brentford,23,2001,1.3,4,3.03,4,0,0,0,0,0,1,0.76,1,0,0,0,0,0,Matches
324,Harry Maguire,eng ENG,DF,Manchester Utd,31,1993,19.5,20,1.02,14,1,0,5,0,0,0,0,0,0,0,0,0,0,Matches
325,Kobbie Mainoo,eng ENG,MF,Manchester Utd,19,2005,18.3,34,1.85,29,0,4,0,1,0,3,0.16,3,0,0,0,0,0,Matches
Rk,Player,Nation,Pos,Squad,Age,Born,90s,SCA,SCA90,PassLive,PassDead,TO,Sh,Fld,Def,GCA,GCA90,PassLive,PassDead,TO,Sh,Fld,Def,Matches
326,Tyrell Malacia,nl NED,DF,Manchester Utd,24,1999,1.1,2,1.8,1,0,0,0,1,0,0,0,0,0,0,0,0,0,Matches
327,Donyell Malen,nl NED,FW,Aston Villa,25,1999,3.4,6,1.76,5,0,1,0,0,0,0,0,0,0,0,0,0,0,Matches
328,Mateus Mane,,MF,Wolves,,,0,0,0,0,0,0,0,0,0,0,0,0,0,0,0,0,0,Matches
329,Orel Mangala,be BEL,MF,Everton,26,1998,14,24,1.72,17,1,2,3,1,0,1,0.07,0,0,0,0,1,0,Matches
330,Ryan Manning,ie IRL,"DF,MF",Southampton,28,1996,16.2,50,3.08,25,22,0,1,1,1,3,0.18,0,2,0,0,1,0,Matches
331,Solly March,eng ENG,"FW,MF",Brighton,30,1994,1.9,7,3.77,6,1,0,0,0,0,2,1.08,2,0,0,0,0,0,Matches
332,Omar Marmoush,eg EGY,"FW,MF",Manchester City,25,1999,13.1,39,2.99,22,3,2,5,7,0,2,0.15,1,0,0,0,1,0,Matches
333,Gabriel Martinelli,br BRA,"FW,MF",Arsenal,23,2001,25.4,74,2.91,55,1,8,7,3,0,7,0.27,4,0,1,1,1,0,Matches
334,Emiliano Martínez,ar ARG,GK,Aston Villa,31,1992,35.5,6,0.17,5,1,0,0,0,0,1,0.03,1,0,0,0,0,0,Matches
335,Lisandro Martínez,ar ARG,DF,Manchester Utd,26,1998,19.5,26,1.34,23,0,0,2,0,1,2,0.1,2,0,0,0,0,0,Matches
336,Pape Matar Sarr,sn SEN,MF,Tottenham,21,2002,21.3,45,2.12,35,2,2,4,0,2,7,0.33,5,0,1,1,0,0,Matches
337,Jean-Philippe Mateta,fr FRA,FW,Crystal Palace,27,1997,29.4,65,2.21,44,0,5,11,5,0,10,0.34,5,0,3,2,0,0,Matches
338,Stephy Mavididi,eng ENG,FW,Leicester City,26,1998,17.9,50,2.78,39,2,4,2,2,1,7,0.39,6,0,1,0,0,0,Matches
339,Konstantinos Mavropanos,gr GRE,DF,West Ham,26,1997,22.7,16,0.7,12,0,1,2,0,1,0,0,0,0,0,0,0,0,Matches
340,Noussair Mazraoui,ma MAR,DF,Manchester Utd,26,1997,31.5,56,1.78,46,2,1,2,3,2,1,0.03,1,0,0,0,0,0,Matches
341,Bryan Mbeumo,cm CMR,FW,Brentford,24,1999,37.9,144,3.8,98,23,11,8,4,0,20,0.53,11,3,2,3,1,0,Matches
342,James Mcatee,eng ENG,"MF,FW",Manchester City,21,2002,3.9,4,1.03,3,0,1,0,0,0,1,0.26,0,0,1,0,0,0,Matches
343,Kasey McAteer,ie IRL,FW,Leicester City,22,2001,9.5,20,2.11,18,0,0,0,2,0,2,0.21,1,0,0,0,1,0,Matches
344,Alex McCarthy,eng ENG,GK,Southampton,34,1989,5,0,0,0,0,0,0,0,0,0,0,0,0,0,0,0,0,Matches
345,John McGinn,sct SCO,"MF,FW",Aston Villa,29,1994,24.7,76,3.08,56,9,1,4,5,1,8,0.32,6,2,0,0,0,0,Matches
346,Dwight McNeil,eng ENG,"MF,FW",Everton,24,1999,15.2,72,4.73,39,22,6,2,2,1,10,0.66,5,2,2,0,0,1,Matches
347,Scott McTominay,sct SCO,MF,Manchester Utd,27,1996,0.2,1,4.74,0,0,0,1,0,0,0,0,0,0,0,0,0,0,Matches
348,Ben Mee,eng ENG,DF,Brentford,34,1989,2,0,0,0,0,0,0,0,0,0,0,0,0,0,0,0,0,Matches
349,Jayden Meghoma,eng ENG,DF,Brentford,18,2006,0.1,0,0,0,0,0,0,0,0,0,0,0,0,0,0,0,0,Matches
350,Mikel Merino,es ESP,"MF,FW",Arsenal,28,1996,17.6,43,2.44,35,0,0,6,2,0,4,0.23,3,0,0,1,0,0,Matches
Rk,Player,Nation,Pos,Squad,Age,Born,90s,SCA,SCA90,PassLive,PassDead,TO,Sh,Fld,Def,GCA,GCA90,PassLive,PassDead,TO,Sh,Fld,Def,Matches
351,Shumaira Mheuka,eng ENG,MF,Chelsea,16,2007,0,0,0,0,0,0,0,0,0,0,0,0,0,0,0,0,0,Matches
352,Nikola Milenković,rs SRB,DF,Nott'ham Forest,26,1997,37,21,0.57,16,0,0,4,0,1,3,0.08,3,0,0,0,0,0,Matches
353,Lewis Miley,eng ENG,MF,Newcastle Utd,18,2006,3.5,4,1.15,3,0,0,0,0,1,0,0,0,0,0,0,0,0,Matches
354,James Milner,eng ENG,MF,Brighton,38,1986,1.9,8,4.24,5,2,0,0,1,0,0,0,0,0,0,0,0,0,Matches
355,Tyrone Mings,eng ENG,DF,Aston Villa,31,1993,12.4,18,1.45,15,0,0,1,1,1,2,0.16,1,0,0,1,0,0,Matches
356,Yankuba Minteh,gm GAM,"FW,MF",Brighton,20,2004,20.4,64,3.14,37,8,13,3,2,1,13,0.64,6,0,6,1,0,0,Matches
357,Tyrick Mitchell,eng ENG,DF,Crystal Palace,24,1999,34.4,72,2.1,65,1,0,3,2,1,7,0.2,6,0,0,0,1,0,Matches
358,Kaoru Mitoma,jp JPN,"FW,MF",Brighton,27,1997,28.9,87,3.01,73,0,6,3,4,1,10,0.35,9,0,0,0,1,0,Matches
359,Jakub Moder,pl POL,MF,Brighton,25,1999,0.1,4,32.73,4,0,0,0,0,0,0,0,0,0,0,0,0,0,Matches
360,Jeremy Monga,,"FW,MF",Leicester City,,,1.2,2,1.61,2,0,0,0,0,0,0,0,0,0,0,0,0,0,Matches
361,Mikey Moore,eng ENG,FW,Tottenham,16,2007,4.1,12,2.95,7,2,0,1,2,0,2,0.49,1,0,0,1,0,0,Matches
362,Morato,br BRA,DF,Nott'ham Forest,23,2001,10.1,3,0.3,3,0,0,0,0,0,0,0,0,0,0,0,0,0,Matches
363,Álex Moreno,es ESP,"DF,MF",Nott'ham Forest,31,1993,10.6,16,1.51,15,1,0,0,0,0,2,0.19,2,0,0,0,0,0,Matches
364,Sam Morsy,eg EGY,MF,Ipswich Town,32,1991,30.6,51,1.67,46,4,0,0,1,0,2,0.07,2,0,0,0,0,0,Matches
365,Yerson Mosquera,co COL,DF,Wolves,23,2001,4.9,5,1.02,5,0,0,0,0,0,0,0,0,0,0,0,0,0,Matches
366,Mason Mount,eng ENG,MF,Manchester Utd,25,1999,6.9,22,3.18,15,3,0,3,1,0,0,0,0,0,0,0,0,0,Matches
367,Divin Mubama,eng ENG,FW,Manchester City,19,2004,0.3,0,0,0,0,0,0,0,0,0,0,0,0,0,0,0,0,Matches
368,Mykhailo Mudryk,ua UKR,FW,Chelsea,23,2001,1.7,6,3.6,4,1,0,0,1,0,0,0,0,0,0,0,0,0,Matches
369,Marshall Munetsi,zw ZIM,"MF,FW",Wolves,28,1996,12,21,1.75,16,0,0,2,2,1,1,0.08,1,0,0,0,0,0,Matches
370,Rodrigo Muniz,br BRA,FW,Fulham,23,2001,10.7,17,1.59,10,0,2,2,2,1,2,0.19,1,0,1,0,0,0,Matches
371,Daniel Muñoz,co COL,DF,Crystal Palace,28,1996,35.9,85,2.37,69,2,2,6,1,5,11,0.31,9,0,1,1,0,0,Matches
372,Arijanet Muric,xk KVX,GK,Ipswich Town,25,1998,18,1,0.06,0,1,0,0,0,0,0,0,0,0,0,0,0,0,Matches
373,Murillo,br BRA,DF,Nott'ham Forest,22,2002,35.4,44,1.24,30,7,0,4,1,2,2,0.06,1,1,0,0,0,0,Matches
374,Jacob Murphy,eng ENG,FW,Newcastle Utd,29,1995,26.2,82,3.13,65,5,4,3,3,2,15,0.57,14,0,0,0,1,0,Matches
375,Vitaliy Mykolenko,ua UKR,DF,Everton,25,1999,34.2,43,1.26,40,0,1,2,0,0,4,0.12,3,0,0,1,0,0,Matches
Rk,Player,Nation,Pos,Squad,Age,Born,90s,SCA,SCA90,PassLive,PassDead,TO,Sh,Fld,Def,GCA,GCA90,PassLive,PassDead,TO,Sh,Fld,Def,Matches
376,Iliman Ndiaye,sn SEN,FW,Everton,24,2000,27,65,2.41,49,0,9,1,6,0,8,0.3,5,0,2,0,1,0,Matches
377,Wilfred Ndidi,ng NGA,MF,Leicester City,27,1996,25.8,31,1.2,29,0,1,1,0,0,4,0.15,4,0,0,0,0,0,Matches
378,Kosta Nedeljković,rs SRB,DF,Aston Villa,18,2005,1.4,0,0,0,0,0,0,0,0,0,0,0,0,0,0,0,0,Matches
379,Reiss Nelson,eng ENG,FW,Arsenal,24,1999,0,0,0,0,0,0,0,0,0,0,0,0,0,0,0,0,0,Matches
380,Reiss Nelson,eng ENG,FW,Fulham,24,1999,5.4,31,5.73,21,2,3,4,0,1,1,0.18,1,0,0,0,0,0,Matches
381,Neto,br BRA,GK,Bournemouth,35,1989,2,0,0,0,0,0,0,0,0,0,0,0,0,0,0,0,0,Matches
382,Pedro Neto,pt POR,FW,Chelsea,24,2000,25.2,90,3.57,64,9,6,7,4,0,9,0.36,5,1,2,1,0,0,Matches
383,Eddie Nketiah,eng ENG,"FW,MF",Crystal Palace,25,1999,11.5,31,2.69,20,0,3,3,5,0,3,0.26,2,0,0,0,1,0,Matches
384,Christopher Nkunku,fr FRA,FW,Chelsea,26,1997,10.2,34,3.32,21,0,5,5,1,2,4,0.39,1,0,1,1,1,0,Matches
385,Gustavo Nunes,br BRA,"FW,MF",Brentford,18,2005,0.1,0,0,0,0,0,0,0,0,0,0,0,0,0,0,0,0,Matches
386,Matheus Nunes,pt POR,"DF,MF",Manchester City,25,1998,18.6,46,2.47,35,2,3,3,3,0,8,0.43,5,0,1,2,0,0,Matches
387,Darwin Núñez,uy URU,FW,Liverpool,25,1999,12.6,31,2.46,21,0,4,1,2,3,4,0.32,3,0,0,0,1,0,Matches
388,Ethan Nwaneri,eng ENG,"FW,MF",Arsenal,17,2007,9.9,29,2.91,15,6,5,2,1,0,3,0.3,3,0,0,0,0,0,Matches
389,Christian Nørgaard,dk DEN,MF,Brentford,30,1994,31.3,58,1.85,48,0,0,7,2,1,13,0.42,11,0,0,1,1,0,Matches
390,Jake O'Brien,ie IRL,DF,Everton,23,2001,17.5,16,0.92,14,0,2,0,0,0,0,0,0,0,0,0,0,0,Matches
391,Matt O'Riley,dk DEN,MF,Brighton,23,2000,10.4,40,3.84,23,11,1,2,1,2,5,0.48,4,0,0,0,1,0,Matches
392,Dara O'Shea,ie IRL,DF,Ipswich Town,25,1999,34.7,24,0.69,19,0,0,2,2,1,4,0.12,4,0,0,0,0,0,Matches
393,Chidozie Obi-Martin,dk DEN,FW,Manchester Utd,16,2007,1.8,2,1.09,0,0,1,1,0,0,0,0,0,0,0,0,0,0,Matches
394,Wilson Odobert,fr FRA,"FW,MF",Tottenham,19,2004,9.4,16,1.7,14,0,0,2,0,0,1,0.11,1,0,0,0,0,0,Matches
395,Chiedozie Ogbene,ie IRL,FW,Ipswich Town,27,1997,2.6,3,1.13,2,0,0,0,1,0,0,0,0,0,0,0,0,0,Matches
396,Caleb Okoli,it ITA,DF,Leicester City,23,2001,12.5,4,0.32,4,0,0,0,0,0,0,0,0,0,0,0,0,0,Matches
397,Robin Olsen,se SWE,GK,Aston Villa,34,1990,2.5,2,0.8,0,2,0,0,0,0,1,0.4,0,1,0,0,0,0,Matches
398,Amadou Onana,be BEL,MF,Aston Villa,22,2001,18,32,1.78,25,2,1,4,0,0,4,0.22,2,1,0,1,0,0,Matches
399,André Onana,cm CMR,GK,Manchester Utd,28,1996,34,4,0.12,3,1,0,0,0,0,0,0,0,0,0,0,0,0,Matches
400,Paul Onuachu,ng NGA,FW,Southampton,30,1994,11.7,9,0.77,8,0,0,1,0,0,1,0.09,1,0,0,0,0,0,Matches
Rk,Player,Nation,Pos,Squad,Age,Born,90s,SCA,SCA90,PassLive,PassDead,TO,Sh,Fld,Def,GCA,GCA90,PassLive,PassDead,TO,Sh,Fld,Def,Matches
401,Frank Onyeka,ng NGA,MF,Brentford,26,1998,0.3,0,0,0,0,0,0,0,0,0,0,0,0,0,0,0,0,Matches
402,Lewis Orford,eng ENG,MF,West Ham,18,2006,0.5,2,3.67,2,0,0,0,0,0,0,0,0,0,0,0,0,0,Matches
403,Stefan Ortega,de GER,GK,Manchester City,31,1992,12.2,0,0,0,0,0,0,0,0,0,0,0,0,0,0,0,0,Matches
404,William Osula,dk DEN,FW,Newcastle Utd,20,2003,1.5,4,2.69,3,0,0,0,0,1,0,0,0,0,0,0,0,0,Matches
405,Dango Ouattara,bf BFA,FW,Bournemouth,22,2002,22.3,72,3.23,57,0,3,10,1,1,6,0.27,4,0,1,1,0,0,Matches
406,Nico O’Reilly,eng ENG,DF,Manchester City,19,2005,5.9,12,2.05,9,1,1,0,1,0,2,0.34,2,0,0,0,0,0,Matches
407,Alex Palmer,eng ENG,GK,Ipswich Town,27,1996,13,3,0.23,3,0,0,0,0,0,0,0,0,0,0,0,0,0,Matches
408,Cole Palmer,eng ENG,"MF,FW",Chelsea,22,2002,35.5,202,5.7,134,21,16,21,8,2,15,0.42,11,0,2,1,1,0,Matches
409,Emerson Palmieri,it ITA,DF,West Ham,29,1994,23.5,41,1.75,25,11,0,2,2,1,2,0.09,1,1,0,0,0,0,Matches
410,Lucas Paquetá,br BRA,"MF,FW",West Ham,26,1997,26.4,82,3.1,68,2,2,4,5,1,6,0.23,3,0,0,2,1,0,Matches
411,Thomas Partey,gh GHA,"MF,DF",Arsenal,31,1993,31.1,62,2,52,2,1,2,1,4,13,0.42,8,2,0,1,1,1,Matches
412,Nathan Patterson,sct SCO,DF,Everton,22,2001,3.9,11,2.85,8,1,2,0,0,0,1,0.26,1,0,0,0,0,0,Matches
413,Andreas Pereira,br BRA,MF,Fulham,28,1996,22.4,104,4.65,54,41,0,4,4,1,8,0.36,4,2,0,0,2,0,Matches
414,Ricardo Pereira,pt POR,DF,Leicester City,30,1993,4.3,3,0.7,3,0,0,0,0,0,0,0,0,0,0,0,0,0,Matches
415,Kalvin Phillips,eng ENG,MF,Ipswich Town,28,1995,13.7,17,1.24,13,3,0,1,0,0,3,0.22,3,0,0,0,0,0,Matches
416,Jaden Philogene Bidace,eng ENG,"FW,MF",Aston Villa,22,2002,3.7,5,1.36,3,0,0,0,1,1,0,0,0,0,0,0,0,0,Matches
417,Jaden Philogene Bidace,eng ENG,"FW,DF",Ipswich Town,22,2002,5.3,9,1.71,6,0,1,1,1,0,0,0,0,0,0,0,0,0,Matches
418,Jordan Pickford,eng ENG,GK,Everton,30,1994,38,13,0.34,12,1,0,0,0,0,2,0.05,2,0,0,0,0,0,Matches
419,Ethan Pinnock,jm JAM,DF,Brentford,31,1993,21.3,21,0.99,13,5,0,2,1,0,0,0,0,0,0,0,0,0,Matches
420,Daniel Podence,pt POR,"MF,FW",Wolves,28,1995,0.5,0,0,0,0,0,0,0,0,0,0,0,0,0,0,0,0,Matches
421,Alfie Pond,eng ENG,DF,Wolves,20,2004,0,0,0,0,0,0,0,0,0,0,0,0,0,0,0,0,0,Matches
422,Nick Pope,eng ENG,GK,Newcastle Utd,32,1992,28,7,0.25,6,1,0,0,0,0,0,0,0,0,0,0,0,0,Matches
423,Pedro Porro,es ESP,DF,Tottenham,24,1999,29,108,3.72,72,23,3,5,4,1,8,0.28,4,3,1,0,0,0,Matches
424,Jarell Quansah,eng ENG,DF,Liverpool,21,2003,5.5,3,0.55,3,0,0,0,0,0,0,0,0,0,0,0,0,0,Matches
425,Aaron Ramsdale,eng ENG,GK,Southampton,26,1998,30,3,0.1,2,1,0,0,0,0,0,0,0,0,0,0,0,0,Matches
Rk,Player,Nation,Pos,Squad,Age,Born,90s,SCA,SCA90,PassLive,PassDead,TO,Sh,Fld,Def,GCA,GCA90,PassLive,PassDead,TO,Sh,Fld,Def,Matches
426,Jacob Ramsey,eng ENG,"FW,MF",Aston Villa,23,2001,18,51,2.83,40,0,4,1,6,0,8,0.44,7,0,0,0,1,0,Matches
427,Marcus Rashford,eng ENG,"FW,MF",Manchester Utd,26,1997,10.9,29,2.67,24,1,2,2,0,0,1,0.09,1,0,0,0,0,0,Matches
428,Marcus Rashford,eng ENG,FW,Aston Villa,26,1997,4.9,27,5.49,14,5,3,2,3,0,3,0.61,2,0,0,1,0,0,Matches
429,David Raya,es ESP,GK,Arsenal,28,1995,38,5,0.13,4,1,0,0,0,0,1,0.03,1,0,0,0,0,0,Matches
430,Harrison Reed,eng ENG,MF,Fulham,29,1995,1.2,1,0.89,0,1,0,0,0,0,0,0,0,0,0,0,0,0,Matches
431,Remy Rees-Dottin,eng ENG,FW,Bournemouth,18,2006,0,0,0,0,0,0,0,0,0,0,0,0,0,0,0,0,0,Matches
432,Sergio Reguilón,es ESP,DF,Tottenham,27,1996,2.2,1,0.46,1,0,0,0,0,0,0,0,0,0,0,0,0,0,Matches
433,Vitor Reis,br BRA,DF,Manchester City,18,2006,0,0,0,0,0,0,0,0,0,0,0,0,0,0,0,0,0,Matches
434,Chadi Riad,ma MAR,DF,Crystal Palace,21,2003,1,0,0,0,0,0,0,0,0,0,0,0,0,0,0,0,0,Matches
435,Declan Rice,eng ENG,MF,Arsenal,25,1999,31.4,111,3.54,62,33,4,5,5,2,10,0.32,6,2,1,1,0,0,Matches
436,Chris Richards,us USA,DF,Crystal Palace,24,2000,21.4,9,0.42,5,0,0,2,1,1,2,0.09,0,0,0,2,0,0,Matches
437,Richarlison,br BRA,FW,Tottenham,27,1997,5.6,8,1.43,5,0,0,2,1,0,1,0.18,1,0,0,0,0,0,Matches
438,Andrew Robertson,sct SCO,DF,Liverpool,30,1994,27.6,80,2.9,68,9,1,1,0,1,4,0.14,4,0,0,0,0,0,Matches
439,Antonee Robinson,us USA,DF,Fulham,26,1997,35.2,80,2.27,74,1,2,2,0,1,11,0.31,11,0,0,0,0,0,Matches
440,Jay Robinson,eng ENG,"MF,FW",Southampton,17,2007,1.5,8,5.26,4,0,3,1,0,0,1,0.66,0,0,0,1,0,0,Matches
441,Rodri,es ESP,MF,Manchester City,28,1996,0.8,2,2.47,2,0,0,0,0,0,0,0,0,0,0,0,0,0,Matches
442,Guido Rodríguez,ar ARG,MF,West Ham,30,1994,12.8,12,0.94,10,0,0,2,0,0,1,0.08,1,0,0,0,0,0,Matches
443,Mads Roerslev,dk DEN,DF,Brentford,25,1999,12.2,21,1.72,18,0,1,1,1,0,2,0.16,2,0,0,0,0,0,Matches
444,Morgan Rogers,eng ENG,"FW,MF",Aston Villa,22,2002,34.6,105,3.04,80,0,13,7,5,0,16,0.46,14,0,1,0,1,0,Matches
445,Cristian Romero,ar ARG,DF,Tottenham,26,1998,15.7,20,1.27,16,0,0,4,0,0,4,0.25,3,0,0,1,0,0,Matches
446,Georginio Rutter,fr FRA,"MF,FW",Brighton,22,2002,18.4,64,3.47,37,0,9,7,9,2,8,0.43,3,0,3,1,1,0,Matches
447,José Sá,pt POR,GK,Wolves,31,1993,29,5,0.17,5,0,0,0,0,0,0,0,0,0,0,0,0,0,Matches
448,Bukayo Saka,eng ENG,"FW,MF",Arsenal,22,2001,19.2,117,6.09,71,20,12,10,4,0,23,1.2,14,5,2,1,1,0,Matches
449,Mohamed Salah,eg EGY,FW,Liverpool,32,1992,37.5,169,4.51,123,2,22,14,5,3,27,0.72,20,0,5,2,0,0,Matches
450,William Saliba,fr FRA,DF,Arsenal,23,2001,33.8,27,0.8,25,0,0,1,0,1,1,0.03,1,0,0,0,0,0,Matches
Rk,Player,Nation,Pos,Squad,Age,Born,90s,SCA,SCA90,PassLive,PassDead,TO,Sh,Fld,Def,GCA,GCA90,PassLive,PassDead,TO,Sh,Fld,Def,Matches
451,Robert Sánchez,es ESP,GK,Chelsea,26,1997,32,7,0.22,6,1,0,0,0,0,2,0.06,1,1,0,0,0,0,Matches
452,Jadon Sancho,eng ENG,FW,Chelsea,24,2000,19.6,70,3.57,63,0,3,1,3,0,10,0.51,9,0,0,0,1,0,Matches
453,Ibrahim Sangaré,ci CIV,MF,Nott'ham Forest,26,1997,6.6,8,1.22,7,0,0,1,0,0,0,0,0,0,0,0,0,0,Matches
454,Pablo Sarabia,es ESP,"MF,FW",Wolves,32,1992,9,28,3.1,20,6,2,0,0,0,5,0.55,4,0,1,0,0,0,Matches
455,Jeremy Sarmiento,ec ECU,MF,Brighton,22,2002,0.1,0,0,0,0,0,0,0,0,0,0,0,0,0,0,0,0,Matches
456,Ismaila Sarr,sn SEN,MF,Crystal Palace,26,1998,30.1,110,3.65,81,0,6,9,14,0,12,0.4,9,0,1,0,2,0,Matches
457,Sávio,br BRA,"FW,MF",Manchester City,20,2004,19.6,111,5.66,80,2,15,4,7,3,15,0.76,10,0,2,1,1,1,Matches
458,Oliver Scarles,eng ENG,"DF,FW",West Ham,18,2005,7.4,6,0.81,6,0,0,0,0,0,0,0,0,0,0,0,0,0,Matches
459,Dane Scarlett,eng ENG,"FW,MF",Tottenham,20,2004,0.4,1,2.65,1,0,0,0,0,0,1,2.65,1,0,0,0,0,0,Matches
460,Kevin Schade,de GER,FW,Brentford,22,2001,25.5,57,2.24,35,6,6,4,5,1,9,0.35,5,0,1,3,0,0,Matches
461,Fabian Schär,ch SUI,DF,Newcastle Utd,32,1991,32.6,37,1.13,26,1,1,3,2,4,4,0.12,2,0,0,2,0,0,Matches
462,Jeffrey Schlupp,gh GHA,"MF,DF",Crystal Palace,31,1992,1.1,7,6.06,5,0,1,1,0,0,0,0,0,0,0,0,0,0,Matches
463,Alex Scott,eng ENG,MF,Bournemouth,20,2003,8.4,29,3.45,19,2,0,2,3,3,2,0.24,2,0,0,0,0,0,Matches
464,Matz Sels,be BEL,GK,Nott'ham Forest,32,1992,38,6,0.16,3,3,0,0,0,0,0,0,0,0,0,0,0,0,Matches
465,Nélson Semedo,pt POR,DF,Wolves,30,1993,32.1,60,1.87,44,1,8,1,3,3,6,0.19,6,0,0,0,0,0,Matches
466,Antoine Semenyo,gh GHA,FW,Bournemouth,24,2000,35.6,132,3.71,85,4,21,15,5,2,13,0.37,7,1,2,1,2,0,Matches
467,Marcos Senesi,ar ARG,DF,Bournemouth,27,1997,12.3,16,1.3,16,0,0,0,0,0,1,0.08,1,0,0,0,0,0,Matches
468,Ryan Sessegnon,eng ENG,"FW,DF",Fulham,24,2000,6.4,24,3.72,20,0,1,2,1,0,4,0.62,4,0,0,0,0,0,Matches
469,Luke Shaw,eng ENG,DF,Manchester Utd,29,1995,3.9,10,2.58,8,2,0,0,0,0,0,0,0,0,0,0,0,0,Matches
470,Zain Silcott-Duberry,ms MSR,FW,Bournemouth,19,2005,0,0,0,0,0,0,0,0,0,0,0,0,0,0,0,0,0,Matches
471,Bernardo Silva,pt POR,"MF,FW",Manchester City,29,1994,29.7,92,3.1,81,3,4,1,3,0,8,0.27,8,0,0,0,0,0,Matches
472,Jota Silva,pt POR,"FW,MF",Nott'ham Forest,24,1999,9.5,29,3.06,22,0,1,3,3,0,3,0.32,2,0,0,0,1,0,Matches
473,Eric da Silva Moreira,de GER,"MF,DF",Nott'ham Forest,18,2006,0.3,0,0,0,0,0,0,0,0,0,0,0,0,0,0,0,0,Matches
474,Jahmai Simpson-Pusey,eng ENG,DF,Manchester City,18,2005,1.1,0,0,0,0,0,0,0,0,0,0,0,0,0,0,0,0,Matches
475,Luis Sinisterra,co COL,"FW,MF",Bournemouth,25,1999,2.6,14,5.29,11,0,1,2,0,0,1,0.38,1,0,0,0,0,0,Matches
Rk,Player,Nation,Pos,Squad,Age,Born,90s,SCA,SCA90,PassLive,PassDead,TO,Sh,Fld,Def,GCA,GCA90,PassLive,PassDead,TO,Sh,Fld,Def,Matches
476,Oliver Skipp,eng ENG,MF,Leicester City,23,2000,12.5,15,1.2,13,1,0,0,1,0,0,0,0,0,0,0,0,0,Matches
477,William Smallbone,ie IRL,MF,Southampton,24,2000,7.7,16,2.09,12,3,0,1,0,0,0,0,0,0,0,0,0,0,Matches
478,Adam Smith,eng ENG,DF,Bournemouth,33,1991,17.7,23,1.3,17,1,1,0,3,1,2,0.11,1,0,0,0,1,0,Matches
479,Emile Smith Rowe,eng ENG,MF,Fulham,24,2000,22.7,73,3.22,57,0,3,8,2,3,12,0.53,10,0,1,0,0,1,Matches
480,Dominic Solanke,eng ENG,FW,Tottenham,26,1997,24.5,37,1.51,25,0,0,9,2,1,8,0.33,6,0,0,1,1,0,Matches
481,Carlos Soler,es ESP,"MF,FW",West Ham,27,1997,15.7,51,3.26,31,9,2,5,3,1,2,0.13,2,0,0,0,0,0,Matches
482,Julio Soler,ar ARG,"DF,FW",Bournemouth,19,2005,0.1,0,0,0,0,0,0,0,0,0,0,0,0,0,0,0,0,Matches
483,Ramón Sosa,py PAR,"FW,MF",Nott'ham Forest,24,1999,3.3,14,4.23,11,0,2,1,0,0,0,0,0,0,0,0,0,0,Matches
484,Tomáš Souček,cz CZE,MF,West Ham,29,1995,28.5,44,1.54,35,0,0,6,2,1,3,0.11,2,0,0,0,1,0,Matches
485,Boubakary Soumaré,fr FRA,MF,Leicester City,25,1999,24.1,35,1.45,27,0,5,1,2,0,3,0.12,3,0,0,0,0,0,Matches
486,Djed Spence,eng ENG,DF,Tottenham,23,2000,19.9,29,1.46,23,1,4,1,0,0,5,0.25,3,1,1,0,0,0,Matches
487,Jay Stansfield,eng ENG,MF,Fulham,21,2002,0,0,0,0,0,0,0,0,0,0,0,0,0,0,0,0,0,Matches
488,Jason Steele,eng ENG,GK,Brighton,33,1990,2,0,0,0,0,0,0,0,0,0,0,0,0,0,0,0,0,Matches
489,Jack Stephens,eng ENG,DF,Southampton,30,1994,15.4,13,0.84,13,0,0,0,0,0,0,0,0,0,0,0,0,0,Matches
490,Raheem Sterling,eng ENG,"FW,MF",Arsenal,29,1994,5.5,19,3.43,14,0,3,2,0,0,3,0.54,3,0,0,0,0,0,Matches
491,Ross Stewart,sct SCO,FW,Southampton,28,1996,4.3,5,1.16,1,0,1,2,1,0,0,0,0,0,0,0,0,0,Matches
492,Jakub Stolarczyk,pl POL,GK,Leicester City,23,2000,10,0,0,0,0,0,0,0,0,0,0,0,0,0,0,0,0,Matches
493,John Stones,eng ENG,"DF,MF",Manchester City,30,1994,6.1,8,1.31,8,0,0,0,0,0,2,0.33,2,0,0,0,0,0,Matches
494,Jørgen Strand Larsen,no NOR,FW,Wolves,24,2000,28.7,42,1.46,33,1,1,3,2,2,6,0.21,6,0,0,0,0,0,Matches
495,Yukinari Sugawara,jp JPN,"DF,MF",Southampton,24,2000,17.3,39,2.25,30,5,1,3,0,0,1,0.06,1,0,0,0,0,0,Matches
496,Kamaldeen Sulemana,gh GHA,"FW,MF",Southampton,22,2002,15.6,30,1.93,15,1,10,3,1,0,3,0.19,1,0,1,1,0,0,Matches
497,Crysencio Summerville,nl NED,"FW,MF",West Ham,22,2001,8.7,35,4.01,21,3,5,0,5,1,1,0.11,1,0,0,0,0,0,Matches
498,Sammie Szmodics,ie IRL,"FW,MF",Ipswich Town,28,1995,11,10,0.91,8,0,1,1,0,0,0,0,0,0,0,0,0,0,Matches
499,Dominik Szoboszlai,hu HUN,MF,Liverpool,23,2000,27.7,119,4.3,90,7,5,13,3,1,16,0.58,12,1,0,3,0,0,Matches
500,Matt Targett,eng ENG,DF,Newcastle Utd,28,1995,0.2,0,0,0,0,0,0,0,0,0,0,0,0,0,0,0,0,Matches
Rk,Player,Nation,Pos,Squad,Age,Born,90s,SCA,SCA90,PassLive,PassDead,TO,Sh,Fld,Def,GCA,GCA90,PassLive,PassDead,TO,Sh,Fld,Def,Matches
501,James Tarkowski,eng ENG,DF,Everton,31,1992,32.5,38,1.17,32,2,0,4,0,0,4,0.12,4,0,0,0,0,0,Matches
502,Marcus Tavernier,eng ENG,"FW,MF",Bournemouth,25,1999,21.5,98,4.55,68,12,3,10,5,0,11,0.51,5,3,0,2,1,0,Matches
503,Charlie Taylor,eng ENG,DF,Southampton,30,1993,4,2,0.51,2,0,0,0,0,0,1,0.25,1,0,0,0,0,0,Matches
504,Jack Taylor,ie IRL,MF,Ipswich Town,26,1998,9.6,22,2.3,15,1,2,2,0,2,2,0.21,2,0,0,0,0,0,Matches
505,Mathys Tel,fr FRA,FW,Tottenham,19,2005,10.1,28,2.77,18,1,3,2,4,0,2,0.2,1,0,0,0,1,0,Matches
506,Kenny Tete,nl NED,DF,Fulham,28,1995,19.7,36,1.83,28,0,2,3,2,1,4,0.2,4,0,0,0,0,0,Matches
507,Thiago,br BRA,"FW,MF",Brentford,23,2001,1.9,3,1.55,2,0,0,0,0,1,0,0,0,0,0,0,0,0,Matches
508,Luke Thomas,eng ENG,DF,Leicester City,23,2001,12.3,16,1.3,12,3,0,0,0,1,1,0.08,1,0,0,0,0,0,Matches
509,Youri Tielemans,be BEL,MF,Aston Villa,27,1997,33.6,122,3.63,79,31,3,6,2,1,12,0.36,9,3,0,0,0,0,Matches
510,Kieran Tierney,sct SCO,"DF,FW",Arsenal,27,1997,2.9,10,3.47,9,1,0,0,0,0,0,0,0,0,0,0,0,0,Matches
511,Jurriën Timber,nl NED,DF,Arsenal,23,2001,26.9,52,1.94,46,1,3,0,1,1,9,0.34,8,0,1,0,0,0,Matches
512,Jean-Clair Todibo,fr FRA,DF,West Ham,24,1999,20.3,5,0.25,4,0,0,0,0,1,0,0,0,0,0,0,0,0,Matches
513,Harry Toffolo,eng ENG,DF,Nott'ham Forest,28,1995,1.5,0,0,0,0,0,0,0,0,0,0,0,0,0,0,0,0,Matches
514,Takehiro Tomiyasu,jp JPN,DF,Arsenal,25,1998,0.1,1,12.86,1,0,0,0,0,0,0,0,0,0,0,0,0,0,Matches
515,Sandro Tonali,it ITA,MF,Newcastle Utd,24,2000,29.2,78,2.67,50,10,3,6,6,3,9,0.31,8,1,0,0,0,0,Matches
516,Pau Torres,es ESP,DF,Aston Villa,27,1997,22.4,14,0.62,11,0,0,3,0,0,2,0.09,1,0,0,1,0,0,Matches
517,Conor Townsend,eng ENG,DF,Ipswich Town,31,1993,3.7,5,1.34,4,1,0,0,0,0,1,0.27,1,0,0,0,0,0,Matches
518,Adama Traoré,es ESP,"FW,MF",Fulham,28,1996,19.7,82,4.16,66,0,9,4,1,2,10,0.51,9,0,1,0,0,0,Matches
519,Boubacar Traoré,ml MLI,MF,Wolves,22,2001,0,0,0,0,0,0,0,0,0,0,0,0,0,0,0,0,0,Matches
520,Mark Travers,ie IRL,GK,Bournemouth,25,1999,5,0,0,0,0,0,0,0,0,0,0,0,0,0,0,0,0,Matches
521,Ryan Trevitt,eng ENG,MF,Brentford,21,2003,0,0,0,0,0,0,0,0,0,0,0,0,0,0,0,0,0,Matches
522,Kieran Trippier,eng ENG,DF,Newcastle Utd,33,1990,14.5,54,3.71,32,20,0,2,0,0,6,0.41,4,2,0,0,0,0,Matches
523,Leandro Trossard,be BEL,FW,Arsenal,29,1994,28.3,93,3.29,72,2,7,6,4,2,8,0.28,8,0,0,0,0,0,Matches
524,Kostas Tsimikas,gr GRE,DF,Liverpool,28,1996,9.3,31,3.33,21,9,0,0,1,0,2,0.21,1,1,0,0,0,0,Matches
525,Axel Tuanzebe,cd COD,DF,Ipswich Town,26,1997,19,19,1,17,1,0,0,1,0,2,0.11,2,0,0,0,0,0,Matches
Rk,Player,Nation,Pos,Squad,Age,Born,90s,SCA,SCA90,PassLive,PassDead,TO,Sh,Fld,Def,GCA,GCA90,PassLive,PassDead,TO,Sh,Fld,Def,Matches
526,Destiny Udogie,it ITA,DF,Tottenham,21,2002,21.4,36,1.68,31,0,0,1,1,3,3,0.14,2,0,0,0,0,1,Matches
527,Manuel Ugarte,uy URU,MF,Manchester Utd,23,2001,19.8,31,1.56,24,0,0,2,2,3,4,0.2,3,0,0,1,0,0,Matches
528,Lesley Ugochukwu,fr FRA,MF,Southampton,20,2004,18.4,24,1.3,20,0,1,1,2,0,1,0.05,0,0,0,1,0,0,Matches
529,Enes Ünal,tr TUR,"FW,MF",Bournemouth,27,1997,3.8,9,2.35,6,0,0,2,1,0,3,0.78,2,0,0,0,1,0,Matches
530,Hákon Valdimarsson,is ISL,GK,Brentford,22,2001,1.6,2,1.24,2,0,0,0,0,0,0,0,0,0,0,0,0,0,Matches
531,Virgil van Dijk,nl NED,DF,Liverpool,33,1991,37,48,1.3,41,0,1,3,1,2,4,0.11,4,0,0,0,0,0,Matches
532,Jamie Vardy,eng ENG,FW,Leicester City,37,1987,31.4,47,1.5,33,0,6,2,6,0,10,0.32,5,0,2,1,2,0,Matches
533,Renato Veiga,pt POR,"DF,MF",Chelsea,21,2003,2,1,0.49,0,0,0,1,0,0,0,0,0,0,0,0,0,0,Matches
534,Joël Veltman,nl NED,DF,Brighton,32,1992,18.9,23,1.22,16,2,2,1,2,0,2,0.11,1,1,0,0,0,0,Matches
535,Micky van de Ven,nl NED,DF,Tottenham,23,2001,11.3,11,0.98,8,0,0,2,1,0,2,0.18,2,0,0,0,0,0,Matches
536,Bart Verbruggen,nl NED,GK,Brighton,21,2002,36,5,0.14,5,0,0,0,0,0,1,0.03,1,0,0,0,0,0,Matches
537,Jannik Vestergaard,dk DEN,DF,Leicester City,31,1992,15.5,7,0.45,6,0,0,0,0,1,0,0,0,0,0,0,0,0,Matches
538,Guglielmo Vicario,it ITA,GK,Tottenham,27,1996,24,4,0.17,4,0,0,0,0,0,0,0,0,0,0,0,0,0,Matches
539,Carlos Vinícius,br BRA,"MF,FW",Fulham,29,1995,0.2,2,11.25,0,0,1,0,1,0,0,0,0,0,0,0,0,0,Matches
540,Kyle Walker,eng ENG,DF,Manchester City,34,1990,10.8,17,1.58,17,0,0,0,0,0,0,0,0,0,0,0,0,0,Matches
541,Kyle Walker-Peters,eng ENG,DF,Southampton,27,1997,32.4,63,1.94,40,3,10,5,3,2,7,0.22,5,0,1,1,0,0,Matches
542,Christian Walton,eng ENG,GK,Ipswich Town,28,1995,7,2,0.29,1,1,0,0,0,0,0,0,0,0,0,0,0,0,Matches
543,Aaron Wan-Bissaka,cd COD,DF,West Ham,26,1997,35,93,2.65,75,4,7,3,2,2,10,0.29,9,0,0,1,0,0,Matches
544,Danny Ward,wls WAL,GK,Leicester City,31,1993,1.5,0,0,0,0,0,0,0,0,0,0,0,0,0,0,0,0,Matches
545,Joel Ward,eng ENG,DF,Crystal Palace,34,1989,0.8,1,1.27,1,0,0,0,0,0,0,0,0,0,0,0,0,0,Matches
546,James Ward-Prowse,eng ENG,MF,West Ham,29,1994,11.5,34,2.95,19,11,0,3,0,1,1,0.09,0,1,0,0,0,0,Matches
547,James Ward-Prowse,eng ENG,MF,Nott'ham Forest,29,1994,4.4,10,2.25,6,4,0,0,0,0,2,0.45,1,1,0,0,0,0,Matches
548,Ollie Watkins,eng ENG,FW,Aston Villa,28,1995,28.9,53,1.84,36,0,4,7,6,0,12,0.42,8,0,1,1,2,0,Matches
549,Adam Webster,eng ENG,DF,Brighton,29,1995,9.9,14,1.42,10,2,0,2,0,0,4,0.41,2,1,0,1,0,0,Matches
550,Danny Welbeck,eng ENG,FW,Brighton,33,1990,23.5,53,2.26,39,1,3,4,6,0,8,0.34,7,0,0,1,0,0,Matches
Rk,Player,Nation,Pos,Squad,Age,Born,90s,SCA,SCA90,PassLive,PassDead,TO,Sh,Fld,Def,GCA,GCA90,PassLive,PassDead,TO,Sh,Fld,Def,Matches
551,Welington,br BRA,DF,Southampton,23,2001,5.4,7,1.31,6,1,0,0,0,0,1,0.19,1,0,0,0,0,0,Matches
552,Timo Werner,de GER,"FW,MF",Tottenham,28,1996,5.7,18,3.13,14,0,2,1,1,0,3,0.52,3,0,0,0,0,0,Matches
553,Adam Wharton,eng ENG,MF,Crystal Palace,20,2004,14.6,59,4.03,45,11,0,2,0,1,6,0.41,4,2,0,0,0,0,Matches
554,Ben White,eng ENG,DF,Arsenal,26,1997,13.3,23,1.73,22,1,0,0,0,0,2,0.15,2,0,0,0,0,0,Matches
555,Mats Wieffer,nl NED,"DF,MF",Brighton,24,1999,11.3,32,2.83,28,0,0,2,2,0,6,0.53,5,0,0,0,1,0,Matches
556,Neco Williams,wls WAL,DF,Nott'ham Forest,23,2001,28.8,51,1.77,37,6,0,5,3,0,6,0.21,4,1,0,1,0,0,Matches
557,Willian,br BRA,"FW,MF",Fulham,35,1988,2.9,17,5.93,11,4,0,2,0,0,0,0,0,0,0,0,0,0,Matches
558,Joe Willock,eng ENG,"MF,FW",Newcastle Utd,24,1999,12.1,45,3.73,36,0,3,3,1,2,4,0.33,4,0,0,0,0,0,Matches
559,Callum Wilson,eng ENG,FW,Newcastle Utd,32,1992,4.1,10,2.43,7,0,0,1,1,1,0,0,0,0,0,0,0,0,Matches
560,Harry Wilson,wls WAL,"FW,MF",Fulham,27,1997,12.9,44,3.41,30,6,0,5,2,1,3,0.23,2,0,0,0,1,0,Matches
561,Harry Winks,eng ENG,MF,Leicester City,28,1996,17.1,39,2.28,29,7,1,1,1,0,3,0.18,2,1,0,0,0,0,Matches
562,Ben Winterburn,eng ENG,"MF,FW",Bournemouth,19,2004,0.3,0,0,0,0,0,0,0,0,0,0,0,0,0,0,0,0,Matches
563,Yoane Wissa,cd COD,FW,Brentford,27,1996,32.4,69,2.13,40,1,4,13,10,1,10,0.31,8,0,0,1,1,0,Matches
564,Chris Wood,nz NZL,FW,Nott'ham Forest,32,1991,32.9,44,1.34,36,0,2,4,0,2,5,0.15,4,0,0,0,0,1,Matches
565,Nathan Wood-Gordon,eng ENG,DF,Southampton,22,2002,8.6,3,0.35,3,0,0,0,0,0,0,0,0,0,0,0,0,0,Matches
566,Luke Woolfenden,eng ENG,DF,Ipswich Town,25,1998,13.2,2,0.15,2,0,0,0,0,0,0,0,0,0,0,0,0,0,Matches
567,Yehor Yarmoliuk,ua UKR,MF,Brentford,20,2004,16.1,26,1.62,21,0,2,1,1,1,2,0.12,2,0,0,0,0,0,Matches
568,Ryan Yates,eng ENG,MF,Nott'ham Forest,26,1997,21.3,38,1.78,26,1,1,6,2,2,3,0.14,2,0,0,1,0,0,Matches
569,Leny Yoro,fr FRA,DF,Manchester Utd,18,2005,12.9,9,0.7,6,0,0,2,0,1,0,0,0,0,0,0,0,0,Matches
570,Ashley Young,eng ENG,DF,Everton,39,1985,20.8,47,2.25,34,8,0,1,2,2,6,0.29,4,0,0,1,0,1,Matches
571,Illia Zabarnyi,ua UKR,DF,Bournemouth,21,2002,34.5,29,0.84,26,1,0,0,0,2,1,0.03,1,0,0,0,0,0,Matches
572,Oleksandr Zinchenko,ua UKR,"DF,MF",Arsenal,27,1996,5.9,22,3.76,17,1,1,2,1,0,2,0.34,2,0,0,0,0,0,Matches
573,Joshua Zirkzee,nl NED,"FW,MF",Manchester Utd,23,2001,15.6,31,1.99,28,0,0,2,1,0,3,0.19,1,0,0,1,1,0,Matches
574,Martin Ødegaard,no NOR,MF,Arsenal,25,1998,25.8,124,4.8,101,13,3,5,2,0,18,0.7,14,2,1,1,0,0,Matches