,,,,,,,,Standard,,,,,,,,,,,,Expected,,,,,
Rk,Player,Nation,Pos,Squad,Age,Born,90s,Gls,Sh,SoT,SoT%,Sh/90,SoT/90,G/Sh,G/SoT,Dist,FK,PK,PKatt,xG,npxG,npxG/Sh,G-xG,np:G-xG,Matches
1,Max Aarons,eng ENG,DF,Bournemouth,24,2000,1,0,0,0,,0,0,,,,0,0,0,0,0,,0,0,Matches
2,Joshua Acheampong,eng ENG,DF,Chelsea,18,2006,1.9,0,2,0,0,1.06,0,0,,8.9,0,0,0,0.2,0.2,0.11,-0.2,-0.2,Matches
3,Tyler Adams,us USA,MF,Bournemouth,25,1999,21.8,0,9,2,22.2,0.41,0.09,0,0,16.9,0,0,0,1.6,1.6,0.18,-1.6,-1.6,Matches
4,Tosin Adarabioyo,eng ENG,DF,Chelsea,26,1997,15.7,1,13,2,15.4,0.83,0.13,0.08,0.5,12.5,0,0,0,0.9,0.9,0.07,0.1,0.1,Matches
5,Simon Adingra,ci CIV,"FW,MF",Brighton,22,2002,12.2,2,33,8,24.2,2.71,0.66,0.06,0.25,17,0,0,0,2.5,2.5,0.07,-0.5,-0.5,Matches
6,Emmanuel Agbadou,ci CIV,DF,Wolves,27,1997,15.7,1,7,2,28.6,0.45,0.13,0.14,0.5,27.6,1,0,0,0.8,0.8,0.12,0.2,0.2,Matches
7,Asher Agbinone,eng ENG,MF,Crystal Palace,18,2005,0.1,0,1,0,0,15,0,0,,26.3,0,0,0,0,0,0.02,0,0,Matches
8,Ola Aina,ng NGA,DF,Nott'ham Forest,27,1996,33.3,2,11,2,18.2,0.33,0.06,0.18,1,26.1,0,0,0,0.6,0.6,0.06,1.4,1.4,Matches
9,Rayan Aït-Nouri,dz ALG,DF,Wolves,23,2001,34.5,4,36,10,27.8,1.04,0.29,0.11,0.4,14.9,0,0,0,2.7,2.7,0.08,1.3,1.3,Matches
10,Kristoffer Ajer,no NOR,DF,Brentford,26,1998,16,0,9,3,33.3,0.56,0.19,0,0,9.5,0,0,0,1,1,0.11,-1,-1,Matches
11,Manuel Akanji,ch SUI,DF,Manchester City,29,1995,22.4,0,15,2,13.3,0.67,0.09,0,0,14.7,0,0,0,1.6,1.6,0.1,-1.6,-1.6,Matches
12,Nathan Aké,nl NED,DF,Manchester City,29,1995,7.5,0,3,0,0,0.4,0,0,,10,0,0,0,0.2,0.2,0.07,-0.2,-0.2,Matches
13,Carlos Alcaraz,ar ARG,MF,Southampton,21,2002,0.1,0,1,1,100,9,9,0,0,9.7,0,0,0,0.1,0.1,0.07,-0.1,-0.1,Matches
14,Carlos Alcaraz,ar ARG,"FW,MF",Everton,21,2002,8.5,2,26,11,42.3,3.06,1.3,0.08,0.18,20.3,1,0,0,1.7,1.7,0.07,0.3,0.3,Matches
15,Trent Alexander-Arnold,eng ENG,DF,Liverpool,25,1998,26.3,3,45,8,17.8,1.71,0.3,0.07,0.38,23.6,3,0,0,1.9,1.9,0.04,1.1,1.1,Matches
16,Alisson,br BRA,GK,Liverpool,31,1992,27.9,0,0,0,,0,0,,,,0,0,0,0,0,,0,0,Matches
17,Miguel Almirón,py PAR,FW,Newcastle Utd,30,1994,1.7,0,6,2,33.3,3.44,1.15,0,0,14.2,0,0,0,0.5,0.5,0.09,-0.5,-0.5,Matches
18,Olabade Aluko,,DF,Leicester City,,,0,0,0,0,,0,0,,,,0,0,0,0,0,,0,0,Matches
19,Edson Álvarez,mx MEX,MF,West Ham,26,1997,19.7,0,12,1,8.3,0.61,0.05,0,0,26.3,0,0,0,0.4,0.4,0.03,-0.4,-0.4,Matches
20,Will Alves,eng ENG,FW,Leicester City,19,2005,0,0,0,0,,0,0,,,,0,0,0,0,0,,0,0,Matches
21,Harry Amass,eng ENG,DF,Manchester Utd,17,2007,3.8,0,3,0,0,0.78,0,0,,21.7,0,0,0,0.1,0.1,0.02,-0.1,-0.1,Matches
22,Samuel Amo-Ameyaw,eng ENG,"FW,DF",Southampton,18,2006,0.3,0,1,0,0,3.21,0,0,,20.7,0,0,0,0,0,0.02,0,0,Matches
23,Mathis Amougou,fr FRA,MF,Chelsea,18,2006,0.1,0,0,0,,0,0,,,,0,0,0,0,0,,0,0,Matches
24,Joachim Andersen,dk DEN,DF,Crystal Palace,28,1996,1,0,1,1,100,1,1,0,0,25.2,0,0,0,0,0,0.04,0,0,Matches
25,Joachim Andersen,dk DEN,DF,Fulham,28,1996,28.7,0,19,4,21.1,0.66,0.14,0,0,15.1,0,0,0,1,1,0.05,-1,-1,Matches
Rk,Player,Nation,Pos,Squad,Age,Born,90s,Gls,Sh,SoT,SoT%,Sh/90,SoT/90,G/Sh,G/SoT,Dist,FK,PK,PKatt,xG,npxG,npxG/Sh,G-xG,np:G-xG,Matches
26,Elliot Anderson,eng ENG,MF,Nott'ham Forest,21,2002,30.3,2,40,7,17.5,1.32,0.23,0.05,0.29,18.8,0,0,0,2.1,2.1,0.05,-0.1,-0.1,Matches
27,André,br BRA,MF,Wolves,23,2001,27.5,0,10,1,10,0.36,0.04,0,0,25.5,0,0,0,0.4,0.4,0.04,-0.4,-0.4,Matches
28,Michail Antonio,jm JAM,FW,West Ham,34,1990,9.3,1,19,4,21.1,2.05,0.43,0.05,0.25,12.6,0,0,0,2.2,2.2,0.12,-1.2,-1.2,Matches
29,Antony,br BRA,"DF,MF",Manchester Utd,24,2000,1.6,0,6,3,50,3.83,1.91,0,0,15.8,0,0,0,1,1,0.17,-1,-1,Matches
30,Julian Araujo,mx MEX,DF,Bournemouth,22,2001,5.5,0,0,0,,0,0,,,,0,0,0,0,0,,0,0,Matches
31,Cameron Archer,eng ENG,FW,Southampton,23,2001,16,2,28,10,35.7,1.75,0.62,0.07,0.2,12.8,0,0,1,5.7,4.9,0.18,-3.7,-2.9,Matches
32,Alphonse Areola,fr FRA,GK,West Ham,31,1993,25.1,0,0,0,,0,0,,,,0,0,0,0,0,,0,0,Matches
33,Joe Aribo,ng NGA,"MF,DF",Southampton,28,1996,22.4,3,17,7,41.2,0.76,0.31,0.18,0.43,14,0,0,0,2.7,2.7,0.16,0.3,0.3,Matches
34,Adam Armstrong,eng ENG,"FW,MF",Southampton,27,1997,13.9,2,25,7,28,1.8,0.5,0.08,0.29,16.6,0,0,1,3.3,2.3,0.09,-1.3,-0.3,Matches
35,Harrison Armstrong,eng ENG,MF,Everton,17,2007,0.5,0,1,0,0,1.87,0,0,,5.8,0,0,0,0.4,0.4,0.37,-0.4,-0.4,Matches
36,Kepa Arrizabalaga,es ESP,GK,Bournemouth,29,1994,31,0,1,0,0,0.03,0,0,,9.7,0,0,0,0.1,0.1,0.06,-0.1,-0.1,Matches
37,Marco Asensio,es ESP,MF,Aston Villa,28,1996,8.3,3,22,9,40.9,2.66,1.09,0.14,0.33,19.6,1,0,2,4.4,2.9,0.13,-1.4,0.1,Matches
38,Brandon Austin,eng ENG,GK,Tottenham,25,1999,1,0,0,0,,0,0,,,,0,0,0,0,0,,0,0,Matches
39,Taiwo Awoniyi,ng NGA,FW,Nott'ham Forest,26,1997,4.6,1,10,4,40,2.16,0.87,0.1,0.25,12.6,0,0,0,2.1,2.1,0.21,-1.1,-1.1,Matches
40,Yasin Ayari,se SWE,MF,Brighton,20,2003,21.8,2,28,8,28.6,1.28,0.37,0.07,0.25,18.7,2,0,0,2.4,2.4,0.09,-0.4,-0.4,Matches
41,Jordan Ayew,gh GHA,"FW,MF",Crystal Palace,32,1991,0.2,0,1,0,0,4.29,0,0,,5.5,0,0,0,0.5,0.5,0.46,-0.5,-0.5,Matches
42,Jordan Ayew,gh GHA,"FW,MF",Leicester City,32,1991,18.2,5,31,8,25.8,1.7,0.44,0.13,0.5,18.8,4,1,1,3.2,2.4,0.08,1.8,1.6,Matches
43,Benoît Badiashile,fr FRA,DF,Chelsea,23,2001,3.7,0,0,0,,0,0,,,,0,0,0,0,0,,0,0,Matches
44,Leon Bailey,jm JAM,"FW,MF",Aston Villa,26,1997,12.7,1,28,6,21.4,2.21,0.47,0.04,0.17,17.3,2,0,0,1.7,1.7,0.06,-0.7,-0.7,Matches
45,Carlos Baleba,cm CMR,MF,Brighton,20,2004,29.6,3,44,11,25,1.49,0.37,0.07,0.27,25.5,1,0,0,3.1,3.1,0.07,-0.1,-0.1,Matches
46,Ross Barkley,eng ENG,MF,Aston Villa,30,1993,6.5,3,16,5,31.3,2.48,0.77,0.19,0.6,14.2,0,0,0,1.8,1.8,0.11,1.2,1.2,Matches
47,Harvey Barnes,eng ENG,FW,Newcastle Utd,26,1997,19.5,9,63,20,31.7,3.23,1.03,0.14,0.45,15.1,0,0,0,7.2,7.2,0.11,1.8,1.8,Matches
48,Calvin Bassey,ng NGA,DF,Fulham,24,1999,34.2,1,14,4,28.6,0.41,0.12,0.07,0.25,15.3,0,0,0,1,1,0.07,0,0,Matches
49,Altay Bayındır,tr TUR,GK,Manchester Utd,26,1998,4,0,0,0,,0,0,,,,0,0,0,0,0,,0,0,Matches
50,Jan Bednarek,pl POL,DF,Southampton,28,1996,28.1,2,5,2,40,0.18,0.07,0.4,1,16,0,0,0,0.7,0.7,0.13,1.3,1.3,Matches
Rk,Player,Nation,Pos,Squad,Age,Born,90s,Gls,Sh,SoT,SoT%,Sh/90,SoT/90,G/Sh,G/SoT,Dist,FK,PK,PKatt,xG,npxG,npxG/Sh,G-xG,np:G-xG,Matches
51,Armel Bella Kotchap,de GER,DF,Southampton,22,2001,3.7,0,1,0,0,0.27,0,0,,9.1,0,0,0,0.3,0.3,0.32,-0.3,-0.3,Matches
52,Jean-Ricner Bellegarde,ht HAI,"MF,FW",Wolves,26,1998,18.6,2,22,5,22.7,1.18,0.27,0.09,0.4,21.2,2,0,0,1.5,1.5,0.07,0.5,0.5,Matches
53,Rodrigo Bentancur,uy URU,MF,Tottenham,27,1997,18.3,2,22,5,22.7,1.2,0.27,0.09,0.4,17.4,0,0,0,1.3,1.3,0.06,0.7,0.7,Matches
54,Daniel Bentley,eng ENG,GK,Wolves,31,1993,2,0,0,0,,0,0,,,,0,0,0,0,0,,0,0,Matches
55,Sander Berge,no NOR,MF,Fulham,26,1998,24.7,0,3,1,33.3,0.12,0.04,0,0,8.7,0,0,0,0.4,0.4,0.12,-0.4,-0.4,Matches
56,Lucas Bergvall,se SWE,MF,Tottenham,18,2006,13.5,0,12,2,16.7,0.89,0.15,0,0,19.9,0,0,0,0.7,0.7,0.06,-0.7,-0.7,Matches
57,Victor Bernth Kristiansen,dk DEN,DF,Leicester City,21,2002,27.6,0,3,0,0,0.11,0,0,,17.7,0,0,0,0.3,0.3,0.11,-0.3,-0.3,Matches
58,Beto,gw GNB,FW,Everton,26,1998,17,8,49,23,46.9,2.87,1.35,0.16,0.35,13.1,0,0,0,8.2,8.2,0.17,-0.2,-0.2,Matches
59,Philip Billing,dk DEN,MF,Bournemouth,28,1996,2,0,5,1,20,2.45,0.49,0,0,17.9,0,0,0,0.6,0.6,0.11,-0.6,-0.6,Matches
60,Yves Bissouma,ml MLI,MF,Tottenham,27,1996,15.6,2,11,4,36.4,0.7,0.26,0.18,0.5,23.4,0,0,0,0.6,0.6,0.06,1.4,1.4,Matches
61,Oscar Bobb,no NOR,FW,Manchester City,21,2003,0.2,0,0,0,,0,0,,,,0,0,0,0,0,,0,0,Matches
62,Lamare Bogarde,nl NED,"DF,MF",Aston Villa,20,2004,5.3,0,1,1,100,0.19,0.19,0,0,20.2,0,0,0,0,0,0.04,0,0,Matches
63,Willy Boly,ci CIV,DF,Nott'ham Forest,33,1991,1.7,0,1,1,100,0.6,0.6,0,0,10.2,0,0,0,0.1,0.1,0.07,-0.1,-0.1,Matches
64,Sven Botman,nl NED,DF,Newcastle Utd,24,2000,4.6,0,5,2,40,1.09,0.44,0,0,7.1,0,0,0,0.5,0.5,0.12,-0.5,-0.5,Matches
65,Jarrod Bowen,eng ENG,"FW,MF",West Ham,27,1996,33,13,86,36,41.9,2.6,1.09,0.14,0.33,17.4,1,1,1,8.6,7.8,0.09,4.4,4.2,Matches
66,Conor Bradley,nir NIR,DF,Liverpool,21,2003,8.4,0,10,3,30,1.19,0.36,0,0,14.2,0,0,0,0.7,0.7,0.07,-0.7,-0.7,Matches
67,Jarrad Branthwaite,eng ENG,DF,Everton,22,2002,27.9,0,10,3,30,0.36,0.11,0,0,8.2,0,0,0,1.2,1.2,0.12,-1.2,-1.2,Matches
68,James Bree,eng ENG,DF,Southampton,26,1997,11.9,0,4,1,25,0.33,0.08,0,0,22.7,0,0,0,0.1,0.1,0.03,-0.1,-0.1,Matches
69,Ben Brereton,cl CHI,FW,Southampton,25,1999,5,0,11,1,9.1,2.2,0.2,0,0,17.3,0,0,0,0.9,0.9,0.08,-0.9,-0.9,Matches
70,Nathan Broadhead,wls WAL,"MF,FW",Ipswich Town,26,1998,7.8,2,13,8,61.5,1.67,1.03,0.15,0.25,15.8,0,0,0,1.7,1.7,0.13,0.3,0.3,Matches
71,Armando Broja,al ALB,FW,Everton,22,2001,3.7,0,4,0,0,1.08,0,0,,17.3,0,0,0,0.1,0.1,0.03,-0.1,-0.1,Matches
72,David Brooks,wls WAL,"FW,MF",Bournemouth,27,1997,10.7,2,25,12,48,2.34,1.13,0.08,0.17,16.3,0,0,0,2.5,2.5,0.1,-0.5,-0.5,Matches
73,Emi Buendía,ar ARG,"MF,FW",Aston Villa,27,1996,1.1,0,5,0,0,4.59,0,0,,19.1,1,0,0,0.7,0.7,0.13,-0.7,-0.7,Matches
74,Santiago Bueno,uy URU,DF,Wolves,25,1998,18.7,0,6,3,50,0.32,0.16,0,0,14,0,0,0,0.4,0.4,0.07,-0.4,-0.4,Matches
75,Facundo Buonanotte,ar ARG,"FW,MF",Leicester City,19,2004,16.9,5,36,12,33.3,2.13,0.71,0.14,0.42,17.6,0,0,0,3.9,3.9,0.11,1.1,1.1,Matches
Rk,Player,Nation,Pos,Squad,Age,Born,90s,Gls,Sh,SoT,SoT%,Sh/90,SoT/90,G/Sh,G/SoT,Dist,FK,PK,PKatt,xG,npxG,npxG/Sh,G-xG,np:G-xG,Matches
76,Cameron Burgess,au AUS,DF,Ipswich Town,28,1995,17.1,0,10,2,20,0.58,0.12,0,0,9.6,0,0,0,1.1,1.1,0.11,-1.1,-1.1,Matches
77,Dan Burn,eng ENG,DF,Newcastle Utd,32,1992,37,1,23,7,30.4,0.62,0.19,0.04,0.14,9.7,0,0,0,2,2,0.09,-1,-1,Matches
78,Wes Burns,wls WAL,"FW,DF",Ipswich Town,29,1994,10.3,0,7,1,14.3,0.68,0.1,0,0,18.3,0,0,0,0.5,0.5,0.07,-0.5,-0.5,Matches
79,Nathan Butler-Oyedeji,eng ENG,FW,Arsenal,21,2003,0.1,0,1,1,100,12.86,12.86,0,0,15.6,0,0,0,0.1,0.1,0.07,-0.1,-0.1,Matches
80,Moisés Caicedo,ec ECU,"MF,DF",Chelsea,22,2001,37.2,1,20,3,15,0.54,0.08,0.05,0.33,25.3,0,0,0,0.8,0.8,0.04,0.2,0.2,Matches
81,Tom Cairney,sct SCO,MF,Fulham,33,1991,7,2,11,4,36.4,1.58,0.57,0.18,0.5,20.4,2,0,0,0.8,0.8,0.07,1.2,1.2,Matches
82,Jens Cajuste,se SWE,MF,Ipswich Town,24,1999,21.8,1,12,1,8.3,0.55,0.05,0.08,1,19.7,0,0,0,0.7,0.7,0.05,0.3,0.3,Matches
83,Riccardo Calafiori,it ITA,DF,Arsenal,22,2002,10.9,2,10,6,60,0.92,0.55,0.2,0.33,14.1,0,0,0,0.9,0.9,0.09,1.1,1.1,Matches
84,Dominic Calvert-Lewin,eng ENG,FW,Everton,27,1997,17.9,3,50,19,38,2.8,1.06,0.06,0.16,12.3,0,0,0,6.7,6.7,0.14,-3.7,-3.7,Matches
85,Diego Carlos,br BRA,DF,Aston Villa,31,1993,9.2,0,4,1,25,0.43,0.11,0,0,6.7,0,0,0,0.6,0.6,0.16,-0.6,-0.6,Matches
86,Fabio Carvalho,pt POR,"FW,MF",Brentford,21,2002,5.1,2,12,5,41.7,2.37,0.99,0.17,0.4,14.7,0,0,0,2.5,2.5,0.21,-0.5,-0.5,Matches
87,Casemiro,br BRA,MF,Manchester Utd,32,1992,16.6,1,32,10,31.3,1.93,0.6,0.03,0.1,19.5,0,0,0,1.9,1.9,0.06,-0.9,-0.9,Matches
88,Kaelan Casey,eng ENG,DF,West Ham,19,2004,0,0,0,0,,0,0,,,,0,0,0,0,0,,0,0,Matches
89,Matty Cash,pl POL,DF,Aston Villa,26,1997,23,1,13,6,46.2,0.57,0.26,0.08,0.17,18.8,0,0,0,0.5,0.5,0.04,0.5,0.5,Matches
90,Eiran Cashin,ie IRL,DF,Brighton,22,2001,0.2,0,0,0,,0,0,,,,0,0,0,0,0,,0,0,Matches
91,Timothy Castagne,be BEL,DF,Fulham,28,1995,18.3,0,8,3,37.5,0.44,0.16,0,0,14,0,0,0,0.4,0.4,0.05,-0.4,-0.4,Matches
92,Trevoh Chalobah,eng ENG,DF,Crystal Palace,25,1999,11.8,3,11,4,36.4,0.93,0.34,0.27,0.75,15.1,0,0,0,1.2,1.2,0.11,1.8,1.8,Matches
93,Trevoh Chalobah,eng ENG,DF,Chelsea,25,1999,10.1,0,7,2,28.6,0.69,0.2,0,0,11.1,0,0,0,0.8,0.8,0.11,-0.8,-0.8,Matches
94,Conor Chaplin,eng ENG,"MF,FW",Ipswich Town,27,1997,9.5,1,16,3,18.8,1.68,0.32,0.06,0.33,17.7,0,0,0,1.5,1.5,0.09,-0.5,-0.5,Matches
95,Youssef Chermiti,pt POR,"FW,MF",Everton,20,2004,0.5,0,3,1,33.3,6,2,0,0,13.2,0,0,0,0.1,0.1,0.04,-0.1,-0.1,Matches
96,Federico Chiesa,it ITA,FW,Liverpool,26,1997,1.2,0,5,2,40,4.17,1.67,0,0,20.4,0,0,0,0.3,0.3,0.07,-0.3,-0.3,Matches
97,Ben Chilwell,eng ENG,DF,Crystal Palace,27,1996,2.9,1,5,3,60,1.74,1.04,0.2,0.33,25.4,2,0,0,0.2,0.2,0.05,0.8,0.8,Matches
98,Chiquinho,pt POR,MF,Wolves,24,2000,0.1,0,0,0,,0,0,,,,0,0,0,0,0,,0,0,Matches
99,Hamza Choudhury,bd BAN,"MF,DF",Leicester City,26,1997,1.5,0,0,0,,0,0,,,,0,0,0,0,0,,0,0,Matches
100,Ryan Christie,sct SCO,MF,Bournemouth,29,1995,23.5,2,33,12,36.4,1.4,0.51,0.06,0.17,19.6,0,0,0,1.8,1.8,0.06,0.2,0.2,Matches
Rk,Player,Nation,Pos,Squad,Age,Born,90s,Gls,Sh,SoT,SoT%,Sh/90,SoT/90,G/Sh,G/SoT,Dist,FK,PK,PKatt,xG,npxG,npxG/Sh,G-xG,np:G-xG,Matches
101,Harry Clarke,eng ENG,DF,Ipswich Town,23,2001,4.2,0,1,1,100,0.24,0.24,0,0,4.5,0,0,0,0.1,0.1,0.08,-0.1,-0.1,Matches
102,Jack Clarke,eng ENG,"FW,MF",Ipswich Town,23,2000,13.1,0,17,2,11.8,1.3,0.15,0,0,18.9,0,0,0,1.2,1.2,0.07,-1.2,-1.2,Matches
103,Nathaniel Clyne,eng ENG,"DF,MF",Crystal Palace,33,1991,5.4,0,2,0,0,0.37,0,0,,31.4,0,0,0,0,0,0.01,0,0,Matches
104,Conor Coady,eng ENG,DF,Leicester City,31,1993,19,1,2,2,100,0.11,0.11,0.5,0.5,6.9,0,0,0,0.4,0.4,0.21,0.6,0.6,Matches
105,Séamus Coleman,ie IRL,DF,Everton,35,1988,2.4,0,1,1,100,0.42,0.42,0,0,10.5,0,0,0,0.6,0.6,0.57,-0.6,-0.6,Matches
106,Nathan Collins,ie IRL,DF,Brentford,23,2001,38,2,17,6,35.3,0.45,0.16,0.12,0.33,10.7,0,0,0,2.5,2.5,0.15,-0.5,-0.5,Matches
107,Toby Collyer,eng ENG,MF,Manchester Utd,20,2004,2,0,1,0,0,0.5,0,0,,6.2,0,0,0,0.2,0.2,0.17,-0.2,-0.2,Matches
108,Levi Colwill,eng ENG,DF,Chelsea,21,2003,35,2,17,4,23.5,0.49,0.11,0.12,0.5,9.5,0,0,0,1.9,1.9,0.11,0.1,0.1,Matches
109,Lewis Cook,eng ENG,"MF,DF",Bournemouth,27,1997,33.1,1,14,4,28.6,0.42,0.12,0.07,0.25,23.4,1,0,0,0.9,0.9,0.07,0.1,0.1,Matches
110,Maxwel Cornet,ci CIV,FW,Southampton,27,1996,0.8,0,1,0,0,1.25,0,0,,18.8,0,0,0,0.2,0.2,0.16,-0.2,-0.2,Matches
111,Vladimír Coufal,cz CZE,DF,West Ham,31,1992,11.9,0,7,2,28.6,0.59,0.17,0,0,15.5,0,0,0,0.3,0.3,0.04,-0.3,-0.3,Matches
112,Woyo Coulibaly,ml MLI,DF,Leicester City,25,1999,1.2,0,2,1,50,1.65,0.83,0,0,19.4,0,0,0,0,0,0.02,0,0,Matches
113,Aaron Cresswell,eng ENG,DF,West Ham,34,1989,9.2,0,5,0,0,0.55,0,0,,23.8,2,0,0,0.2,0.2,0.05,-0.2,-0.2,Matches
114,Marc Cucurella,es ESP,DF,Chelsea,26,1998,33.2,5,24,11,45.8,0.72,0.33,0.21,0.45,16.1,0,0,0,2.8,2.8,0.12,2.2,2.2,Matches
115,Jorge Cuenca,es ESP,DF,Fulham,24,1999,3.9,0,1,0,0,0.26,0,0,,13.1,0,0,0,0,0,0.02,0,0,Matches
116,Matheus Cunha,br BRA,"MF,FW",Wolves,25,1999,28.9,15,110,44,40,3.81,1.52,0.14,0.34,20.5,12,0,0,8.6,8.6,0.08,6.4,6.4,Matches
117,Patson Daka,zm ZAM,"FW,MF",Leicester City,25,1998,8.2,1,15,4,26.7,1.83,0.49,0.07,0.25,14.8,0,0,0,1.3,1.3,0.08,-0.3,-0.3,Matches
118,Diogo Dalot,pt POR,DF,Manchester Utd,25,1999,31.3,0,25,5,20,0.8,0.16,0,0,16.1,0,0,0,2,2,0.08,-2,-2,Matches
119,Mikkel Damsgaard,dk DEN,"MF,FW",Brentford,24,2000,32.3,2,35,7,20,1.08,0.22,0.06,0.29,17.6,3,0,0,2.8,2.8,0.08,-0.8,-0.8,Matches
120,Danilo,br BRA,"MF,FW",Nott'ham Forest,23,2001,3.1,0,0,0,,0,0,,,,0,0,0,0,0,,0,0,Matches
121,Jayden Danns,eng ENG,MF,Liverpool,18,2006,0.1,0,0,0,,0,0,,,,0,0,0,0,0,,0,0,Matches
122,Kevin Danso,at AUT,DF,Tottenham,25,1998,9.4,0,7,3,42.9,0.75,0.32,0,0,16.9,0,0,0,0.4,0.4,0.06,-0.4,-0.4,Matches
123,Ben Davies,wls WAL,DF,Tottenham,31,1993,14.8,0,5,1,20,0.34,0.07,0,0,17,0,0,0,0.3,0.3,0.06,-0.3,-0.3,Matches
124,Leif Davis,eng ENG,DF,Ipswich Town,24,2000,30.5,1,16,2,12.5,0.52,0.07,0.06,0.5,19.8,2,0,0,1,1,0.06,0,0,Matches
125,Craig Dawson,eng ENG,DF,Wolves,34,1990,10.8,0,5,1,20,0.46,0.09,0,0,8.5,0,0,0,0.5,0.5,0.1,-0.5,-0.5,Matches
Rk,Player,Nation,Pos,Squad,Age,Born,90s,Gls,Sh,SoT,SoT%,Sh/90,SoT/90,G/Sh,G/SoT,Dist,FK,PK,PKatt,xG,npxG,npxG/Sh,G-xG,np:G-xG,Matches
126,Kevin De Bruyne,be BEL,"MF,FW",Manchester City,33,1991,18.9,4,57,15,26.3,3.01,0.79,0.07,0.27,21.4,8,0,0,5.1,5.1,0.09,-1.1,-1.1,Matches
127,Bobby De Cordova-Reid,jm JAM,FW,Leicester City,31,1993,8.3,1,7,3,42.9,0.85,0.36,0.14,0.33,25.1,0,0,0,0.8,0.8,0.11,0.2,0.2,Matches
128,Liam Delap,eng ENG,FW,Ipswich Town,21,2003,28.8,12,66,29,43.9,2.29,1.01,0.15,0.34,16,0,2,2,9.3,7.8,0.12,2.7,2.2,Matches
129,Sepp van den Berg,nl NED,DF,Brentford,22,2001,28.7,0,20,6,30,0.7,0.21,0,0,10.5,0,0,0,2,2,0.1,-2,-2,Matches
130,Justin Devenny,nir NIR,MF,Crystal Palace,20,2003,5.6,1,10,6,60,1.78,1.07,0.1,0.17,21.1,1,0,0,0.8,0.8,0.08,0.2,0.2,Matches
131,Kiernan Dewsbury-Hall,eng ENG,"MF,FW",Chelsea,25,1998,2.9,0,1,0,0,0.34,0,0,,7.8,0,0,0,0.2,0.2,0.22,-0.2,-0.2,Matches
132,Amad Diallo,ci CIV,"MF,FW",Manchester Utd,22,2002,21.1,8,47,17,36.2,2.23,0.8,0.17,0.47,17.5,0,0,0,4.7,4.7,0.1,3.3,3.3,Matches
133,Rúben Dias,pt POR,DF,Manchester City,27,1997,25.2,0,21,7,33.3,0.83,0.28,0,0,19.4,0,0,0,1.5,1.5,0.07,-1.5,-1.5,Matches
134,Luis Díaz,co COL,FW,Liverpool,27,1997,26.7,13,71,30,42.3,2.66,1.13,0.18,0.43,13.4,0,0,0,12,12,0.17,1,1,Matches
135,Tyler Dibling,eng ENG,"FW,MF",Southampton,18,2006,20.8,2,28,9,32.1,1.34,0.43,0.07,0.22,19.3,0,0,0,2.5,2.5,0.09,-0.5,-0.5,Matches
136,Lucas Digne,fr FRA,DF,Aston Villa,31,1993,26.1,0,13,3,23.1,0.5,0.11,0,0,22.7,5,0,0,0.8,0.8,0.06,-0.8,-0.8,Matches
137,Issa Diop,fr FRA,DF,Fulham,27,1997,14.9,0,5,2,40,0.34,0.13,0,0,10.7,0,0,0,0.5,0.5,0.11,-0.5,-0.5,Matches
138,Axel Disasi,fr FRA,DF,Aston Villa,26,1998,5.4,0,2,0,0,0.37,0,0,,19.5,0,0,0,0.1,0.1,0.04,-0.1,-0.1,Matches
139,Axel Disasi,fr FRA,DF,Chelsea,26,1998,4,1,2,1,50,0.49,0.25,0.5,1,12.3,0,0,0,0.3,0.3,0.14,0.7,0.7,Matches
140,Roman Dixon,eng ENG,DF,Everton,19,2004,1,0,0,0,,0,0,,,,0,0,0,0,0,,0,0,Matches
141,Nasser Djiga,bf BFA,DF,Wolves,21,2002,0.7,0,0,0,,0,0,,,,0,0,0,0,0,,0,0,Matches
142,Matt Doherty,ie IRL,DF,Wolves,32,1992,23.4,2,10,3,30,0.43,0.13,0.2,0.67,11.4,0,0,0,1,1,0.1,1,1,Matches
143,Jeremy Doku,be BEL,"FW,MF",Manchester City,22,2002,16.8,3,29,9,31,1.72,0.53,0.1,0.33,17.7,0,0,0,1.3,1.3,0.05,1.7,1.7,Matches
144,Nicolás Domínguez,ar ARG,"MF,FW",Nott'ham Forest,26,1998,21.8,0,21,9,42.9,0.96,0.41,0,0,18.9,0,0,0,1.5,1.5,0.07,-1.5,-1.5,Matches
145,Patrick Dorgu,dk DEN,DF,Manchester Utd,19,2004,9.4,0,10,2,20,1.07,0.21,0,0,16.4,0,0,0,0.4,0.4,0.04,-0.4,-0.4,Matches
146,Alfie Dorrington,eng ENG,DF,Tottenham,19,2005,0.2,0,0,0,,0,0,,,,0,0,0,0,0,,0,0,Matches
147,Abdoulaye Doucouré,ml MLI,MF,Everton,31,1993,28.5,3,31,9,29,1.09,0.32,0.1,0.33,14,0,0,0,4.1,4.1,0.13,-1.1,-1.1,Matches
148,Cheick Doucouré,ml MLI,MF,Crystal Palace,24,2000,5,0,7,0,0,1.39,0,0,,20.6,0,0,0,0.4,0.4,0.06,-0.4,-0.4,Matches
149,Flynn Downes,eng ENG,MF,Southampton,25,1999,23.9,1,10,3,30,0.42,0.13,0.1,0.33,18.7,0,0,0,0.6,0.6,0.06,0.4,0.4,Matches
150,Tommy Doyle,eng ENG,MF,Wolves,22,2001,5.4,0,9,2,22.2,1.66,0.37,0,0,24.5,1,0,0,0.6,0.6,0.06,-0.6,-0.6,Matches
Rk,Player,Nation,Pos,Squad,Age,Born,90s,Gls,Sh,SoT,SoT%,Sh/90,SoT/90,G/Sh,G/SoT,Dist,FK,PK,PKatt,xG,npxG,npxG/Sh,G-xG,np:G-xG,Matches
151,Radu Drăgușin,ro ROU,DF,Tottenham,22,2002,13.9,0,5,1,20,0.36,0.07,0,0,12.7,0,0,0,0.1,0.1,0.02,-0.1,-0.1,Matches
152,Martin Dúbravka,sk SVK,GK,Newcastle Utd,35,1989,10,0,0,0,,0,0,,,,0,0,0,0,0,,0,0,Matches
153,Lewis Dunk,eng ENG,DF,Brighton,32,1991,23.1,0,12,3,25,0.52,0.13,0,0,12.1,1,0,0,0.8,0.8,0.07,-0.8,-0.8,Matches
154,Jáder Durán,co COL,FW,Aston Villa,20,2003,7.1,7,31,15,48.4,4.37,2.12,0.23,0.47,15.6,0,0,0,4.9,4.9,0.16,2.1,2.1,Matches
155,Claudio Echeverri,ar ARG,FW,Manchester City,18,2006,0.1,0,0,0,,0,0,,,,0,0,0,0,0,,0,0,Matches
156,Ederson,br BRA,GK,Manchester City,30,1993,25.8,0,0,0,,0,0,,,,0,0,0,0,0,,0,0,Matches
157,George Edmundson,eng ENG,DF,Ipswich Town,26,1997,0,0,0,0,,0,0,,,,0,0,0,0,0,,0,0,Matches
158,Odsonne Édouard,fr FRA,"MF,FW",Crystal Palace,26,1998,1.3,0,5,1,20,3.91,0.78,0,0,20.9,0,0,0,0.4,0.4,0.08,-0.4,-0.4,Matches
159,Odsonne Édouard,fr FRA,FW,Leicester City,26,1998,0.3,0,0,0,,0,0,,,,0,0,0,0,0,,0,0,Matches
160,Samuel Edozie,eng ENG,"DF,FW",Southampton,21,2003,0.7,0,0,0,,0,0,,,,0,0,0,0,0,,0,0,Matches
161,Ronnie Edwards,eng ENG,DF,Southampton,21,2003,0.1,0,0,0,,0,0,,,,0,0,0,0,0,,0,0,Matches
162,Anthony Elanga,se SWE,"FW,MF",Nott'ham Forest,22,2002,27.8,6,44,24,54.5,1.58,0.86,0.14,0.25,17.6,6,0,0,4.5,4.5,0.1,1.5,1.5,Matches
163,Harvey Elliott,eng ENG,MF,Liverpool,21,2003,4.1,1,17,4,23.5,4.12,0.97,0.06,0.25,16.9,1,0,0,1.8,1.8,0.1,-0.8,-0.8,Matches
164,Yunus Emre Konak,tr TUR,"FW,MF",Brentford,18,2006,0.5,0,1,0,0,2.14,0,0,,21.4,0,0,0,0.2,0.2,0.15,-0.2,-0.2,Matches
165,Julio Enciso,py PAR,"MF,FW",Ipswich Town,20,2004,9.7,2,32,11,34.4,3.31,1.14,0.06,0.18,23,1,0,0,1.7,1.7,0.05,0.3,0.3,Matches
166,Julio Enciso,py PAR,"MF,FW",Brighton,20,2004,3.3,0,20,11,55,6.12,3.37,0,0,21.3,1,0,0,1,1,0.05,-1,-1,Matches
167,Wataru Endo,jp JPN,"MF,DF",Liverpool,31,1993,3,0,0,0,,0,0,,,,0,0,0,0,0,,0,0,Matches
168,Christian Eriksen,dk DEN,MF,Manchester Utd,32,1992,11.8,1,14,1,7.1,1.19,0.08,0,0,25.8,3,1,1,1.4,0.6,0.04,-0.4,-0.6,Matches
169,Romain Esse,eng ENG,MF,Crystal Palace,19,2005,1.5,1,1,1,100,0.65,0.65,1,1,2.8,0,0,0,0.3,0.3,0.32,0.7,0.7,Matches
170,Pervis Estupiñán,ec ECU,DF,Brighton,26,1998,26.7,1,28,9,32.1,1.05,0.34,0.04,0.11,24.5,3,0,0,1.2,1.2,0.04,-0.2,-0.2,Matches
171,Evanilson,br BRA,FW,Bournemouth,24,1999,25.8,10,72,31,43.1,2.79,1.2,0.14,0.32,12.8,0,0,1,12.5,11.7,0.16,-2.5,-1.7,Matches
172,Jake Evans,,FW,Leicester City,,,0.3,0,0,0,,0,0,,,,0,0,0,0,0,,0,0,Matches
173,Jonny Evans,nir NIR,DF,Manchester Utd,36,1988,3.5,0,2,1,50,0.57,0.29,0,0,11.4,0,0,0,0.1,0.1,0.06,-0.1,-0.1,Matches
174,Eberechi Eze,eng ENG,"MF,FW",Crystal Palace,26,1998,28.8,8,100,27,27,3.48,0.94,0.07,0.26,21.5,16,1,2,10.5,8.9,0.09,-2.5,-1.9,Matches
175,Łukasz Fabiański,pl POL,GK,West Ham,39,1985,12.9,0,0,0,,0,0,,,,0,0,0,0,0,,0,0,Matches
Rk,Player,Nation,Pos,Squad,Age,Born,90s,Gls,Sh,SoT,SoT%,Sh/90,SoT/90,G/Sh,G/SoT,Dist,FK,PK,PKatt,xG,npxG,npxG/Sh,G-xG,np:G-xG,Matches
176,Wout Faes,be BEL,DF,Leicester City,26,1998,31.3,1,12,1,8.3,0.38,0.03,0.08,1,9.7,0,0,0,1.5,1.5,0.13,-0.5,-0.5,Matches
177,Abdul Fatawu Issahaku,gh GHA,FW,Leicester City,20,2004,6.4,0,13,5,38.5,2.02,0.78,0,0,31.2,0,0,0,0.4,0.4,0.03,-0.4,-0.4,Matches
178,João Félix,pt POR,"FW,MF",Chelsea,24,1999,4.1,1,20,5,25,4.88,1.22,0.05,0.2,15.9,0,0,0,2.2,2.2,0.11,-1.2,-1.2,Matches
179,Evan Ferguson,ie IRL,FW,West Ham,19,2004,1.7,0,5,1,20,2.88,0.58,0,0,17.2,0,0,0,0.6,0.6,0.11,-0.6,-0.6,Matches
180,Evan Ferguson,ie IRL,FW,Brighton,19,2004,2.7,1,7,2,28.6,2.56,0.73,0.14,0.5,19.2,1,0,0,0.5,0.5,0.08,0.5,0.5,Matches
181,Bruno Fernandes,pt POR,MF,Manchester Utd,29,1994,33.5,8,93,26,28,2.77,0.78,0.05,0.19,22.6,12,3,3,9.9,7.6,0.08,-1.9,-2.6,Matches
182,Mateus Fernandes,pt POR,MF,Southampton,20,2004,32.3,2,42,14,33.3,1.3,0.43,0.05,0.14,18.7,4,0,0,4,4,0.1,-2,-2,Matches
183,Enzo Fernández,ar ARG,MF,Chelsea,23,2001,32.7,6,53,20,37.7,1.62,0.61,0.11,0.3,18.1,2,0,0,6.1,6.1,0.11,-0.1,-0.1,Matches
184,Mark Flekken,nl NED,GK,Brentford,31,1993,36.4,0,0,0,,0,0,,,,0,0,0,0,0,,0,0,Matches
185,Phil Foden,eng ENG,"MF,FW",Manchester City,24,2000,19.7,7,54,16,29.6,2.73,0.81,0.13,0.44,18.6,2,0,0,5.2,5.2,0.1,1.8,1.8,Matches
186,Wesley Fofana,fr FRA,DF,Chelsea,23,2000,13,0,3,0,0,0.23,0,0,,10.6,0,0,0,0.4,0.4,0.13,-0.4,-0.4,Matches
187,Carlos Forbs,pt POR,"MF,FW",Wolves,20,2004,2.7,0,2,0,0,0.75,0,0,,19.1,0,0,0,0.1,0.1,0.07,-0.1,-0.1,Matches
188,Fraser Forster,eng ENG,GK,Tottenham,36,1988,7,0,0,0,,0,0,,,,0,0,0,0,0,,0,0,Matches
189,Matheus França,br BRA,"MF,FW",Crystal Palace,20,2004,0.6,1,6,3,50,9.82,4.91,0.17,0.33,15.8,0,0,0,0.3,0.3,0.04,0.7,0.7,Matches
190,Ryan Fraser,sct SCO,"FW,DF",Southampton,30,1994,3.4,0,1,1,100,0.29,0.29,0,0,31.6,0,0,0,0,0,0.03,0,0,Matches
191,Tyler Fredricson,eng ENG,DF,Manchester Utd,19,2005,1.8,0,0,0,,0,0,,,,0,0,0,0,0,,0,0,Matches
192,Niclas Füllkrug,de GER,FW,West Ham,31,1993,8.8,3,16,7,43.8,1.82,0.8,0.19,0.43,10.3,0,0,0,2.2,2.2,0.14,0.8,0.8,Matches
193,Cody Gakpo,nl NED,FW,Liverpool,25,1999,21.5,10,57,22,38.6,2.65,1.02,0.18,0.45,15.1,0,0,0,7.1,7.1,0.12,2.9,2.9,Matches
194,Idrissa Gana Gueye,sn SEN,MF,Everton,34,1989,34,0,27,5,18.5,0.79,0.15,0,0,25.2,0,0,0,1.1,1.1,0.04,-1.1,-1.1,Matches
195,Andrés García,es ESP,"DF,MF",Aston Villa,21,2003,3.5,0,2,0,0,0.57,0,0,,26.6,0,0,0,0,0,0.02,0,0,Matches
196,Alejandro Garnacho,ar ARG,"MF,FW",Manchester Utd,20,2004,24.4,6,84,29,34.5,3.44,1.19,0.07,0.21,17,0,0,0,7.3,7.3,0.09,-1.3,-1.3,Matches
197,James Garner,eng ENG,"MF,DF",Everton,23,2001,17.7,0,12,4,33.3,0.68,0.23,0,0,20.4,1,0,0,0.7,0.7,0.06,-0.7,-0.7,Matches
198,Tyrique George,eng ENG,FW,Chelsea,18,2006,2,1,3,1,33.3,1.48,0.49,0.33,1,15,0,0,0,0.2,0.2,0.07,0.8,0.8,Matches
199,Morgan Gibbs-White,eng ENG,MF,Nott'ham Forest,24,2000,31.1,7,61,21,34.4,1.96,0.67,0.11,0.33,17.4,4,0,0,6.3,6.3,0.1,0.7,0.7,Matches
200,Billy Gilmour,sct SCO,MF,Brighton,23,2001,1.1,0,1,0,0,0.92,0,0,,25.5,1,0,0,0.1,0.1,0.08,-0.1,-0.1,Matches
Rk,Player,Nation,Pos,Squad,Age,Born,90s,Gls,Sh,SoT,SoT%,Sh/90,SoT/90,G/Sh,G/SoT,Dist,FK,PK,PKatt,xG,npxG,npxG/Sh,G-xG,np:G-xG,Matches
201,Ben Godfrey,eng ENG,DF,Ipswich Town,26,1998,1.8,0,0,0,,0,0,,,,0,0,0,0,0,,0,0,Matches
202,Martial Godo,eng ENG,"FW,DF",Fulham,21,2003,0.3,0,0,0,,0,0,,,,0,0,0,0,0,,0,0,Matches
203,Michael Golding,eng ENG,MF,Leicester City,18,2006,0,0,0,0,,0,0,,,,0,0,0,0,0,,0,0,Matches
204,João Gomes,br BRA,MF,Wolves,23,2001,33,3,35,7,20,1.06,0.21,0.09,0.43,18.3,0,0,0,2.9,2.9,0.08,0.1,0.1,Matches
205,Rodrigo Gomes,pt POR,"DF,FW",Wolves,21,2003,9,2,7,3,42.9,0.78,0.33,0.29,0.67,16.8,0,0,0,0.7,0.7,0.1,1.3,1.3,Matches
206,Toti Gomes,pt POR,DF,Wolves,25,1999,29,0,7,2,28.6,0.24,0.07,0,0,11.6,0,0,0,0.7,0.7,0.1,-0.7,-0.7,Matches
207,Diego Gómez,py PAR,MF,Brighton,21,2003,5.7,1,9,3,33.3,1.57,0.52,0.11,0.33,19.6,2,0,0,0.9,0.9,0.09,0.1,0.1,Matches
208,Joe Gomez,eng ENG,DF,Liverpool,27,1997,5.8,0,3,2,66.7,0.52,0.35,0,0,11.9,0,0,0,0.3,0.3,0.11,-0.3,-0.3,Matches
209,Nicolás González,es ESP,MF,Manchester City,22,2002,8.4,1,9,2,22.2,1.07,0.24,0.11,0.5,19.5,0,0,0,0.5,0.5,0.05,0.5,0.5,Matches
210,Anthony Gordon,eng ENG,"FW,MF",Newcastle Utd,23,2001,27,6,57,16,28.1,2.11,0.59,0.09,0.31,17,1,1,2,8,6.5,0.11,-2,-1.5,Matches
211,Ryan Gravenberch,nl NED,MF,Liverpool,22,2002,35.1,0,20,5,25,0.57,0.14,0,0,24.5,0,0,0,1.1,1.1,0.06,-1.1,-1.1,Matches
212,Archie Gray,eng ENG,"DF,MF",Tottenham,18,2006,19.5,0,1,1,100,0.05,0.05,0,0,24.6,0,0,0,0,0,0.02,0,0,Matches
213,Jack Grealish,eng ENG,"FW,MF",Manchester City,28,1995,8,1,15,5,33.3,1.87,0.62,0.07,0.2,16.3,0,0,0,1.1,1.1,0.08,-0.1,-0.1,Matches
214,Jacob Greaves,eng ENG,DF,Ipswich Town,23,2000,24.5,1,10,4,40,0.41,0.16,0.1,0.25,9.7,0,0,0,1.3,1.3,0.13,-0.3,-0.3,Matches
215,Brajan Gruda,de GER,"MF,FW",Brighton,20,2004,7.6,1,11,5,45.5,1.44,0.66,0.09,0.2,16.9,2,0,0,1.2,1.2,0.11,-0.2,-0.2,Matches
216,Albert Grønbaek,dk DEN,"FW,MF",Southampton,23,2001,1.6,0,2,0,0,1.26,0,0,,22.4,0,0,0,0.1,0.1,0.06,-0.1,-0.1,Matches
217,Gonçalo Guedes,pt POR,"MF,FW",Wolves,27,1996,11.1,2,27,8,29.6,2.44,0.72,0.07,0.25,18.9,0,0,0,3.2,3.2,0.12,-1.2,-1.2,Matches
218,Marc Guéhi,eng ENG,DF,Crystal Palace,24,2000,34,3,15,7,46.7,0.44,0.21,0.2,0.43,10.7,0,0,0,2,2,0.13,1,1,Matches
219,Luis Guilherme,br BRA,"MF,FW",West Ham,18,2006,1.7,0,4,1,25,2.4,0.6,0,0,13.6,0,0,0,0.4,0.4,0.1,-0.4,-0.4,Matches
220,Bruno Guimarães,br BRA,MF,Newcastle Utd,26,1997,36.3,5,45,13,28.9,1.24,0.36,0.11,0.38,16.4,0,0,0,4.3,4.3,0.1,0.7,0.7,Matches
221,Marc Guiu,es ESP,FW,Chelsea,18,2006,0.8,0,0,0,,0,0,,,,0,0,0,0,0,,0,0,Matches
222,İlkay Gündoğan,de GER,MF,Manchester City,33,1990,24.7,1,27,7,25.9,1.09,0.28,0.04,0.14,18.1,2,0,0,3.2,3.2,0.12,-2.2,-2.2,Matches
223,Malo Gusto,fr FRA,DF,Chelsea,21,2003,20.7,0,22,4,18.2,1.06,0.19,0,0,21.3,0,0,0,1.7,1.7,0.08,-1.7,-1.7,Matches
224,Joško Gvardiol,hr CRO,DF,Manchester City,22,2002,36.4,5,40,12,30,1.1,0.33,0.13,0.42,12.9,0,0,0,4.6,4.3,0.11,0.4,0.7,Matches
225,Erling Haaland,no NOR,FW,Manchester City,24,2000,30.4,22,104,55,52.9,3.42,1.81,0.18,0.35,12.3,1,3,4,22,18.8,0.19,0,0.2,Matches
Rk,Player,Nation,Pos,Squad,Age,Born,90s,Gls,Sh,SoT,SoT%,Sh/90,SoT/90,G/Sh,G/SoT,Dist,FK,PK,PKatt,xG,npxG,npxG/Sh,G-xG,np:G-xG,Matches
226,Lewis Hall,eng ENG,DF,Newcastle Utd,19,2004,24.3,0,11,1,9.1,0.45,0.04,0,0,18.8,0,0,0,0.4,0.4,0.04,-0.4,-0.4,Matches
227,Ali Al Hamadi,iq IRQ,FW,Ipswich Town,22,2002,1.5,0,4,0,0,2.69,0,0,,15.7,0,0,0,0.4,0.4,0.09,-0.4,-0.4,Matches
228,Marcus Harness,eng ENG,MF,Ipswich Town,28,1996,0.5,0,0,0,,0,0,,,,0,0,0,0,0,,0,0,Matches
229,Jack Harrison,eng ENG,FW,Everton,27,1996,23.1,1,29,7,24.1,1.26,0.3,0.03,0.14,16.2,0,0,0,3.5,3.5,0.12,-2.5,-2.5,Matches
230,Taylor Harwood-Bellis,eng ENG,DF,Southampton,22,2002,31.4,1,20,8,40,0.64,0.25,0.05,0.13,10.6,0,0,0,1.8,1.8,0.09,-0.8,-0.8,Matches
231,Kai Havertz,de GER,"FW,MF",Arsenal,25,1999,20.8,9,53,21,39.6,2.54,1.01,0.17,0.43,11.6,0,0,0,9.5,9.5,0.18,-0.5,-0.5,Matches
232,Ayden Heaven,eng ENG,DF,Manchester Utd,17,2006,1.9,0,2,0,0,1.06,0,0,,15.5,0,0,0,0.1,0.1,0.07,-0.1,-0.1,Matches
233,Jan Paul van Hecke,nl NED,DF,Brighton,24,2000,32.9,1,17,5,29.4,0.52,0.15,0.06,0.2,13.9,0,0,0,1.3,1.3,0.08,-0.3,-0.3,Matches
234,Hwang Hee-chan,kr KOR,"MF,FW",Wolves,28,1996,7.3,2,5,3,60,0.68,0.41,0.4,0.67,17.4,0,0,0,0.8,0.8,0.16,1.2,1.2,Matches
235,Dean Henderson,eng ENG,GK,Crystal Palace,27,1997,38,0,1,0,0,0.03,0,0,,14.9,0,0,0,0,0,0.01,0,0,Matches
236,Rico Henry,eng ENG,DF,Brentford,27,1997,1.1,0,0,0,,0,0,,,,0,0,0,0,0,,0,0,Matches
237,Mads Hermansen,dk DEN,GK,Leicester City,24,2000,26.5,0,0,0,,0,0,,,,0,0,0,0,0,,0,0,Matches
238,Son Heung-min,kr KOR,FW,Tottenham,32,1992,23.4,7,55,24,43.6,2.35,1.02,0.11,0.25,17,1,1,2,7.2,5.7,0.11,-0.2,0.3,Matches
239,James Hill,eng ENG,DF,Bournemouth,22,2002,5,0,6,0,0,1.21,0,0,,13.9,0,0,0,0.3,0.3,0.05,-0.3,-0.3,Matches
240,Jack Hinshelwood,eng ENG,"MF,DF",Brighton,19,2005,20.5,5,18,10,55.6,0.88,0.49,0.28,0.5,12.2,0,0,0,2.7,2.7,0.15,2.3,2.3,Matches
241,George Hirst,sct SCO,FW,Ipswich Town,25,1999,7.3,3,14,7,50,1.91,0.95,0.21,0.43,11.3,0,0,0,2.1,2.1,0.15,0.9,0.9,Matches
242,Mason Holgate,jm JAM,"FW,DF",Everton,27,1996,0.1,0,0,0,,0,0,,,,0,0,0,0,0,,0,0,Matches
243,Harry Howell,eng ENG,FW,Brighton,15,2008,0.1,0,0,0,,0,0,,,,0,0,0,0,0,,0,0,Matches
244,Callum Hudson-Odoi,eng ENG,"FW,MF",Nott'ham Forest,23,2000,24.4,5,37,17,45.9,1.52,0.7,0.14,0.29,18.3,0,0,0,2.5,2.5,0.07,2.5,2.5,Matches
245,Will Hughes,eng ENG,MF,Crystal Palace,29,1995,23.4,0,22,1,4.5,0.94,0.04,0,0,22.3,0,0,0,1.1,1.1,0.05,-1.1,-1.1,Matches
246,Dean Huijsen,es ESP,DF,Bournemouth,19,2005,27,3,18,3,16.7,0.67,0.11,0.17,1,11.9,0,0,0,1.9,1.9,0.1,1.1,1.1,Matches
247,Omari Hutchinson,eng ENG,"MF,FW",Ipswich Town,20,2003,28.7,3,45,18,40,1.57,0.63,0.07,0.17,19.6,4,0,0,2.9,2.9,0.06,0.1,0.1,Matches
248,Rasmus Højlund,dk DEN,FW,Manchester Utd,21,2003,22.3,4,32,13,40.6,1.44,0.58,0.13,0.31,12.9,0,0,0,5.3,5.3,0.16,-1.3,-1.3,Matches
249,Igor,br BRA,DF,Brighton,26,1998,10.7,0,1,0,0,0.09,0,0,,14.1,0,0,0,0,0,0.05,0,0,Matches
250,Danny Ings,eng ENG,"FW,MF",West Ham,32,1992,3.2,1,14,5,35.7,4.44,1.58,0.07,0.2,15.5,0,0,0,2.3,2.3,0.16,-1.3,-1.3,Matches
Rk,Player,Nation,Pos,Squad,Age,Born,90s,Gls,Sh,SoT,SoT%,Sh/90,SoT/90,G/Sh,G/SoT,Dist,FK,PK,PKatt,xG,npxG,npxG/Sh,G-xG,np:G-xG,Matches
251,Tim Iroegbunam,eng ENG,MF,Everton,21,2003,6.4,0,5,0,0,0.78,0,0,,22.5,0,0,0,0.2,0.2,0.05,-0.2,-0.2,Matches
252,Andy Irving,sct SCO,MF,West Ham,24,2000,1.8,0,4,2,50,2.17,1.08,0,0,26.2,0,0,0,0.1,0.1,0.03,-0.1,-0.1,Matches
253,Alexander Isak,se SWE,FW,Newcastle Utd,24,1999,30.6,23,95,41,43.2,3.1,1.34,0.2,0.46,14.5,3,4,4,20.3,17.2,0.18,2.7,1.8,Matches
254,Alex Iwobi,ng NGA,"FW,MF",Fulham,28,1996,33.1,9,68,29,42.6,2.05,0.88,0.13,0.31,18.3,0,0,0,4.7,4.7,0.07,4.3,4.3,Matches
255,Nicolas Jackson,sn SEN,FW,Chelsea,23,2001,24.7,10,76,34,44.7,3.08,1.38,0.13,0.29,12.9,0,0,0,12.3,12.3,0.16,-2.3,-2.3,Matches
256,Reece James,eng ENG,"DF,MF",Chelsea,24,1999,11.8,1,11,3,27.3,0.93,0.25,0.09,0.33,23.2,3,0,0,0.4,0.4,0.04,0.6,0.6,Matches
257,Vitaly Janelt,de GER,MF,Brentford,26,1998,25,1,14,4,28.6,0.56,0.16,0.07,0.25,17.7,0,0,0,0.8,0.8,0.06,0.2,0.2,Matches
258,Vitezslav Jaros,cz CZE,GK,Liverpool,23,2001,0.1,0,0,0,,0,0,,,,0,0,0,0,0,,0,0,Matches
259,Daniel Jebbison,ca CAN,FW,Bournemouth,20,2003,1.3,1,5,2,40,3.78,1.51,0.2,0.5,10.6,0,0,0,1,1,0.2,0,0,Matches
260,Mathias Jensen,dk DEN,MF,Brentford,28,1996,9.6,0,6,1,16.7,0.63,0.1,0,0,23.1,0,0,0,0.2,0.2,0.04,-0.2,-0.2,Matches
261,Gabriel Jesus,br BRA,FW,Arsenal,27,1997,6.8,3,20,7,35,2.96,1.04,0.15,0.43,11.1,0,0,0,3,3,0.15,0,0,Matches
262,Raúl Jiménez,mx MEX,FW,Fulham,33,1991,27.7,12,93,30,32.3,3.36,1.08,0.1,0.3,14.5,1,3,3,12,9.6,0.1,0,-0.6,Matches
263,Kim Jisoo,kr KOR,DF,Brentford,19,2004,0.3,0,0,0,,0,0,,,,0,0,0,0,0,,0,0,Matches
264,João Pedro,br BRA,"FW,MF",Brighton,22,2001,21.6,10,42,15,35.7,1.94,0.69,0.12,0.33,17.2,0,5,5,8.9,5,0.12,1.1,0,Matches
265,Joelinton,br BRA,"MF,FW",Newcastle Utd,27,1996,26.6,4,45,13,28.9,1.69,0.49,0.09,0.31,14,0,0,0,3.9,3.9,0.09,0.1,0.1,Matches
266,Ben Johnson,eng ENG,"DF,FW",Ipswich Town,24,2000,15,1,7,3,42.9,0.47,0.2,0.14,0.33,12.6,0,0,0,1.1,1.1,0.15,-0.1,-0.1,Matches
267,Brennan Johnson,wls WAL,FW,Tottenham,23,2001,24.2,11,54,20,37,2.23,0.83,0.2,0.55,11.4,0,0,0,10.4,10.4,0.19,0.6,0.6,Matches
268,Sam Johnstone,eng ENG,GK,Wolves,31,1993,7,0,0,0,,0,0,,,,0,0,0,0,0,,0,0,Matches
269,Curtis Jones,eng ENG,"MF,DF",Liverpool,23,2001,19,3,34,13,38.2,1.79,0.68,0.09,0.23,17.1,0,0,0,4.3,4.3,0.13,-1.3,-1.3,Matches
270,Jorginho,it ITA,MF,Arsenal,32,1991,7.8,0,2,0,0,0.26,0,0,,23.2,0,0,0,0.1,0.1,0.03,-0.1,-0.1,Matches
271,Diogo Jota,pt POR,FW,Liverpool,27,1996,13.3,6,51,13,25.5,3.84,0.98,0.12,0.46,12.4,0,0,0,7.9,7.9,0.16,-1.9,-1.9,Matches
272,James Justin,eng ENG,DF,Leicester City,26,1998,32.4,2,25,6,24,0.77,0.19,0.08,0.33,16.2,2,0,0,1.5,1.5,0.06,0.5,0.5,Matches
273,Filip Jørgensen,dk DEN,GK,Chelsea,22,2002,6,0,0,0,,0,0,,,,0,0,0,0,0,,0,0,Matches
274,Ferdi Kadioglu,tr TUR,"DF,MF",Brighton,24,1999,4.3,1,4,1,25,0.94,0.23,0.25,1,15.1,0,0,0,0.4,0.4,0.11,0.6,0.6,Matches
275,Daichi Kamada,jp JPN,MF,Crystal Palace,27,1996,17.4,0,20,4,20,1.15,0.23,0,0,20.3,0,0,0,1.1,1.1,0.05,-1.1,-1.1,Matches
Rk,Player,Nation,Pos,Squad,Age,Born,90s,Gls,Sh,SoT,SoT%,Sh/90,SoT/90,G/Sh,G/SoT,Dist,FK,PK,PKatt,xG,npxG,npxG/Sh,G-xG,np:G-xG,Matches
276,Boubacar Kamara,fr FRA,MF,Aston Villa,24,1999,19.2,1,10,3,30,0.52,0.16,0.1,0.33,19.6,0,0,0,0.8,0.8,0.08,0.2,0.2,Matches
277,Joachim Kayi Sanda,fr FRA,DF,Southampton,17,2006,0.2,0,0,0,,0,0,,,,0,0,0,0,0,,0,0,Matches
278,Michael Kayode,it ITA,DF,Brentford,20,2004,5.9,0,2,0,0,0.34,0,0,,16.8,0,0,0,0.2,0.2,0.1,-0.2,-0.2,Matches
279,Michael Keane,eng ENG,DF,Everton,31,1993,11.7,3,10,4,40,0.86,0.34,0.3,0.75,13.2,0,0,0,0.6,0.6,0.06,2.4,2.4,Matches
280,Caoimhín Kelleher,ie IRL,GK,Liverpool,25,1998,10,0,0,0,,0,0,,,,0,0,0,0,0,,0,0,Matches
281,Lloyd Kelly,eng ENG,DF,Newcastle Utd,25,1998,3.4,0,3,0,0,0.89,0,0,,7.3,0,0,0,0.4,0.4,0.14,-0.4,-0.4,Matches
282,Milos Kerkez,hu HUN,DF,Bournemouth,20,2003,37.1,2,19,5,26.3,0.51,0.13,0.11,0.4,20.2,0,0,0,0.6,0.5,0.03,1.4,1.5,Matches
283,Bilal El Khannouss,ma MAR,"MF,FW",Leicester City,20,2004,24.2,2,30,7,23.3,1.24,0.29,0.07,0.29,22,0,0,0,1.3,1.3,0.04,0.7,0.7,Matches
284,Abdukodir Khusanov,uz UZB,DF,Manchester City,20,2004,5.6,0,1,0,0,0.18,0,0,,23.9,0,0,0,0,0,0.02,0,0,Matches
285,Max Kilman,eng ENG,DF,West Ham,27,1997,37.2,0,13,2,15.4,0.35,0.05,0,0,8.9,0,0,0,1.6,1.6,0.13,-1.6,-1.6,Matches
286,Joshua King,eng ENG,MF,Fulham,17,2007,1.4,0,3,0,0,2.08,0,0,,9,0,0,0,0.3,0.3,0.11,-0.3,-0.3,Matches
287,Tom King,wls WAL,GK,Wolves,29,1995,0,0,0,0,,0,0,,,,0,0,0,0,0,,0,0,Matches
288,Antonín Kinský,cz CZE,GK,Tottenham,21,2003,6,0,0,0,,0,0,,,,0,0,0,0,0,,0,0,Matches
289,Jakub Kiwior,pl POL,DF,Arsenal,24,2000,12.5,1,3,1,33.3,0.24,0.08,0.33,1,18.5,0,0,0,0.2,0.2,0.06,0.8,0.8,Matches
290,Justin Kluivert,nl NED,MF,Bournemouth,25,1999,26,12,57,23,40.4,2.19,0.88,0.11,0.26,20,0,6,6,10.3,5.6,0.1,1.7,0.4,Matches
291,Ibrahima Konaté,fr FRA,DF,Liverpool,25,1999,28.4,1,19,3,15.8,0.67,0.11,0.05,0.33,10.5,0,0,0,1.7,1.7,0.09,-0.7,-0.7,Matches
292,Ezri Konsa,eng ENG,DF,Aston Villa,26,1997,32.6,2,11,5,45.5,0.34,0.15,0.18,0.4,8.8,0,0,0,1.3,1.3,0.12,0.7,0.7,Matches
293,Mateo Kovačić,hr CRO,MF,Manchester City,30,1994,24.4,6,45,12,26.7,1.84,0.49,0.13,0.5,22.9,0,0,0,1.9,1.9,0.04,4.1,4.1,Matches
294,Caleb Kporha,eng ENG,DF,Crystal Palace,18,2006,0.1,0,0,0,,0,0,,,,0,0,0,0,0,,0,0,Matches
295,Emil Krafth,se SWE,DF,Newcastle Utd,29,1994,3.8,0,1,0,0,0.26,0,0,,14.6,0,0,0,0,0,0.03,0,0,Matches
296,Mohammed Kudus,gh GHA,"FW,MF",West Ham,23,2000,28.8,5,75,21,28,2.61,0.73,0.07,0.24,16,0,0,0,6.9,6.9,0.09,-1.9,-1.9,Matches
297,Dejan Kulusevski,se SWE,"MF,FW",Tottenham,24,2000,26.5,7,47,17,36.2,1.77,0.64,0.15,0.41,14.7,0,0,0,4.2,4.2,0.09,2.8,2.8,Matches
298,Maxence Lacroix,fr FRA,DF,Crystal Palace,24,2000,34.6,1,30,5,16.7,0.87,0.14,0.03,0.2,10.8,0,0,0,3.4,3.4,0.11,-2.4,-2.4,Matches
299,Adam Lallana,eng ENG,MF,Southampton,36,1988,4,0,3,0,0,0.75,0,0,,18.1,0,0,0,0.2,0.2,0.06,-0.2,-0.2,Matches
300,Tariq Lamptey,gh GHA,DF,Brighton,23,2000,9.6,2,6,2,33.3,0.63,0.21,0.33,1,18.5,0,0,0,0.4,0.4,0.06,1.6,1.6,Matches
Rk,Player,Nation,Pos,Squad,Age,Born,90s,Gls,Sh,SoT,SoT%,Sh/90,SoT/90,G/Sh,G/SoT,Dist,FK,PK,PKatt,xG,npxG,npxG/Sh,G-xG,np:G-xG,Matches
301,Will Lankshear,eng ENG,"FW,MF",Tottenham,19,2005,0.1,0,0,0,,0,0,,,,0,0,0,0,0,,0,0,Matches
302,Roméo Lavia,be BEL,MF,Chelsea,20,2004,8.9,0,2,0,0,0.23,0,0,,18.8,0,0,0,0.3,0.3,0.13,-0.3,-0.3,Matches
303,Mario Lemina,ga GAB,"MF,DF",Wolves,30,1993,15.2,1,18,5,27.8,1.19,0.33,0.06,0.2,21.9,0,0,0,1.4,1.4,0.08,-0.4,-0.4,Matches
304,Bernd Leno,de GER,GK,Fulham,32,1992,38,0,0,0,,0,0,,,,0,0,0,0,0,,0,0,Matches
305,Jefferson Lerma,co COL,"MF,DF",Crystal Palace,29,1994,25.3,0,26,8,30.8,1.03,0.32,0,0,19.8,0,0,0,1.1,1.1,0.04,-1.1,-1.1,Matches
306,Rico Lewis,eng ENG,"DF,MF",Manchester City,19,2004,21,1,10,2,20,0.48,0.1,0.1,0.5,15.8,0,0,0,1.4,1.4,0.14,-0.4,-0.4,Matches
307,Keane Lewis-Potter,eng ENG,"DF,FW",Brentford,23,2001,34.4,1,28,14,50,0.81,0.41,0.04,0.07,20.2,1,0,0,3.1,3.1,0.11,-2.1,-2.1,Matches
308,Myles Lewis-Skelly,eng ENG,DF,Arsenal,17,2006,15.2,1,3,1,33.3,0.2,0.07,0.33,1,14.7,0,0,0,0.2,0.2,0.05,0.8,0.8,Matches
309,Matthijs de Ligt,nl NED,DF,Manchester Utd,24,1999,23.6,2,18,9,50,0.76,0.38,0.11,0.22,7.9,0,0,0,2.5,2.5,0.14,-0.5,-0.5,Matches
310,Pedro Lima,br BRA,DF,Wolves,18,2006,0.8,0,1,1,100,1.29,1.29,0,0,22.5,0,0,0,0.1,0.1,0.06,-0.1,-0.1,Matches
311,Victor Lindelöf,se SWE,DF,Manchester Utd,30,1994,7.8,0,0,0,,0,0,,,,0,0,0,0,0,,0,0,Matches
312,Jesper Lindstrøm,dk DEN,FW,Everton,24,2000,13.8,0,28,10,35.7,2.03,0.73,0,0,21,6,0,0,2.1,2.1,0.08,-2.1,-2.1,Matches
313,Valentino Livramento,eng ENG,DF,Newcastle Utd,21,2002,31.6,0,6,2,33.3,0.19,0.06,0,0,19.7,0,0,0,0.3,0.3,0.05,-0.3,-0.3,Matches
314,Sean Longstaff,eng ENG,MF,Newcastle Utd,26,1997,8.9,0,6,1,16.7,0.68,0.11,0,0,13.5,0,0,0,0.6,0.6,0.1,-0.6,-0.6,Matches
315,Saša Lukić,rs SRB,MF,Fulham,27,1996,26,0,18,2,11.1,0.69,0.08,0,0,20.2,0,0,0,1.2,1.2,0.06,-1.2,-1.2,Matches
316,Joe Lumley,eng ENG,GK,Southampton,29,1995,3,0,0,0,,0,0,,,,0,0,0,0,0,,0,0,Matches
317,Massimo Luongo,au AUS,MF,Ipswich Town,31,1992,2.2,0,0,0,,0,0,,,,0,0,0,0,0,,0,0,Matches
318,Ian Maatsen,nl NED,DF,Aston Villa,22,2002,12.7,1,19,5,26.3,1.5,0.4,0.05,0.2,22.1,0,0,0,0.9,0.9,0.05,0.1,0.1,Matches
319,Alexis Mac Allister,ar ARG,MF,Liverpool,25,1998,28.9,5,38,13,34.2,1.32,0.45,0.13,0.38,18.1,1,0,0,2.8,2.8,0.07,2.2,2.2,Matches
320,James Maddison,eng ENG,MF,Tottenham,27,1996,20.1,9,39,17,43.6,1.94,0.85,0.23,0.53,16.7,6,0,0,5.8,5.8,0.15,3.2,3.2,Matches
321,Noni Madueke,eng ENG,FW,Chelsea,22,2002,22.6,7,80,30,37.5,3.54,1.33,0.09,0.23,14.4,0,0,0,9.6,9.6,0.12,-2.6,-2.6,Matches
322,Gabriel Magalhães,br BRA,DF,Arsenal,26,1997,26.3,3,22,5,22.7,0.84,0.19,0.14,0.6,9.5,0,0,0,2.6,2.6,0.12,0.4,0.4,Matches
323,Edmond-Paris Maghoma,eng ENG,"MF,FW",Brentford,23,2001,1.3,0,1,0,0,0.76,0,0,,23.8,0,0,0,0.1,0.1,0.12,-0.1,-0.1,Matches
324,Harry Maguire,eng ENG,DF,Manchester Utd,31,1993,19.5,1,15,6,40,0.77,0.31,0.07,0.17,8.2,0,0,0,1.8,1.8,0.12,-0.8,-0.8,Matches
325,Kobbie Mainoo,eng ENG,MF,Manchester Utd,19,2005,18.3,0,15,2,13.3,0.82,0.11,0,0,20.5,0,0,0,0.7,0.7,0.05,-0.7,-0.7,Matches
Rk,Player,Nation,Pos,Squad,Age,Born,90s,Gls,Sh,SoT,SoT%,Sh/90,SoT/90,G/Sh,G/SoT,Dist,FK,PK,PKatt,xG,npxG,npxG/Sh,G-xG,np:G-xG,Matches
326,Tyrell Malacia,nl NED,DF,Manchester Utd,24,1999,1.1,0,0,0,,0,0,,,,0,0,0,0,0,,0,0,Matches
327,Donyell Malen,nl NED,FW,Aston Villa,25,1999,3.4,3,15,9,60,4.43,2.66,0.2,0.33,15.2,0,0,0,2.2,2.2,0.14,0.8,0.8,Matches
328,Mateus Mane,,MF,Wolves,,,0,0,0,0,,0,0,,,,0,0,0,0,0,,0,0,Matches
329,Orel Mangala,be BEL,MF,Everton,26,1998,14,1,16,6,37.5,1.14,0.43,0.06,0.17,22.1,0,0,0,1.1,1.1,0.07,-0.1,-0.1,Matches
330,Ryan Manning,ie IRL,"DF,MF",Southampton,28,1996,16.2,0,8,1,12.5,0.49,0.06,0,0,22,1,0,0,0.3,0.3,0.04,-0.3,-0.3,Matches
331,Solly March,eng ENG,"FW,MF",Brighton,30,1994,1.9,0,2,0,0,1.07,0,0,,22.5,0,0,0,0.1,0.1,0.04,-0.1,-0.1,Matches
332,Omar Marmoush,eg EGY,"FW,MF",Manchester City,25,1999,13.1,7,49,17,34.7,3.75,1.3,0.14,0.41,18.6,7,0,0,5.5,5.5,0.11,1.5,1.5,Matches
333,Gabriel Martinelli,br BRA,"FW,MF",Arsenal,23,2001,25.4,8,55,24,43.6,2.16,0.94,0.15,0.33,12.9,0,0,0,7.4,7.4,0.14,0.6,0.6,Matches
334,Emiliano Martínez,ar ARG,GK,Aston Villa,31,1992,35.5,0,0,0,,0,0,,,,0,0,0,0,0,,0,0,Matches
335,Lisandro Martínez,ar ARG,DF,Manchester Utd,26,1998,19.5,2,17,6,35.3,0.87,0.31,0.12,0.33,15.9,0,0,0,1.3,1.3,0.08,0.7,0.7,Matches
336,Pape Matar Sarr,sn SEN,MF,Tottenham,21,2002,21.3,3,34,13,38.2,1.6,0.61,0.09,0.23,20.9,0,0,0,3.7,3.7,0.11,-0.7,-0.7,Matches
337,Jean-Philippe Mateta,fr FRA,FW,Crystal Palace,27,1997,29.4,14,68,29,42.6,2.31,0.99,0.18,0.41,15.6,0,2,2,13.5,11.9,0.18,0.5,0.1,Matches
338,Stephy Mavididi,eng ENG,FW,Leicester City,26,1998,17.9,4,26,7,26.9,1.45,0.39,0.15,0.57,16.1,1,0,0,1.8,1.8,0.07,2.2,2.2,Matches
339,Konstantinos Mavropanos,gr GRE,DF,West Ham,26,1997,22.7,0,18,5,27.8,0.79,0.22,0,0,14.8,0,0,0,1.5,1.5,0.09,-1.5,-1.5,Matches
340,Noussair Mazraoui,ma MAR,DF,Manchester Utd,26,1997,31.5,0,13,3,23.1,0.41,0.1,0,0,20.6,0,0,0,0.7,0.7,0.05,-0.7,-0.7,Matches
341,Bryan Mbeumo,cm CMR,FW,Brentford,24,1999,37.9,20,79,34,43,2.08,0.9,0.19,0.44,17.9,6,5,6,12.3,7.5,0.1,7.7,7.5,Matches
342,James Mcatee,eng ENG,"MF,FW",Manchester City,21,2002,3.9,3,12,4,33.3,3.09,1.03,0.25,0.75,14.3,0,0,0,2.8,2.8,0.23,0.2,0.2,Matches
343,Kasey McAteer,ie IRL,FW,Leicester City,22,2001,9.5,1,13,7,53.8,1.37,0.74,0.08,0.14,16.4,0,0,0,1,1,0.08,0,0,Matches
344,Alex McCarthy,eng ENG,GK,Southampton,34,1989,5,0,0,0,,0,0,,,,0,0,0,0,0,,0,0,Matches
345,John McGinn,sct SCO,"MF,FW",Aston Villa,29,1994,24.7,1,31,5,16.1,1.26,0.2,0.03,0.2,17,1,0,0,3.1,2.8,0.09,-2.1,-1.8,Matches
346,Dwight McNeil,eng ENG,"MF,FW",Everton,24,1999,15.2,4,25,10,40,1.64,0.66,0.16,0.4,21.9,0,0,0,1.1,1.1,0.04,2.9,2.9,Matches
347,Scott McTominay,sct SCO,MF,Manchester Utd,27,1996,0.2,0,1,0,0,4.74,0,0,,10.7,0,0,0,0.1,0.1,0.07,-0.1,-0.1,Matches
348,Ben Mee,eng ENG,DF,Brentford,34,1989,2,0,0,0,,0,0,,,,0,0,0,0,0,,0,0,Matches
349,Jayden Meghoma,eng ENG,DF,Brentford,18,2006,0.1,0,0,0,,0,0,,,,0,0,0,0,0,,0,0,Matches
350,Mikel Merino,es ESP,"MF,FW",Arsenal,28,1996,17.6,7,38,13,34.2,2.16,0.74,0.18,0.54,10.7,0,0,0,5.9,5.9,0.16,1.1,1.1,Matches
Rk,Player,Nation,Pos,Squad,Age,Born,90s,Gls,Sh,SoT,SoT%,Sh/90,SoT/90,G/Sh,G/SoT,Dist,FK,PK,PKatt,xG,npxG,npxG/Sh,G-xG,np:G-xG,Matches
351,Shumaira Mheuka,eng ENG,MF,Chelsea,16,2007,0,0,1,1,100,90,90,0,0,7.2,0,0,0,0.1,0.1,0.06,-0.1,-0.1,Matches
352,Nikola Milenković,rs SRB,DF,Nott'ham Forest,26,1997,37,5,29,8,27.6,0.78,0.22,0.17,0.63,11.6,0,0,0,4,4,0.14,1,1,Matches
353,Lewis Miley,eng ENG,MF,Newcastle Utd,18,2006,3.5,1,3,2,66.7,0.86,0.58,0.33,0.5,14.6,0,0,0,0.5,0.5,0.18,0.5,0.5,Matches
354,James Milner,eng ENG,MF,Brighton,38,1986,1.9,0,2,0,0,1.06,0,0,,16,0,0,0,0.2,0.2,0.08,-0.2,-0.2,Matches
355,Tyrone Mings,eng ENG,DF,Aston Villa,31,1993,12.4,0,9,1,11.1,0.72,0.08,0,0,11.8,0,0,0,0.8,0.8,0.09,-0.8,-0.8,Matches
356,Yankuba Minteh,gm GAM,"FW,MF",Brighton,20,2004,20.4,6,34,16,47.1,1.66,0.78,0.18,0.38,13.8,0,0,0,4.1,4.1,0.12,1.9,1.9,Matches
357,Tyrick Mitchell,eng ENG,DF,Crystal Palace,24,1999,34.4,0,12,3,25,0.35,0.09,0,0,12.8,0,0,0,1.3,1.3,0.11,-1.3,-1.3,Matches
358,Kaoru Mitoma,jp JPN,"FW,MF",Brighton,27,1997,28.9,10,57,27,47.4,1.97,0.93,0.18,0.37,13.9,0,0,0,9.2,9.2,0.16,0.8,0.8,Matches
359,Jakub Moder,pl POL,MF,Brighton,25,1999,0.1,0,0,0,,0,0,,,,0,0,0,0,0,,0,0,Matches
360,Jeremy Monga,,"FW,MF",Leicester City,,,1.2,0,3,1,33.3,2.41,0.8,0,0,19.8,0,0,0,0.2,0.2,0.05,-0.2,-0.2,Matches
361,Mikey Moore,eng ENG,FW,Tottenham,16,2007,4.1,0,3,0,0,0.74,0,0,,19.5,0,0,0,0.2,0.2,0.07,-0.2,-0.2,Matches
362,Morato,br BRA,DF,Nott'ham Forest,23,2001,10.1,0,2,1,50,0.2,0.1,0,0,8.6,0,0,0,0.2,0.2,0.09,-0.2,-0.2,Matches
363,Álex Moreno,es ESP,"DF,MF",Nott'ham Forest,31,1993,10.6,0,6,0,0,0.57,0,0,,23.7,0,0,0,0.2,0.2,0.03,-0.2,-0.2,Matches
364,Sam Morsy,eg EGY,MF,Ipswich Town,32,1991,30.6,1,13,3,23.1,0.43,0.1,0.08,0.33,27.2,0,0,0,0.4,0.4,0.03,0.6,0.6,Matches
365,Yerson Mosquera,co COL,DF,Wolves,23,2001,4.9,0,2,0,0,0.41,0,0,,12.4,0,0,0,0.3,0.3,0.17,-0.3,-0.3,Matches
366,Mason Mount,eng ENG,MF,Manchester Utd,25,1999,6.9,1,20,9,45,2.89,1.3,0.05,0.11,15,0,0,0,3.2,3.2,0.17,-2.2,-2.2,Matches
367,Divin Mubama,eng ENG,FW,Manchester City,19,2004,0.3,0,1,0,0,3.21,0,0,,17.2,0,0,0,0,0,0.04,0,0,Matches
368,Mykhailo Mudryk,ua UKR,FW,Chelsea,23,2001,1.7,0,1,1,100,0.6,0.6,0,0,11.6,0,0,0,0.3,0.3,0.25,-0.3,-0.3,Matches
369,Marshall Munetsi,zw ZIM,"MF,FW",Wolves,28,1996,12,2,22,7,31.8,1.84,0.58,0.09,0.29,15,0,0,0,3.3,3.3,0.15,-1.3,-1.3,Matches
370,Rodrigo Muniz,br BRA,FW,Fulham,23,2001,10.7,8,39,19,48.7,3.64,1.77,0.21,0.42,12,0,0,0,5.8,5.8,0.15,2.2,2.2,Matches
371,Daniel Muñoz,co COL,DF,Crystal Palace,28,1996,35.9,4,37,14,37.8,1.03,0.39,0.11,0.29,12.7,0,0,0,4.9,4.9,0.13,-0.9,-0.9,Matches
372,Arijanet Muric,xk KVX,GK,Ipswich Town,25,1998,18,0,0,0,,0,0,,,,0,0,0,0,0,,0,0,Matches
373,Murillo,br BRA,DF,Nott'ham Forest,22,2002,35.4,2,25,6,24,0.71,0.17,0.08,0.33,21.9,3,0,0,1.4,1.4,0.06,0.6,0.6,Matches
374,Jacob Murphy,eng ENG,FW,Newcastle Utd,29,1995,26.2,8,43,15,34.9,1.64,0.57,0.19,0.53,18.2,0,0,0,5.7,5.7,0.13,2.3,2.3,Matches
375,Vitaliy Mykolenko,ua UKR,DF,Everton,25,1999,34.2,1,14,1,7.1,0.41,0.03,0.07,1,20.6,0,0,0,0.5,0.5,0.04,0.5,0.5,Matches
Rk,Player,Nation,Pos,Squad,Age,Born,90s,Gls,Sh,SoT,SoT%,Sh/90,SoT/90,G/Sh,G/SoT,Dist,FK,PK,PKatt,xG,npxG,npxG/Sh,G-xG,np:G-xG,Matches
376,Iliman Ndiaye,sn SEN,FW,Everton,24,2000,27,9,35,15,42.9,1.3,0.56,0.2,0.47,17.1,0,2,2,6.2,4.7,0.13,2.8,2.3,Matches
377,Wilfred Ndidi,ng NGA,MF,Leicester City,27,1996,25.8,0,22,8,36.4,0.85,0.31,0,0,13.9,0,0,0,2,2,0.09,-2,-2,Matches
378,Kosta Nedeljković,rs SRB,DF,Aston Villa,18,2005,1.4,0,0,0,,0,0,,,,0,0,0,0,0,,0,0,Matches
379,Reiss Nelson,eng ENG,FW,Arsenal,24,1999,0,0,0,0,,0,0,,,,0,0,0,0,0,,0,0,Matches
380,Reiss Nelson,eng ENG,FW,Fulham,24,1999,5.4,1,12,6,50,2.22,1.11,0.08,0.17,15.4,0,0,0,1.1,1.1,0.09,-0.1,-0.1,Matches
381,Neto,br BRA,GK,Bournemouth,35,1989,2,0,0,0,,0,0,,,,0,0,0,0,0,,0,0,Matches
382,Pedro Neto,pt POR,FW,Chelsea,24,2000,25.2,4,59,17,28.8,2.34,0.67,0.07,0.24,18.2,0,0,0,3.5,3.5,0.06,0.5,0.5,Matches
383,Eddie Nketiah,eng ENG,"FW,MF",Crystal Palace,25,1999,11.5,3,43,16,37.2,3.74,1.39,0.07,0.19,13.8,0,0,0,5.8,5.8,0.13,-2.8,-2.8,Matches
384,Christopher Nkunku,fr FRA,FW,Chelsea,26,1997,10.2,3,25,11,44,2.44,1.07,0.12,0.27,12.6,0,0,0,4.8,4.8,0.19,-1.8,-1.8,Matches
385,Gustavo Nunes,br BRA,"FW,MF",Brentford,18,2005,0.1,0,0,0,,0,0,,,,0,0,0,0,0,,0,0,Matches
386,Matheus Nunes,pt POR,"DF,MF",Manchester City,25,1998,18.6,1,9,4,44.4,0.48,0.22,0.11,0.25,19,0,0,0,1.2,1.2,0.14,-0.2,-0.2,Matches
387,Darwin Núñez,uy URU,FW,Liverpool,25,1999,12.6,5,34,13,38.2,2.7,1.03,0.15,0.38,14.3,0,0,0,5.8,5.8,0.17,-0.8,-0.8,Matches
388,Ethan Nwaneri,eng ENG,"FW,MF",Arsenal,17,2007,9.9,4,24,9,37.5,2.41,0.91,0.17,0.44,18.5,1,0,0,1.2,1.2,0.05,2.8,2.8,Matches
389,Christian Nørgaard,dk DEN,MF,Brentford,30,1994,31.3,5,39,15,38.5,1.25,0.48,0.13,0.33,14.3,0,0,0,4.3,4.3,0.11,0.7,0.7,Matches
390,Jake O'Brien,ie IRL,DF,Everton,23,2001,17.5,2,6,3,50,0.34,0.17,0.33,0.67,11.1,0,0,0,0.8,0.8,0.13,1.2,1.2,Matches
391,Matt O'Riley,dk DEN,MF,Brighton,23,2000,10.4,2,21,6,28.6,2.01,0.58,0.05,0.17,17.6,2,1,1,2.8,2,0.1,-0.8,-1,Matches
392,Dara O'Shea,ie IRL,DF,Ipswich Town,25,1999,34.7,0,22,2,9.1,0.63,0.06,0,0,13.6,0,0,0,1.3,1.3,0.06,-1.3,-1.3,Matches
393,Chidozie Obi-Martin,dk DEN,FW,Manchester Utd,16,2007,1.8,0,5,1,20,2.73,0.55,0,0,10.7,0,0,0,0.7,0.7,0.13,-0.7,-0.7,Matches
394,Wilson Odobert,fr FRA,"FW,MF",Tottenham,19,2004,9.4,1,13,4,30.8,1.38,0.42,0.08,0.25,16.4,0,0,0,1.6,1.6,0.12,-0.6,-0.6,Matches
395,Chiedozie Ogbene,ie IRL,FW,Ipswich Town,27,1997,2.6,0,0,0,,0,0,,,,0,0,0,0,0,,0,0,Matches
396,Caleb Okoli,it ITA,DF,Leicester City,23,2001,12.5,1,4,2,50,0.32,0.16,0.25,0.5,13.5,0,0,0,0.6,0.6,0.15,0.4,0.4,Matches
397,Robin Olsen,se SWE,GK,Aston Villa,34,1990,2.5,0,0,0,,0,0,,,,0,0,0,0,0,,0,0,Matches
398,Amadou Onana,be BEL,MF,Aston Villa,22,2001,18,3,17,6,35.3,0.95,0.33,0.18,0.5,14.7,0,0,0,2.1,2.1,0.12,0.9,0.9,Matches
399,André Onana,cm CMR,GK,Manchester Utd,28,1996,34,0,0,0,,0,0,,,,0,0,0,0,0,,0,0,Matches
400,Paul Onuachu,ng NGA,FW,Southampton,30,1994,11.7,4,34,15,44.1,2.91,1.29,0.12,0.27,10.4,0,0,0,3.6,3.6,0.11,0.4,0.4,Matches
Rk,Player,Nation,Pos,Squad,Age,Born,90s,Gls,Sh,SoT,SoT%,Sh/90,SoT/90,G/Sh,G/SoT,Dist,FK,PK,PKatt,xG,npxG,npxG/Sh,G-xG,np:G-xG,Matches
401,Frank Onyeka,ng NGA,MF,Brentford,26,1998,0.3,0,0,0,,0,0,,,,0,0,0,0,0,,0,0,Matches
402,Lewis Orford,eng ENG,MF,West Ham,18,2006,0.5,0,1,0,0,1.84,0,0,,12.7,0,0,0,0,0,0.03,0,0,Matches
403,Stefan Ortega,de GER,GK,Manchester City,31,1992,12.2,0,0,0,,0,0,,,,0,0,0,0,0,,0,0,Matches
404,William Osula,dk DEN,FW,Newcastle Utd,20,2003,1.5,1,4,1,25,2.69,0.67,0.25,1,13.5,0,0,0,0.2,0.2,0.04,0.8,0.8,Matches
405,Dango Ouattara,bf BFA,FW,Bournemouth,22,2002,22.3,7,62,20,32.3,2.78,0.9,0.11,0.35,13.5,1,0,0,8.4,8.4,0.14,-1.4,-1.4,Matches
406,Nico O’Reilly,eng ENG,DF,Manchester City,19,2005,5.9,2,8,3,37.5,1.36,0.51,0.25,0.67,15.4,0,0,0,1.3,1.3,0.16,0.7,0.7,Matches
407,Alex Palmer,eng ENG,GK,Ipswich Town,27,1996,13,0,0,0,,0,0,,,,0,0,0,0,0,,0,0,Matches
408,Cole Palmer,eng ENG,"MF,FW",Chelsea,22,2002,35.5,15,121,44,36.4,3.41,1.24,0.09,0.25,20.4,12,4,5,17.3,13.3,0.11,-2.3,-2.3,Matches
409,Emerson Palmieri,it ITA,DF,West Ham,29,1994,23.5,2,16,7,43.8,0.68,0.3,0.13,0.29,19,3,0,0,2,2,0.12,0,0,Matches
410,Lucas Paquetá,br BRA,"MF,FW",West Ham,26,1997,26.4,4,39,3,7.7,1.47,0.11,0.05,0.67,19.5,4,2,2,5.3,3.7,0.1,-1.3,-1.7,Matches
411,Thomas Partey,gh GHA,"MF,DF",Arsenal,31,1993,31.1,4,26,9,34.6,0.84,0.29,0.15,0.44,19.2,0,0,0,2.3,2.3,0.09,1.7,1.7,Matches
412,Nathan Patterson,sct SCO,DF,Everton,22,2001,3.9,0,1,0,0,0.26,0,0,,16.8,0,0,0,0.1,0.1,0.07,-0.1,-0.1,Matches
413,Andreas Pereira,br BRA,MF,Fulham,28,1996,22.4,2,38,8,21.1,1.7,0.36,0.05,0.25,21.8,6,0,1,3.8,3,0.08,-1.8,-1,Matches
414,Ricardo Pereira,pt POR,DF,Leicester City,30,1993,4.3,0,2,1,50,0.46,0.23,0,0,17,0,0,0,0.1,0.1,0.05,-0.1,-0.1,Matches
415,Kalvin Phillips,eng ENG,MF,Ipswich Town,28,1995,13.7,0,11,2,18.2,0.8,0.15,0,0,24.3,3,0,0,0.4,0.4,0.04,-0.4,-0.4,Matches
416,Jaden Philogene Bidace,eng ENG,"FW,MF",Aston Villa,22,2002,3.7,0,7,0,0,1.9,0,0,,16,0,0,0,0.5,0.5,0.07,-0.5,-0.5,Matches
417,Jaden Philogene Bidace,eng ENG,"FW,DF",Ipswich Town,22,2002,5.3,2,12,5,41.7,2.28,0.95,0.17,0.4,16.4,0,0,0,2,2,0.17,0,0,Matches
418,Jordan Pickford,eng ENG,GK,Everton,30,1994,38,0,0,0,,0,0,,,,0,0,0,0,0,,0,0,Matches
419,Ethan Pinnock,jm JAM,DF,Brentford,31,1993,21.3,2,10,6,60,0.47,0.28,0.2,0.33,11.1,0,0,0,1.1,1.1,0.11,0.9,0.9,Matches
420,Daniel Podence,pt POR,"MF,FW",Wolves,28,1995,0.5,0,1,0,0,1.87,0,0,,24.4,0,0,0,0,0,0.04,0,0,Matches
421,Alfie Pond,eng ENG,DF,Wolves,20,2004,0,0,0,0,,0,0,,,,0,0,0,0,0,,0,0,Matches
422,Nick Pope,eng ENG,GK,Newcastle Utd,32,1992,28,0,0,0,,0,0,,,,0,0,0,0,0,,0,0,Matches
423,Pedro Porro,es ESP,DF,Tottenham,24,1999,29,2,39,8,20.5,1.34,0.28,0.05,0.25,23,4,0,0,1.6,1.6,0.04,0.4,0.4,Matches
424,Jarell Quansah,eng ENG,DF,Liverpool,21,2003,5.5,0,1,0,0,0.18,0,0,,8.9,0,0,0,0.1,0.1,0.1,-0.1,-0.1,Matches
425,Aaron Ramsdale,eng ENG,GK,Southampton,26,1998,30,0,0,0,,0,0,,,,0,0,0,0,0,,0,0,Matches
Rk,Player,Nation,Pos,Squad,Age,Born,90s,Gls,Sh,SoT,SoT%,Sh/90,SoT/90,G/Sh,G/SoT,Dist,FK,PK,PKatt,xG,npxG,npxG/Sh,G-xG,np:G-xG,Matches
426,Jacob Ramsey,eng ENG,"FW,MF",Aston Villa,23,2001,18,1,19,4,21.1,1.05,0.22,0.05,0.25,16.8,0,0,0,1.6,1.6,0.08,-0.6,-0.6,Matches
427,Marcus Rashford,eng ENG,"FW,MF",Manchester Utd,26,1997,10.9,4,16,9,56.3,1.47,0.83,0.25,0.44,16.4,0,0,0,1.7,1.7,0.11,2.3,2.3,Matches
428,Marcus Rashford,eng ENG,FW,Aston Villa,26,1997,4.9,2,18,5,27.8,3.65,1.01,0.06,0.2,19.4,2,1,1,3.1,2.3,0.13,-1.1,-1.3,Matches
429,David Raya,es ESP,GK,Arsenal,28,1995,38,0,0,0,,0,0,,,,0,0,0,0,0,,0,0,Matches
430,Harrison Reed,eng ENG,MF,Fulham,29,1995,1.2,0,3,2,66.7,2.5,1.67,0,0,21.7,0,0,0,0.2,0.2,0.08,-0.2,-0.2,Matches
431,Remy Rees-Dottin,eng ENG,FW,Bournemouth,18,2006,0,0,0,0,,0,0,,,,0,0,0,0,0,,0,0,Matches
432,Sergio Reguilón,es ESP,DF,Tottenham,27,1996,2.2,0,2,0,0,0.92,0,0,,13.3,1,0,0,0.1,0.1,0.06,-0.1,-0.1,Matches
433,Vitor Reis,br BRA,DF,Manchester City,18,2006,0,0,0,0,,0,0,,,,0,0,0,0,0,,0,0,Matches
434,Chadi Riad,ma MAR,DF,Crystal Palace,21,2003,1,0,0,0,,0,0,,,,0,0,0,0,0,,0,0,Matches
435,Declan Rice,eng ENG,MF,Arsenal,25,1999,31.4,4,48,14,29.2,1.53,0.45,0.08,0.29,19.6,2,0,0,3.5,3.5,0.07,0.5,0.5,Matches
436,Chris Richards,us USA,DF,Crystal Palace,24,2000,21.4,1,12,6,50,0.56,0.28,0.08,0.17,10.8,0,0,0,1.4,1.4,0.12,-0.4,-0.4,Matches
437,Richarlison,br BRA,FW,Tottenham,27,1997,5.6,4,17,7,41.2,3.04,1.25,0.24,0.57,9.1,0,0,0,3.7,3.7,0.22,0.3,0.3,Matches
438,Andrew Robertson,sct SCO,DF,Liverpool,30,1994,27.6,0,15,2,13.3,0.54,0.07,0,0,14.9,0,0,0,1.2,1.2,0.08,-1.2,-1.2,Matches
439,Antonee Robinson,us USA,DF,Fulham,26,1997,35.2,0,16,2,12.5,0.45,0.06,0,0,22.1,0,0,0,0.7,0.7,0.04,-0.7,-0.7,Matches
440,Jay Robinson,eng ENG,"MF,FW",Southampton,17,2007,1.5,0,1,1,100,0.66,0.66,0,0,13.2,0,0,0,0,0,0.05,0,0,Matches
441,Rodri,es ESP,MF,Manchester City,28,1996,0.8,0,0,0,,0,0,,,,0,0,0,0,0,,0,0,Matches
442,Guido Rodríguez,ar ARG,MF,West Ham,30,1994,12.8,0,8,1,12.5,0.63,0.08,0,0,27.8,0,0,0,0.2,0.2,0.03,-0.2,-0.2,Matches
443,Mads Roerslev,dk DEN,DF,Brentford,25,1999,12.2,0,5,2,40,0.41,0.16,0,0,20.8,0,0,0,0.2,0.2,0.04,-0.2,-0.2,Matches
444,Morgan Rogers,eng ENG,"FW,MF",Aston Villa,22,2002,34.6,8,55,20,36.4,1.59,0.58,0.15,0.4,15.9,0,0,0,6.6,6.6,0.12,1.4,1.4,Matches
445,Cristian Romero,ar ARG,DF,Tottenham,26,1998,15.7,1,16,8,50,1.02,0.51,0.06,0.13,9.1,0,0,0,1.6,1.6,0.1,-0.6,-0.6,Matches
446,Georginio Rutter,fr FRA,"MF,FW",Brighton,22,2002,18.4,5,50,12,24,2.72,0.65,0.1,0.42,15.5,0,0,0,4.6,4.6,0.09,0.4,0.4,Matches
447,José Sá,pt POR,GK,Wolves,31,1993,29,0,0,0,,0,0,,,,0,0,0,0,0,,0,0,Matches
448,Bukayo Saka,eng ENG,"FW,MF",Arsenal,22,2001,19.2,6,66,22,33.3,3.44,1.15,0.08,0.23,15.6,1,1,1,6.8,6,0.09,-0.8,-1,Matches
449,Mohamed Salah,eg EGY,FW,Liverpool,32,1992,37.5,29,121,50,41.3,3.23,1.33,0.17,0.4,14.5,1,9,9,25.2,18.2,0.15,3.8,1.8,Matches
450,William Saliba,fr FRA,DF,Arsenal,23,2001,33.8,2,6,2,33.3,0.18,0.06,0.33,1,5.4,0,0,0,2.3,2.3,0.38,-0.3,-0.3,Matches
Rk,Player,Nation,Pos,Squad,Age,Born,90s,Gls,Sh,SoT,SoT%,Sh/90,SoT/90,G/Sh,G/SoT,Dist,FK,PK,PKatt,xG,npxG,npxG/Sh,G-xG,np:G-xG,Matches
451,Robert Sánchez,es ESP,GK,Chelsea,26,1997,32,0,0,0,,0,0,,,,0,0,0,0,0,,0,0,Matches
452,Jadon Sancho,eng ENG,FW,Chelsea,24,2000,19.6,3,24,8,33.3,1.22,0.41,0.13,0.38,15.1,0,0,0,2.2,2.2,0.09,0.8,0.8,Matches
453,Ibrahim Sangaré,ci CIV,MF,Nott'ham Forest,26,1997,6.6,0,1,1,100,0.15,0.15,0,0,32,0,0,0,0,0,0.02,0,0,Matches
454,Pablo Sarabia,es ESP,"MF,FW",Wolves,32,1992,9,3,17,8,47.1,1.88,0.88,0.18,0.38,18.9,2,0,0,2.9,2.9,0.17,0.1,0.1,Matches
455,Jeremy Sarmiento,ec ECU,MF,Brighton,22,2002,0.1,0,0,0,,0,0,,,,0,0,0,0,0,,0,0,Matches
456,Ismaila Sarr,sn SEN,MF,Crystal Palace,26,1998,30.1,8,59,29,49.2,1.96,0.96,0.14,0.28,13.2,0,0,0,10.7,10.7,0.19,-2.7,-2.7,Matches
457,Sávio,br BRA,"FW,MF",Manchester City,20,2004,19.6,1,55,21,38.2,2.8,1.07,0.02,0.05,17.6,1,0,0,5,5,0.09,-4,-4,Matches
458,Oliver Scarles,eng ENG,"DF,FW",West Ham,18,2005,7.4,0,3,0,0,0.41,0,0,,20.2,0,0,0,0.1,0.1,0.04,-0.1,-0.1,Matches
459,Dane Scarlett,eng ENG,"FW,MF",Tottenham,20,2004,0.4,0,1,1,100,2.65,2.65,0,0,13.9,0,0,0,0,0,0.04,0,0,Matches
460,Kevin Schade,de GER,FW,Brentford,22,2001,25.5,11,55,27,49.1,2.16,1.06,0.2,0.41,11.5,0,0,0,8.2,8.2,0.15,2.8,2.8,Matches
461,Fabian Schär,ch SUI,DF,Newcastle Utd,32,1991,32.6,4,40,11,27.5,1.23,0.34,0.1,0.36,19.8,5,0,0,3.7,3.7,0.09,0.3,0.3,Matches
462,Jeffrey Schlupp,gh GHA,"MF,DF",Crystal Palace,31,1992,1.1,0,4,2,50,3.5,1.75,0,0,17.7,0,0,0,0.2,0.2,0.04,-0.2,-0.2,Matches
463,Alex Scott,eng ENG,MF,Bournemouth,20,2003,8.4,0,15,6,40,1.79,0.72,0,0,21.1,1,0,0,0.7,0.7,0.05,-0.7,-0.7,Matches
464,Matz Sels,be BEL,GK,Nott'ham Forest,32,1992,38,0,0,0,,0,0,,,,0,0,0,0,0,,0,0,Matches
465,Nélson Semedo,pt POR,DF,Wolves,30,1993,32.1,0,18,7,38.9,0.56,0.22,0,0,23.9,0,0,0,0.9,0.9,0.05,-0.9,-0.9,Matches
466,Antoine Semenyo,gh GHA,FW,Bournemouth,24,2000,35.6,11,125,40,32,3.51,1.12,0.09,0.28,17,0,0,0,10,10,0.08,1,1,Matches
467,Marcos Senesi,ar ARG,DF,Bournemouth,27,1997,12.3,0,3,0,0,0.24,0,0,,7.9,0,0,0,0.8,0.8,0.28,-0.8,-0.8,Matches
468,Ryan Sessegnon,eng ENG,"FW,DF",Fulham,24,2000,6.4,4,14,8,57.1,2.17,1.24,0.29,0.5,12.8,0,0,0,1.6,1.6,0.12,2.4,2.4,Matches
469,Luke Shaw,eng ENG,DF,Manchester Utd,29,1995,3.9,0,1,0,0,0.26,0,0,,23.1,0,0,0,0,0,0.03,0,0,Matches
470,Zain Silcott-Duberry,ms MSR,FW,Bournemouth,19,2005,0,0,0,0,,0,0,,,,0,0,0,0,0,,0,0,Matches
471,Bernardo Silva,pt POR,"MF,FW",Manchester City,29,1994,29.7,4,32,11,34.4,1.08,0.37,0.13,0.36,12.4,0,0,0,3.9,3.9,0.12,0.1,0.1,Matches
472,Jota Silva,pt POR,"FW,MF",Nott'ham Forest,24,1999,9.5,3,23,7,30.4,2.42,0.74,0.13,0.43,14.5,0,0,0,2.1,2.1,0.09,0.9,0.9,Matches
473,Eric da Silva Moreira,de GER,"MF,DF",Nott'ham Forest,18,2006,0.3,0,0,0,,0,0,,,,0,0,0,0,0,,0,0,Matches
474,Jahmai Simpson-Pusey,eng ENG,DF,Manchester City,18,2005,1.1,0,0,0,,0,0,,,,0,0,0,0,0,,0,0,Matches
475,Luis Sinisterra,co COL,"FW,MF",Bournemouth,25,1999,2.6,1,13,6,46.2,4.96,2.29,0.08,0.17,14.8,0,0,0,1.2,1.2,0.09,-0.2,-0.2,Matches
Rk,Player,Nation,Pos,Squad,Age,Born,90s,Gls,Sh,SoT,SoT%,Sh/90,SoT/90,G/Sh,G/SoT,Dist,FK,PK,PKatt,xG,npxG,npxG/Sh,G-xG,np:G-xG,Matches
476,Oliver Skipp,eng ENG,MF,Leicester City,23,2000,12.5,0,5,1,20,0.4,0.08,0,0,19.4,0,0,0,0.4,0.4,0.07,-0.4,-0.4,Matches
477,William Smallbone,ie IRL,MF,Southampton,24,2000,7.7,1,7,1,14.3,0.91,0.13,0.14,1,17.6,1,0,0,0.6,0.6,0.08,0.4,0.4,Matches
478,Adam Smith,eng ENG,DF,Bournemouth,33,1991,17.7,0,3,0,0,0.17,0,0,,16.9,0,0,0,0.7,0.7,0.22,-0.7,-0.7,Matches
479,Emile Smith Rowe,eng ENG,MF,Fulham,24,2000,22.7,6,37,11,29.7,1.63,0.48,0.16,0.55,16,0,0,0,4.5,4.5,0.12,1.5,1.5,Matches
480,Dominic Solanke,eng ENG,FW,Tottenham,26,1997,24.5,9,59,24,40.7,2.41,0.98,0.14,0.33,12.4,0,1,1,10.9,10.1,0.17,-1.9,-2.1,Matches
481,Carlos Soler,es ESP,"MF,FW",West Ham,27,1997,15.7,1,25,8,32,1.6,0.51,0.04,0.13,19,1,0,0,1.8,1.8,0.07,-0.8,-0.8,Matches
482,Julio Soler,ar ARG,"DF,FW",Bournemouth,19,2005,0.1,0,0,0,,0,0,,,,0,0,0,0,0,,0,0,Matches
483,Ramón Sosa,py PAR,"FW,MF",Nott'ham Forest,24,1999,3.3,1,11,5,45.5,3.36,1.53,0.09,0.2,18.6,0,0,0,1,1,0.09,0,0,Matches
484,Tomáš Souček,cz CZE,MF,West Ham,29,1995,28.5,9,55,17,30.9,1.93,0.6,0.16,0.53,11.9,0,0,0,6.7,6.7,0.13,2.3,2.3,Matches
485,Boubakary Soumaré,fr FRA,MF,Leicester City,25,1999,24.1,0,7,0,0,0.29,0,0,,23.4,0,0,0,0.3,0.3,0.04,-0.3,-0.3,Matches
486,Djed Spence,eng ENG,DF,Tottenham,23,2000,19.9,1,10,3,30,0.5,0.15,0.1,0.33,23.9,0,0,0,0.6,0.6,0.06,0.4,0.4,Matches
487,Jay Stansfield,eng ENG,MF,Fulham,21,2002,0,0,0,0,,0,0,,,,0,0,0,0,0,,0,0,Matches
488,Jason Steele,eng ENG,GK,Brighton,33,1990,2,0,0,0,,0,0,,,,0,0,0,0,0,,0,0,Matches
489,Jack Stephens,eng ENG,DF,Southampton,30,1994,15.4,1,4,2,50,0.26,0.13,0.25,0.5,11,0,0,0,0.6,0.6,0.14,0.4,0.4,Matches
490,Raheem Sterling,eng ENG,"FW,MF",Arsenal,29,1994,5.5,0,11,0,0,1.98,0,0,,15.1,2,0,0,1.4,1.4,0.13,-1.4,-1.4,Matches
491,Ross Stewart,sct SCO,FW,Southampton,28,1996,4.3,1,9,2,22.2,2.08,0.46,0.11,0.5,10.8,0,0,0,1.1,1.1,0.12,-0.1,-0.1,Matches
492,Jakub Stolarczyk,pl POL,GK,Leicester City,23,2000,10,0,0,0,,0,0,,,,0,0,0,0,0,,0,0,Matches
493,John Stones,eng ENG,"DF,MF",Manchester City,30,1994,6.1,2,2,2,100,0.33,0.33,1,1,5.1,0,0,0,0.4,0.4,0.22,1.6,1.6,Matches
494,Jørgen Strand Larsen,no NOR,FW,Wolves,24,2000,28.7,14,54,33,61.1,1.88,1.15,0.26,0.42,11.3,0,0,0,10.3,10.3,0.19,3.7,3.7,Matches
495,Yukinari Sugawara,jp JPN,"DF,MF",Southampton,24,2000,17.3,1,14,5,35.7,0.81,0.29,0.07,0.2,20.2,1,0,0,0.5,0.5,0.03,0.5,0.5,Matches
496,Kamaldeen Sulemana,gh GHA,"FW,MF",Southampton,22,2002,15.6,1,29,8,27.6,1.86,0.51,0.03,0.13,18.6,0,0,0,1.5,1.5,0.05,-0.5,-0.5,Matches
497,Crysencio Summerville,nl NED,"FW,MF",West Ham,22,2001,8.7,1,14,4,28.6,1.6,0.46,0.07,0.25,13.4,0,0,0,1.6,1.6,0.12,-0.6,-0.6,Matches
498,Sammie Szmodics,ie IRL,"FW,MF",Ipswich Town,28,1995,11,4,21,12,57.1,1.91,1.09,0.19,0.33,14,0,0,0,3.4,3.4,0.16,0.6,0.6,Matches
499,Dominik Szoboszlai,hu HUN,MF,Liverpool,23,2000,27.7,6,67,22,32.8,2.42,0.79,0.09,0.27,18.9,4,0,0,7.3,7.3,0.11,-1.3,-1.3,Matches
500,Matt Targett,eng ENG,DF,Newcastle Utd,28,1995,0.2,0,0,0,,0,0,,,,0,0,0,0,0,,0,0,Matches
Rk,Player,Nation,Pos,Squad,Age,Born,90s,Gls,Sh,SoT,SoT%,Sh/90,SoT/90,G/Sh,G/SoT,Dist,FK,PK,PKatt,xG,npxG,npxG/Sh,G-xG,np:G-xG,Matches
501,James Tarkowski,eng ENG,DF,Everton,31,1992,32.5,1,15,4,26.7,0.46,0.12,0.07,0.25,8.4,0,0,0,1.3,1.3,0.09,-0.3,-0.3,Matches
502,Marcus Tavernier,eng ENG,"FW,MF",Bournemouth,25,1999,21.5,3,57,17,29.8,2.65,0.79,0.05,0.18,21.1,4,0,0,5.5,5.5,0.1,-2.5,-2.5,Matches
503,Charlie Taylor,eng ENG,DF,Southampton,30,1993,4,0,0,0,,0,0,,,,0,0,0,0,0,,0,0,Matches
504,Jack Taylor,ie IRL,MF,Ipswich Town,26,1998,9.6,1,19,4,21.1,1.99,0.42,0.05,0.25,23.9,0,0,0,0.7,0.7,0.04,0.3,0.3,Matches
505,Mathys Tel,fr FRA,FW,Tottenham,19,2005,10.1,2,22,8,36.4,2.17,0.79,0.05,0.13,16,1,1,1,3,2.2,0.1,-1,-1.2,Matches
506,Kenny Tete,nl NED,DF,Fulham,28,1995,19.7,0,24,2,8.3,1.22,0.1,0,0,15.5,0,0,0,1.4,1.4,0.06,-1.4,-1.4,Matches
507,Thiago,br BRA,"FW,MF",Brentford,23,2001,1.9,0,2,0,0,1.03,0,0,,14.8,0,0,0,0.1,0.1,0.06,-0.1,-0.1,Matches
508,Luke Thomas,eng ENG,DF,Leicester City,23,2001,12.3,0,5,0,0,0.41,0,0,,16.8,0,0,0,0.4,0.4,0.07,-0.4,-0.4,Matches
509,Youri Tielemans,be BEL,MF,Aston Villa,27,1997,33.6,3,40,12,30,1.19,0.36,0.08,0.25,20.1,0,0,1,3.3,2.5,0.06,-0.3,0.5,Matches
510,Kieran Tierney,sct SCO,"DF,FW",Arsenal,27,1997,2.9,1,2,1,50,0.69,0.35,0.5,1,4.1,0,0,0,0.4,0.4,0.18,0.6,0.6,Matches
511,Jurriën Timber,nl NED,DF,Arsenal,23,2001,26.9,1,14,4,28.6,0.52,0.15,0.07,0.25,14.1,0,0,0,1.2,1.2,0.09,-0.2,-0.2,Matches
512,Jean-Clair Todibo,fr FRA,DF,West Ham,24,1999,20.3,0,5,0,0,0.25,0,0,,12.8,0,0,0,0.4,0.4,0.07,-0.4,-0.4,Matches
513,Harry Toffolo,eng ENG,DF,Nott'ham Forest,28,1995,1.5,0,1,0,0,0.66,0,0,,28.5,0,0,0,0,0,0.02,0,0,Matches
514,Takehiro Tomiyasu,jp JPN,DF,Arsenal,25,1998,0.1,0,1,0,0,12.86,0,0,,1.2,0,0,0,0.2,0.2,0.18,-0.2,-0.2,Matches
515,Sandro Tonali,it ITA,MF,Newcastle Utd,24,2000,29.2,4,35,12,34.3,1.2,0.41,0.11,0.33,19.6,3,0,0,4.4,4.4,0.13,-0.4,-0.4,Matches
516,Pau Torres,es ESP,DF,Aston Villa,27,1997,22.4,0,8,2,25,0.36,0.09,0,0,11.7,0,0,0,0.5,0.5,0.06,-0.5,-0.5,Matches
517,Conor Townsend,eng ENG,DF,Ipswich Town,31,1993,3.7,0,1,0,0,0.27,0,0,,16.7,0,0,0,0,0,0.03,0,0,Matches
518,Adama Traoré,es ESP,"FW,MF",Fulham,28,1996,19.7,2,39,12,30.8,1.98,0.61,0.05,0.17,14.2,0,0,0,4,4,0.1,-2,-2,Matches
519,Boubacar Traoré,ml MLI,MF,Wolves,22,2001,0,0,0,0,,0,0,,,,0,0,0,0,0,,0,0,Matches
520,Mark Travers,ie IRL,GK,Bournemouth,25,1999,5,0,0,0,,0,0,,,,0,0,0,0,0,,0,0,Matches
521,Ryan Trevitt,eng ENG,MF,Brentford,21,2003,0,0,0,0,,0,0,,,,0,0,0,0,0,,0,0,Matches
522,Kieran Trippier,eng ENG,DF,Newcastle Utd,33,1990,14.5,0,4,0,0,0.28,0,0,,23.6,2,0,0,0.1,0.1,0.03,-0.1,-0.1,Matches
523,Leandro Trossard,be BEL,FW,Arsenal,29,1994,28.3,8,72,21,29.2,2.55,0.74,0.11,0.38,15.9,0,0,0,7.2,7.2,0.1,0.8,0.8,Matches
524,Kostas Tsimikas,gr GRE,DF,Liverpool,28,1996,9.3,0,4,2,50,0.43,0.22,0,0,16.1,0,0,0,0.4,0.4,0.1,-0.4,-0.4,Matches
525,Axel Tuanzebe,cd COD,DF,Ipswich Town,26,1997,19,0,4,0,0,0.21,0,0,,15.7,0,0,0,0.2,0.2,0.05,-0.2,-0.2,Matches
Rk,Player,Nation,Pos,Squad,Age,Born,90s,Gls,Sh,SoT,SoT%,Sh/90,SoT/90,G/Sh,G/SoT,Dist,FK,PK,PKatt,xG,npxG,npxG/Sh,G-xG,np:G-xG,Matches
526,Destiny Udogie,it ITA,DF,Tottenham,21,2002,21.4,0,5,1,20,0.23,0.05,0,0,15.1,0,0,0,0.3,0.3,0.06,-0.3,-0.3,Matches
527,Manuel Ugarte,uy URU,MF,Manchester Utd,23,2001,19.8,1,19,4,21.1,0.96,0.2,0.05,0.25,21.7,0,0,0,1,1,0.05,0,0,Matches
528,Lesley Ugochukwu,fr FRA,MF,Southampton,20,2004,18.4,1,10,1,10,0.54,0.05,0.1,1,17,0,0,0,0.9,0.9,0.09,0.1,0.1,Matches
529,Enes Ünal,tr TUR,"FW,MF",Bournemouth,27,1997,3.8,2,20,7,35,5.22,1.83,0.1,0.29,14.6,3,0,0,2.7,2.7,0.14,-0.7,-0.7,Matches
530,Hákon Valdimarsson,is ISL,GK,Brentford,22,2001,1.6,0,0,0,,0,0,,,,0,0,0,0,0,,0,0,Matches
531,Virgil van Dijk,nl NED,DF,Liverpool,33,1991,37,3,27,8,29.6,0.73,0.22,0.11,0.38,13.1,1,0,0,2.2,2.2,0.08,0.8,0.8,Matches
532,Jamie Vardy,eng ENG,FW,Leicester City,37,1987,31.4,9,56,23,41.1,1.79,0.73,0.14,0.35,12.1,1,1,2,11.2,9.6,0.17,-2.2,-1.6,Matches
533,Renato Veiga,pt POR,"DF,MF",Chelsea,21,2003,2,0,3,1,33.3,1.49,0.5,0,0,17.1,0,0,0,0.1,0.1,0.05,-0.1,-0.1,Matches
534,Joël Veltman,nl NED,DF,Brighton,32,1992,18.9,0,6,1,16.7,0.32,0.05,0,0,19.7,0,0,0,0.5,0.5,0.08,-0.5,-0.5,Matches
535,Micky van de Ven,nl NED,DF,Tottenham,23,2001,11.3,0,6,2,33.3,0.53,0.18,0,0,11.1,0,0,0,0.6,0.6,0.09,-0.6,-0.6,Matches
536,Bart Verbruggen,nl NED,GK,Brighton,21,2002,36,0,0,0,,0,0,,,,0,0,0,0,0,,0,0,Matches
537,Jannik Vestergaard,dk DEN,DF,Leicester City,31,1992,15.5,0,3,2,66.7,0.19,0.13,0,0,9.7,0,0,0,0.1,0.1,0.03,-0.1,-0.1,Matches
538,Guglielmo Vicario,it ITA,GK,Tottenham,27,1996,24,0,0,0,,0,0,,,,0,0,0,0,0,,0,0,Matches
539,Carlos Vinícius,br BRA,"MF,FW",Fulham,29,1995,0.2,0,1,1,100,5.63,5.63,0,0,17.4,0,0,0,0,0,0.04,0,0,Matches
540,Kyle Walker,eng ENG,DF,Manchester City,34,1990,10.8,0,5,2,40,0.46,0.19,0,0,27.7,0,0,0,0.1,0.1,0.03,-0.1,-0.1,Matches
541,Kyle Walker-Peters,eng ENG,DF,Southampton,27,1997,32.4,0,20,6,30,0.62,0.19,0,0,18.3,0,0,0,0.8,0.8,0.04,-0.8,-0.8,Matches
542,Christian Walton,eng ENG,GK,Ipswich Town,28,1995,7,0,0,0,,0,0,,,,0,0,0,0,0,,0,0,Matches
543,Aaron Wan-Bissaka,cd COD,DF,West Ham,26,1997,35,2,16,5,31.3,0.46,0.14,0.13,0.4,15.1,0,0,0,1.2,1.2,0.07,0.8,0.8,Matches
544,Danny Ward,wls WAL,GK,Leicester City,31,1993,1.5,0,0,0,,0,0,,,,0,0,0,0,0,,0,0,Matches
545,Joel Ward,eng ENG,DF,Crystal Palace,34,1989,0.8,0,0,0,,0,0,,,,0,0,0,0,0,,0,0,Matches
546,James Ward-Prowse,eng ENG,MF,West Ham,29,1994,11.5,1,13,5,38.5,1.13,0.43,0.08,0.2,19.9,3,0,0,1.6,1.6,0.13,-0.6,-0.6,Matches
547,James Ward-Prowse,eng ENG,MF,Nott'ham Forest,29,1994,4.4,0,2,1,50,0.45,0.23,0,0,29,1,0,0,0.1,0.1,0.03,-0.1,-0.1,Matches
548,Ollie Watkins,eng ENG,FW,Aston Villa,28,1995,28.9,16,82,36,43.9,2.84,1.25,0.17,0.39,12.1,0,2,2,15.3,13.8,0.17,0.7,0.2,Matches
549,Adam Webster,eng ENG,DF,Brighton,29,1995,9.9,0,5,1,20,0.51,0.1,0,0,10.8,0,0,0,0.2,0.2,0.05,-0.2,-0.2,Matches
550,Danny Welbeck,eng ENG,FW,Brighton,33,1990,23.5,10,59,23,39,2.51,0.98,0.15,0.39,15.3,9,1,1,9.6,8.8,0.15,0.4,0.2,Matches
Rk,Player,Nation,Pos,Squad,Age,Born,90s,Gls,Sh,SoT,SoT%,Sh/90,SoT/90,G/Sh,G/SoT,Dist,FK,PK,PKatt,xG,npxG,npxG/Sh,G-xG,np:G-xG,Matches
551,Welington,br BRA,DF,Southampton,23,2001,5.4,0,3,0,0,0.56,0,0,,31.3,0,0,0,0,0,0.01,0,0,Matches
552,Timo Werner,de GER,"FW,MF",Tottenham,28,1996,5.7,0,8,3,37.5,1.4,0.52,0,0,18.2,0,0,0,1,1,0.12,-1,-1,Matches
553,Adam Wharton,eng ENG,MF,Crystal Palace,20,2004,14.6,0,13,5,38.5,0.89,0.34,0,0,25.4,0,0,0,0.4,0.4,0.03,-0.4,-0.4,Matches
554,Ben White,eng ENG,DF,Arsenal,26,1997,13.3,0,9,2,22.2,0.68,0.15,0,0,19.4,0,0,0,0.5,0.5,0.05,-0.5,-0.5,Matches
555,Mats Wieffer,nl NED,"DF,MF",Brighton,24,1999,11.3,1,9,4,44.4,0.8,0.35,0.11,0.25,13.2,0,0,0,0.8,0.8,0.08,0.2,0.2,Matches
556,Neco Williams,wls WAL,DF,Nott'ham Forest,23,2001,28.8,1,37,7,18.9,1.28,0.24,0.03,0.14,20.2,1,0,0,2.3,2.3,0.06,-1.3,-1.3,Matches
557,Willian,br BRA,"FW,MF",Fulham,35,1988,2.9,0,7,0,0,2.45,0,0,,22.1,0,0,0,0.3,0.3,0.04,-0.3,-0.3,Matches
558,Joe Willock,eng ENG,"MF,FW",Newcastle Utd,24,1999,12.1,0,18,3,16.7,1.49,0.25,0,0,15.1,0,0,0,1.6,1.6,0.09,-1.6,-1.6,Matches
559,Callum Wilson,eng ENG,FW,Newcastle Utd,32,1992,4.1,0,6,1,16.7,1.46,0.24,0,0,15.4,0,0,0,0.4,0.4,0.06,-0.4,-0.4,Matches
560,Harry Wilson,wls WAL,"FW,MF",Fulham,27,1997,12.9,6,43,17,39.5,3.33,1.32,0.14,0.35,18,1,0,0,4.2,4.2,0.1,1.8,1.8,Matches
561,Harry Winks,eng ENG,MF,Leicester City,28,1996,17.1,0,10,4,40,0.59,0.23,0,0,29.2,0,0,0,0.2,0.2,0.02,-0.2,-0.2,Matches
562,Ben Winterburn,eng ENG,"MF,FW",Bournemouth,19,2004,0.3,0,0,0,,0,0,,,,0,0,0,0,0,,0,0,Matches
563,Yoane Wissa,cd COD,FW,Brentford,27,1996,32.4,19,90,41,45.6,2.77,1.26,0.21,0.46,13.2,0,0,0,18.5,18.5,0.21,0.5,0.5,Matches
564,Chris Wood,nz NZL,FW,Nott'ham Forest,32,1991,32.9,20,65,32,49.2,1.98,0.97,0.26,0.53,13.5,0,3,3,13.4,11,0.17,6.6,6,Matches
565,Nathan Wood-Gordon,eng ENG,DF,Southampton,22,2002,8.6,0,2,0,0,0.23,0,0,,5.9,0,0,0,0.2,0.2,0.12,-0.2,-0.2,Matches
566,Luke Woolfenden,eng ENG,DF,Ipswich Town,25,1998,13.2,0,1,0,0,0.08,0,0,,12.9,0,0,0,0,0,0.03,0,0,Matches
567,Yehor Yarmoliuk,ua UKR,MF,Brentford,20,2004,16.1,0,9,2,22.2,0.56,0.12,0,0,15.9,0,0,0,0.6,0.6,0.07,-0.6,-0.6,Matches
568,Ryan Yates,eng ENG,MF,Nott'ham Forest,26,1997,21.3,2,33,9,27.3,1.55,0.42,0.06,0.22,19.6,0,0,0,2.3,2.3,0.07,-0.3,-0.3,Matches
569,Leny Yoro,fr FRA,DF,Manchester Utd,18,2005,12.9,0,5,1,20,0.39,0.08,0,0,8.6,0,0,0,0.7,0.7,0.15,-0.7,-0.7,Matches
570,Ashley Young,eng ENG,DF,Everton,39,1985,20.8,1,6,3,50,0.29,0.14,0.17,0.33,24.5,3,0,0,0.3,0.3,0.04,0.7,0.7,Matches
571,Illia Zabarnyi,ua UKR,DF,Bournemouth,21,2002,34.5,0,12,1,8.3,0.35,0.03,0,0,9.8,0,0,0,1.3,1.3,0.11,-1.3,-1.3,Matches
572,Oleksandr Zinchenko,ua UKR,"DF,MF",Arsenal,27,1996,5.9,0,10,0,0,1.71,0,0,,19.6,1,0,0,0.6,0.6,0.07,-0.6,-0.6,Matches
573,Joshua Zirkzee,nl NED,"FW,MF",Manchester Utd,23,2001,15.6,3,28,11,39.3,1.8,0.71,0.11,0.27,13.1,0,0,0,4.8,4.8,0.17,-1.8,-1.8,Matches
574,Martin Ødegaard,no NOR,MF,Arsenal,25,1998,25.8,3,48,15,31.3,1.86,0.58,0.04,0.13,19.2,3,1,1,4.8,4,0.08,-1.8,-2,Matches